"CHROM"	"POS"	"REF"	"ALT"	"ReadGroup"	"SNVCountForward"	"SNVCountReverse"	"RefCountForward"	"RefCountReverse"	"SNVCount"	"RefCount"	"GoodReads"	"X.BadRead"	"VAF"	"SNV"
1	152032509	"A"	"G"	"TGATTTCTCAACCATG"	0	0	0	3	0	3	3	0	0	"1_152032509_A_G"
1	152032509	"A"	"G"	"TCAGCAATCTTTAGTC"	0	0	0	1	0	1	1	0	0	"1_152032509_A_G"
1	152032509	"A"	"G"	"AGATTGCGTGTGACCC"	0	0	0	2	0	2	2	0	0	"1_152032509_A_G"
1	152032509	"A"	"G"	"CGTTAGAGTCATATCG"	0	0	0	3	0	3	3	0	0	"1_152032509_A_G"
1	152032509	"A"	"G"	"ATCGAGTCAAGCCATT"	0	0	0	3	0	3	3	0	0	"1_152032509_A_G"
1	152032509	"A"	"G"	"CGTGTAAAGTAAGTAC"	0	0	0	1	0	1	1	0	0	"1_152032509_A_G"
1	152032509	"A"	"G"	"CGTCTACTCAGGCAAG"	0	0	0	1	0	1	1	0	0	"1_152032509_A_G"
1	152032509	"A"	"G"	"CGTGTAAAGAGATGAG"	0	0	0	2	0	2	2	0	0	"1_152032509_A_G"
1	152032509	"A"	"G"	"TCAGCTCAGTTCGATC"	0	0	0	2	0	2	2	0	0	"1_152032509_A_G"
1	152032509	"A"	"G"	"CCGTGGATCCTTGGTC"	0	0	0	1	0	1	1	0	0	"1_152032509_A_G"
1	152032509	"A"	"G"	"TGCACCTCACATTAGC"	0	0	0	3	0	3	3	0	0	"1_152032509_A_G"
1	152032509	"A"	"G"	"CTGCCTAGTTGAACTC"	0	0	0	3	0	3	3	0	0	"1_152032509_A_G"
1	152032509	"A"	"G"	"AGATCTGAGTTAAGTG"	0	0	0	12	0	12	12	0	0	"1_152032509_A_G"
1	152032509	"A"	"G"	"AGATCTGCAAGAAGAG"	0	0	0	1	0	1	1	0	0	"1_152032509_A_G"
1	152032509	"A"	"G"	"ATCGAGTCAGACGCAA"	0	0	0	2	0	2	2	0	0	"1_152032509_A_G"
1	152032509	"A"	"G"	"TCACGAATCGGACAAG"	0	0	0	6	0	6	6	0	0	"1_152032509_A_G"
1	152032509	"A"	"G"	"CGTGTAAAGATATGGT"	0	1	0	4	1	4	5	0	0.2	"1_152032509_A_G"
1	152032509	"A"	"G"	"TGCACCTGTAATTGGA"	0	0	0	1	0	1	1	0	0	"1_152032509_A_G"
1	152032509	"A"	"G"	"TCACGAATCGGCGCAT"	0	0	0	1	0	1	1	0	0	"1_152032509_A_G"
1	152032509	"A"	"G"	"TGCCAAACAGCCTTGG"	0	1	0	1	1	1	2	0	0.5	"1_152032509_A_G"
1	152032509	"A"	"G"	"TGATTTCCAAGAGGCT"	0	1	0	0	1	0	1	0	1	"1_152032509_A_G"
1	152032509	"A"	"G"	"ATCGAGTCACACAGAG"	0	0	0	3	0	3	3	0	0	"1_152032509_A_G"
1	152032509	"A"	"G"	"TGAGGGACAAGCTGAG"	0	0	0	0	0	0	1	0	NA	"1_152032509_A_G"
1	152032509	"A"	"G"	"TCAGCAAAGAATAGGG"	0	0	0	1	0	1	1	0	0	"1_152032509_A_G"
1	152032509	"A"	"G"	"CGTTGGGGTCACCCAG"	0	0	0	1	0	1	1	0	0	"1_152032509_A_G"
1	152032509	"A"	"G"	"CGTCTACGTGCAGACA"	0	0	0	1	0	1	1	0	0	"1_152032509_A_G"
1	152032509	"A"	"G"	"ATCTACTAGATGTTAG"	0	0	0	4	0	4	4	0	0	"1_152032509_A_G"
1	152032509	"A"	"G"	"CTGCTGTAGGGTCTCC"	0	0	0	3	0	3	3	0	0	"1_152032509_A_G"
1	152032509	"A"	"G"	"AGAGTGGGTGTGAAAT"	0	0	0	0	0	0	1	0	NA	"1_152032509_A_G"
1	152032509	"A"	"G"	"ATCTACTAGCTAACTC"	0	0	0	0	0	0	1	0	NA	"1_152032509_A_G"
1	152032509	"A"	"G"	"CTTAGGAAGAGATGAG"	0	0	0	11	0	11	11	8.33333333333333	0	"1_152032509_A_G"
1	152032509	"A"	"G"	"TGCCAAAGTCGCATAT"	0	1	0	14	1	14	15	6.25	0.0666666666666667	"1_152032509_A_G"
1	152032509	"A"	"G"	"CGTCTACTCAAGGTAA"	0	0	0	1	0	1	1	0	0	"1_152032509_A_G"
1	152032509	"A"	"G"	"CCTACCAGTCCGAATT"	0	0	0	3	0	3	3	0	0	"1_152032509_A_G"
1	152032509	"A"	"G"	"ATCTACTAGCCCGAAA"	0	0	0	1	0	1	1	0	0	"1_152032509_A_G"
1	152032509	"A"	"G"	"GTGAAGGAGAACTGTA"	0	0	0	2	0	2	2	0	0	"1_152032509_A_G"
1	152032509	"A"	"G"	"TATGCCCAGATCGATA"	0	0	0	1	0	1	1	0	0	"1_152032509_A_G"
1	152032509	"A"	"G"	"GTGCAGCAGGCTACGA"	0	0	0	1	0	1	1	0	0	"1_152032509_A_G"
1	152032509	"A"	"G"	"CTGTGCTCAATCAGAA"	0	0	0	1	0	1	1	0	0	"1_152032509_A_G"
1	152032509	"A"	"G"	"GATGAAACATAGGATA"	0	1	0	6	1	6	7	0	0.142857142857143	"1_152032509_A_G"
1	152032509	"A"	"G"	"TCAATCTTCGATGAGG"	0	0	0	3	0	3	4	0	0	"1_152032509_A_G"
1	152032509	"A"	"G"	"GTGCAGCCATCTATGG"	0	0	0	3	0	3	3	0	0	"1_152032509_A_G"
1	152032509	"A"	"G"	"TCAATCTCAGGCAGTA"	0	0	0	0	0	0	1	0	NA	"1_152032509_A_G"
1	152032509	"A"	"G"	"CTGCGGAGTTACGGAG"	0	0	0	1	0	1	1	0	0	"1_152032509_A_G"
1	152032509	"A"	"G"	"AGAGCGACATCCGCGA"	0	0	0	5	0	5	5	0	0	"1_152032509_A_G"
1	152032509	"A"	"G"	"AGAGCGAGTTAAAGTG"	0	0	0	2	0	2	2	0	0	"1_152032509_A_G"
1	152032509	"A"	"G"	"AGAGCGATCATGTCCC"	0	0	0	3	0	3	3	0	0	"1_152032509_A_G"
1	152032509	"A"	"G"	"CTGTGCTGTTCCACGG"	0	3	0	1	3	1	4	0	0.75	"1_152032509_A_G"
1	152032509	"A"	"G"	"CTGCGGACATGCATGT"	0	0	0	1	0	1	5	0	0	"1_152032509_A_G"
1	152032509	"A"	"G"	"ATCGAGTGTCTAAACC"	0	1	0	1	1	1	3	0	0.5	"1_152032509_A_G"
1	152032509	"A"	"G"	"CTTAGGAAGCAAATCA"	0	2	0	5	2	5	7	0	0.285714285714286	"1_152032509_A_G"
1	152032509	"A"	"G"	"CCGTTCATCGAGCCCA"	0	2	0	0	2	0	2	0	1	"1_152032509_A_G"
1	152032509	"A"	"G"	"CTTAGGATCGCATGAT"	0	0	0	1	0	1	1	0	0	"1_152032509_A_G"
1	152032509	"A"	"G"	"TATGCCCCAGGAACGT"	0	2	0	13	2	13	15	6.25	0.133333333333333	"1_152032509_A_G"
1	152032509	"A"	"G"	"GATGAAATCTTATCTG"	0	0	0	1	0	1	1	0	0	"1_152032509_A_G"
1	152032509	"A"	"G"	"CTAACTTTCGCCGTGA"	0	0	0	1	0	1	1	0	0	"1_152032509_A_G"
1	152032509	"A"	"G"	"GTGCAGCCACCCTATC"	0	1	0	6	1	6	7	0	0.142857142857143	"1_152032509_A_G"
1	152032509	"A"	"G"	"CTGCGGAAGGGTATCG"	0	0	0	1	0	1	2	0	0	"1_152032509_A_G"
1	152032509	"A"	"G"	"ATCCACCGTAGCTCCG"	0	0	0	1	0	1	1	0	0	"1_152032509_A_G"
1	152032509	"A"	"G"	"CCTAAAGCATGCATGT"	0	0	0	5	0	5	15	6.25	0	"1_152032509_A_G"
1	152032509	"A"	"G"	"ACATACGCACATGTGT"	0	1	0	0	1	0	1	0	1	"1_152032509_A_G"
1	152032509	"A"	"G"	"ACATCAGGTGTGAAAT"	0	0	0	1	0	1	1	0	0	"1_152032509_A_G"
1	152032509	"A"	"G"	"CCGTGGACATGAACCT"	0	0	0	1	0	1	1	0	0	"1_152032509_A_G"
1	152032509	"A"	"G"	"ATCTACTTCGATCCCT"	0	0	0	1	0	1	1	0	0	"1_152032509_A_G"
1	152032509	"A"	"G"	"CTGATCCCACCAGTTA"	0	0	0	1	0	1	1	0	0	"1_152032509_A_G"
1	152032509	"A"	"G"	"GTCTCGTGTCGGGTCT"	0	0	0	3	0	3	3	0	0	"1_152032509_A_G"
1	152032509	"A"	"G"	"ATCTGCCAGTACGTTC"	0	1	0	0	1	0	1	0	1	"1_152032509_A_G"
1	152032509	"A"	"G"	"TTCGAAGGTATGAAAC"	0	1	0	0	1	0	1	0	1	"1_152032509_A_G"
1	152032509	"A"	"G"	"TTCGAAGTCAGCGATT"	0	0	0	1	0	1	1	0	0	"1_152032509_A_G"
1	152032509	"A"	"G"	"TGCCCATGTTTAGGAA"	0	2	0	6	2	6	10	0	0.25	"1_152032509_A_G"
1	152032509	"A"	"G"	"TATTACCAGTCTCAAC"	0	0	0	1	0	1	1	0	0	"1_152032509_A_G"
1	152032509	"A"	"G"	"GTGCAGCAGTGGACGT"	0	0	0	2	0	2	2	0	0	"1_152032509_A_G"
1	152032509	"A"	"G"	"CCGGTAGCAGGATCGA"	0	3	0	2	3	2	5	0	0.6	"1_152032509_A_G"
1	152032509	"A"	"G"	"AGAGCGATCAACGGGA"	0	0	0	3	0	3	3	0	0	"1_152032509_A_G"
1	152032509	"A"	"G"	"ATCGAGTCAAGAAGAG"	0	0	0	2	0	2	2	0	0	"1_152032509_A_G"
1	152032509	"A"	"G"	"CTGTTTAGTCGATTGT"	0	0	0	1	0	1	1	0	0	"1_152032509_A_G"
1	152032509	"A"	"G"	"GTGTTAGCAGCTGTTA"	0	0	0	6	0	6	6	0	0	"1_152032509_A_G"
1	152032509	"A"	"G"	"TATCTCACAGGGATTG"	0	0	0	4	0	4	4	0	0	"1_152032509_A_G"
1	152032509	"A"	"G"	"GGCTCGATCATTCACT"	0	1	0	1	1	1	2	0	0.5	"1_152032509_A_G"
1	152032509	"A"	"G"	"GTTAAGCCAGCTCCGA"	0	0	0	1	0	1	1	0	0	"1_152032509_A_G"
1	152032509	"A"	"G"	"TTCGGTCAGACGACGT"	0	0	0	1	0	1	1	0	0	"1_152032509_A_G"
1	152032509	"A"	"G"	"CTAACTTCAAAGGTGC"	0	0	0	14	0	14	14	0	0	"1_152032509_A_G"
1	152032509	"A"	"G"	"TGCGCAGCATCATCCC"	0	0	0	1	0	1	1	0	0	"1_152032509_A_G"
1	152032509	"A"	"G"	"TCAACGAAGTGTCTCA"	0	0	0	0	0	0	2	0	NA	"1_152032509_A_G"
1	152032509	"A"	"G"	"TACTCATTCTAACCGA"	0	0	0	1	0	1	1	0	0	"1_152032509_A_G"
1	152032509	"A"	"G"	"CGTCCATAGTCTTGCA"	0	0	0	1	0	1	1	0	0	"1_152032509_A_G"
1	152032509	"A"	"G"	"TGAGCCGGTATGGTTC"	0	1	0	1	1	1	2	0	0.5	"1_152032509_A_G"
1	152032509	"A"	"G"	"CCTAAAGTCCTGCTTG"	0	0	0	2	0	2	2	0	0	"1_152032509_A_G"
1	152032509	"A"	"G"	"ACAGCTAAGGCTATCT"	0	0	0	1	0	1	1	0	0	"1_152032509_A_G"
1	152032509	"A"	"G"	"TCAGCTCTCATCGCTC"	0	0	0	4	0	4	4	0	0	"1_152032509_A_G"
1	152032509	"A"	"G"	"ACTGTCCGTGTGGCTC"	0	0	0	0	0	0	1	0	NA	"1_152032509_A_G"
1	152032509	"A"	"G"	"TATTACCGTTACCGAT"	0	0	0	2	0	2	2	0	0	"1_152032509_A_G"
1	152032509	"A"	"G"	"AAGTCTGGTGTGGCTC"	0	0	0	8	0	8	9	10	0	"1_152032509_A_G"
1	152032509	"A"	"G"	"TTCTCCTCATCCGGGT"	0	0	0	1	0	1	1	0	0	"1_152032509_A_G"
1	152032509	"A"	"G"	"GAACGGAAGGCAATTA"	0	1	0	8	1	8	9	0	0.111111111111111	"1_152032509_A_G"
1	152032509	"A"	"G"	"GGCAATTGTTCAGCGC"	0	0	0	1	0	1	1	0	0	"1_152032509_A_G"
1	152032509	"A"	"G"	"GTGTGCGCAAGGTTCT"	0	0	0	11	0	11	12	7.69230769230769	0	"1_152032509_A_G"
1	152032509	"A"	"G"	"GTGTGCGCAGTAAGCG"	0	0	0	6	0	6	8	0	0	"1_152032509_A_G"
1	152032509	"A"	"G"	"TTGGCAATCCGCTGTT"	0	0	0	1	0	1	1	0	0	"1_152032509_A_G"
1	152032509	"A"	"G"	"ACTTACTTCTGCAGTA"	0	0	0	5	0	5	6	0	0	"1_152032509_A_G"
1	152032509	"A"	"G"	"TGCCCTACACAGGTTT"	0	1	0	1	1	1	3	0	0.5	"1_152032509_A_G"
1	152032509	"A"	"G"	"CGTTGGGGTTCGTCTC"	0	2	0	0	2	0	2	0	1	"1_152032509_A_G"
1	152032509	"A"	"G"	"AAGTCTGGTCATATCG"	0	0	0	6	0	6	6	0	0	"1_152032509_A_G"
1	152032509	"A"	"G"	"TACTCGCGTAGCGTGA"	0	0	0	1	0	1	1	0	0	"1_152032509_A_G"
1	152032509	"A"	"G"	"TACTTACCAAGGGTCA"	0	0	0	3	0	3	4	0	0	"1_152032509_A_G"
1	152032509	"A"	"G"	"TACTTACTCACTATTC"	0	0	0	1	0	1	1	0	0	"1_152032509_A_G"
1	152032509	"A"	"G"	"TACTTACTCATCACCC"	0	0	0	1	0	1	1	0	0	"1_152032509_A_G"
1	152032509	"A"	"G"	"CTGCTGTAGTCGAGTG"	0	0	0	1	0	1	1	0	0	"1_152032509_A_G"
1	152032509	"A"	"G"	"GATTCAGTCAGTTAGC"	0	0	0	2	0	2	2	0	0	"1_152032509_A_G"
1	152032509	"A"	"G"	"CTGAAGTTCCCACTTG"	0	0	0	1	0	1	1	0	0	"1_152032509_A_G"
1	152032509	"A"	"G"	"TTGGCAAAGGATCGCA"	0	1	0	0	1	0	1	0	1	"1_152032509_A_G"
1	152032509	"A"	"G"	"ACTGTCCGTAGAGGAA"	0	0	0	3	0	3	3	0	0	"1_152032509_A_G"
1	152032509	"A"	"G"	"CCCAGTTGTCATGCAT"	0	0	0	5	0	5	5	0	0	"1_152032509_A_G"
1	152032509	"A"	"G"	"CAGAGAGAGTCCATAC"	0	0	0	1	0	1	2	0	0	"1_152032509_A_G"
1	152032509	"A"	"G"	"ACTTGTTCATCCTAGA"	0	1	0	3	1	3	4	0	0.25	"1_152032509_A_G"
1	152032509	"A"	"G"	"TTCTACAGTCATGCCG"	0	0	0	2	0	2	2	0	0	"1_152032509_A_G"
1	152032509	"A"	"G"	"TTCTACAGTGTGTGCC"	0	3	0	0	3	0	3	0	1	"1_152032509_A_G"
1	152032509	"A"	"G"	"CCGGTAGCAAGACGTG"	0	1	0	2	1	2	4	0	0.333333333333333	"1_152032509_A_G"
1	152032509	"A"	"G"	"GATCGCGAGCGATAGC"	0	0	0	1	0	1	1	0	0	"1_152032509_A_G"
1	152032509	"A"	"G"	"GATCGCGGTGAGGGTT"	0	0	0	5	0	5	5	0	0	"1_152032509_A_G"
1	152032509	"A"	"G"	"GATCTAGCAAGTAGTA"	0	1	0	0	1	0	1	0	1	"1_152032509_A_G"
1	152032509	"A"	"G"	"GATGAGGCACTTAAGC"	0	0	0	1	0	1	1	0	0	"1_152032509_A_G"
1	152032509	"A"	"G"	"CTCTACGCAACTTGAC"	0	0	0	1	0	1	2	0	0	"1_152032509_A_G"
1	152032509	"A"	"G"	"GGCAATTAGTAAGTAC"	0	2	0	10	2	10	12	7.69230769230769	0.166666666666667	"1_152032509_A_G"
1	152032509	"A"	"G"	"TATCAGGCATGCATGT"	0	0	0	4	0	4	4	0	0	"1_152032509_A_G"
1	152032509	"A"	"G"	"TTATGCTCATCTCCCA"	0	1	0	2	1	2	3	0	0.333333333333333	"1_152032509_A_G"
1	152032509	"A"	"G"	"AGCAGCCAGCAATATG"	0	0	0	2	0	2	2	0	0	"1_152032509_A_G"
1	152032509	"A"	"G"	"ATCTGCCCAGCTCGAC"	0	0	0	1	0	1	1	0	0	"1_152032509_A_G"
1	152032509	"A"	"G"	"AAGCCGCCAAGTCATC"	0	0	0	3	0	3	3	0	0	"1_152032509_A_G"
1	152032509	"A"	"G"	"ATCTGCCTCGGTGTTA"	0	0	0	1	0	1	1	0	0	"1_152032509_A_G"
1	152032509	"A"	"G"	"CTTTGCGAGGGTGTGT"	0	0	0	1	0	1	1	0	0	"1_152032509_A_G"
1	152032509	"A"	"G"	"GAACCTACAAATACAG"	0	0	0	1	0	1	1	0	0	"1_152032509_A_G"
1	152032509	"A"	"G"	"GAACGGAAGACAGACC"	0	0	0	1	0	1	1	0	0	"1_152032509_A_G"
1	152032509	"A"	"G"	"GATCTAGCACGGTAGA"	0	0	0	4	0	4	4	0	0	"1_152032509_A_G"
1	152032509	"A"	"G"	"CACCTTGTCACGCGGT"	0	0	0	3	0	3	4	0	0	"1_152032509_A_G"
1	152032509	"A"	"G"	"CTCTGGTCAGGCGATA"	0	2	0	0	2	0	2	0	1	"1_152032509_A_G"
1	152032509	"A"	"G"	"TAGTTGGGTATAAACG"	0	0	0	1	0	1	1	0	0	"1_152032509_A_G"
1	152032509	"A"	"G"	"TAGTTGGGTTATTCTC"	0	3	0	0	3	0	3	0	1	"1_152032509_A_G"
1	152032509	"A"	"G"	"TTGCGTCGTAAATACG"	0	0	0	2	0	2	2	0	0	"1_152032509_A_G"
1	152032509	"A"	"G"	"AGATTGCTCTACTTAC"	0	0	0	2	0	2	2	0	0	"1_152032509_A_G"
1	152032509	"A"	"G"	"ACTGTCCCATTCTCAT"	0	0	0	1	0	1	1	0	0	"1_152032509_A_G"
1	152032509	"A"	"G"	"TACGGTAGTACAGTGG"	0	0	0	3	0	3	3	0	0	"1_152032509_A_G"
1	152032509	"A"	"G"	"CTTTGCGCAGCATGAG"	0	0	0	9	0	9	10	9.09090909090909	0	"1_152032509_A_G"
1	152032509	"A"	"G"	"ACGTCAAAGACTTGAA"	0	0	0	2	0	2	2	0	0	"1_152032509_A_G"
1	152032509	"A"	"G"	"GACCTGGGTCTAACGT"	0	2	0	7	2	7	10	0	0.222222222222222	"1_152032509_A_G"
1	152032509	"A"	"G"	"ACGTCAAGTCTCACCT"	0	0	0	4	0	4	4	0	0	"1_152032509_A_G"
1	152032509	"A"	"G"	"ACTATCTAGAGACTAT"	0	0	0	4	0	4	4	0	0	"1_152032509_A_G"
1	152032509	"A"	"G"	"ATCATGGTCGCCGTGA"	0	0	0	1	0	1	1	0	0	"1_152032509_A_G"
1	152032509	"A"	"G"	"CTCTAATTCACCTCGT"	0	0	0	2	0	2	2	0	0	"1_152032509_A_G"
1	152032509	"A"	"G"	"GGATTACAGTGCGATG"	0	0	0	7	0	7	7	0	0	"1_152032509_A_G"
1	152032509	"A"	"G"	"TATCAGGCAATAACGA"	0	0	0	6	0	6	6	0	0	"1_152032509_A_G"
1	152032509	"A"	"G"	"AACTTTCTCCGAAGAG"	0	0	0	3	0	3	3	0	0	"1_152032509_A_G"
1	152032509	"A"	"G"	"CCCAGTTGTCATCCCT"	0	0	0	8	0	8	9	10	0	"1_152032509_A_G"
1	152032509	"A"	"G"	"CACACCTGTAGCGTCC"	0	0	0	1	0	1	1	0	0	"1_152032509_A_G"
1	152032509	"A"	"G"	"TTGTAGGCAAATTGCC"	0	0	0	1	0	1	1	0	0	"1_152032509_A_G"
1	152032509	"A"	"G"	"CTCAGAACAGCTTAAC"	0	0	0	1	0	1	1	0	0	"1_152032509_A_G"
1	152032509	"A"	"G"	"CCCATACTCTTAGAGC"	0	0	0	1	0	1	1	0	0	"1_152032509_A_G"
1	152032509	"A"	"G"	"CCCTCCTAGCTAGTCT"	0	0	0	4	0	4	5	0	0	"1_152032509_A_G"
1	152032509	"A"	"G"	"CGTAGGCGTTCGTTGA"	0	0	0	6	0	6	6	0	0	"1_152032509_A_G"
1	152032509	"A"	"G"	"TGAGCCGAGCCATCGC"	0	0	0	3	0	3	3	0	0	"1_152032509_A_G"
1	152032509	"A"	"G"	"GTGCATAGTGGTACAG"	0	0	0	1	0	1	1	0	0	"1_152032509_A_G"
1	152032509	"A"	"G"	"GTGCGGTAGTTCGCGC"	0	0	0	1	0	1	1	0	0	"1_152032509_A_G"
1	152032509	"A"	"G"	"TAGCCGGGTGTTGAGG"	0	0	0	1	0	1	1	0	0	"1_152032509_A_G"
1	152032509	"A"	"G"	"CACCTTGCAAGCCATT"	0	0	0	3	0	3	3	0	0	"1_152032509_A_G"
1	152032509	"A"	"G"	"TTGCGTCAGACATAAC"	0	0	0	2	0	2	2	0	0	"1_152032509_A_G"
1	152032509	"A"	"G"	"CACCTTGTCAGCTGGC"	0	1	0	8	1	8	9	10	0.111111111111111	"1_152032509_A_G"
1	152032509	"A"	"G"	"ACTGTCCCAGCTGTAT"	0	2	0	0	2	0	2	0	1	"1_152032509_A_G"
1	152032509	"A"	"G"	"CCTATTAAGAATTGTG"	0	0	0	14	0	14	15	0	0	"1_152032509_A_G"
1	152032509	"A"	"G"	"CCTATTATCATGCATG"	0	0	0	3	0	3	3	0	0	"1_152032509_A_G"
1	152032509	"A"	"G"	"GCAAACTCATGCTGGC"	0	0	0	2	0	2	2	0	0	"1_152032509_A_G"
1	152032509	"A"	"G"	"GTTAAGCTCAAGGCTT"	0	0	0	1	0	1	1	0	0	"1_152032509_A_G"
1	152032509	"A"	"G"	"CCCTCCTGTACCCAAT"	0	0	0	1	0	1	1	0	0	"1_152032509_A_G"
1	152032509	"A"	"G"	"CTTTGCGGTCATGCAT"	0	0	0	2	0	2	2	0	0	"1_152032509_A_G"
1	152032509	"A"	"G"	"ACCGTAATCGGAATCT"	0	0	0	10	0	10	10	9.09090909090909	0	"1_152032509_A_G"
1	152032509	"A"	"G"	"GTTCGGGTCCGCGTTT"	0	0	0	5	0	5	5	0	0	"1_152032509_A_G"
1	152032509	"A"	"G"	"GTTCTCGTCAAGCCTA"	0	3	0	13	3	13	16	5.88235294117647	0.1875	"1_152032509_A_G"
1	152032509	"A"	"G"	"GTTTCTAAGGAACTGC"	0	0	0	1	0	1	2	0	0	"1_152032509_A_G"
1	152032509	"A"	"G"	"GTTTCTAAGGCATGGT"	0	0	0	1	0	1	2	0	0	"1_152032509_A_G"
1	152032509	"A"	"G"	"GTTTCTATCATAAAGG"	0	1	0	11	1	11	12	0	0.0833333333333333	"1_152032509_A_G"
1	152032509	"A"	"G"	"CGTCACTAGGCCCTCA"	0	0	0	0	0	0	1	0	NA	"1_152032509_A_G"
1	152032509	"A"	"G"	"CTCGTCAGTACTCGCG"	0	0	0	1	0	1	1	0	0	"1_152032509_A_G"
1	152032509	"A"	"G"	"ACACCCTCACTGCCAG"	0	1	0	4	1	4	5	0	0.2	"1_152032509_A_G"
1	152032509	"A"	"G"	"TTAGGACGTTAGAACA"	0	0	0	3	0	3	3	0	0	"1_152032509_A_G"
1	152032509	"A"	"G"	"TTAGGCAAGTGTCCCG"	0	1	0	5	1	5	7	0	0.166666666666667	"1_152032509_A_G"
1	152032509	"A"	"G"	"TAGGCATAGCCACTAT"	0	0	0	2	0	2	2	0	0	"1_152032509_A_G"
1	152032509	"A"	"G"	"AACTTTCGTTGTCGCG"	0	2	0	0	2	0	2	0	1	"1_152032509_A_G"
1	152032509	"A"	"G"	"TACGGATCACGTAAGG"	0	1	0	2	1	2	3	0	0.333333333333333	"1_152032509_A_G"
1	152032509	"A"	"G"	"ACGCCGACAATAGCAA"	0	0	0	1	0	1	1	0	0	"1_152032509_A_G"
1	152032509	"A"	"G"	"ACGCCGACACGAAGCA"	0	1	0	3	1	3	4	0	0.25	"1_152032509_A_G"
1	152032509	"A"	"G"	"CCCATACCATGGAATA"	0	0	0	2	0	2	2	0	0	"1_152032509_A_G"
1	152032509	"A"	"G"	"TACGGGCGTCTAAAGA"	0	0	0	1	0	1	2	0	0	"1_152032509_A_G"
1	152032509	"A"	"G"	"GGGAATGGTTTGACAC"	0	2	0	1	2	1	4	0	0.666666666666667	"1_152032509_A_G"
1	152032509	"A"	"G"	"CTCGAGGTCTTGTACT"	0	0	0	4	0	4	4	0	0	"1_152032509_A_G"
1	152032509	"A"	"G"	"ATCATGGTCATCGATG"	0	0	0	1	0	1	1	0	0	"1_152032509_A_G"
1	152032509	"A"	"G"	"ACACCAATCCTATTCA"	0	0	0	2	0	2	2	0	0	"1_152032509_A_G"
1	152032509	"A"	"G"	"CACCAGGGTAGCGTGA"	0	0	0	1	0	1	1	0	0	"1_152032509_A_G"
1	152032509	"A"	"G"	"ACTGCTCTCTTCAACT"	0	1	0	18	1	18	19	5	0.0526315789473684	"1_152032509_A_G"
1	152032509	"A"	"G"	"CACCTTGTCATGCAAC"	0	0	0	2	0	2	2	0	0	"1_152032509_A_G"
1	152032509	"A"	"G"	"CACAGGCGTCTCTTAT"	0	0	0	1	0	1	1	0	0	"1_152032509_A_G"
1	152032509	"A"	"G"	"CACAGGCTCTTGAGAC"	0	0	0	2	0	2	2	0	0	"1_152032509_A_G"
1	152032509	"A"	"G"	"CACAGTACAGTCAGCC"	0	0	0	1	0	1	1	0	0	"1_152032509_A_G"
1	152032509	"A"	"G"	"GATCGATTCATAACCG"	0	0	0	5	0	5	5	0	0	"1_152032509_A_G"
1	152032509	"A"	"G"	"TTCTCAAAGAAGCCCA"	0	0	0	1	0	1	1	0	0	"1_152032509_A_G"
1	152032509	"A"	"G"	"CACATTTAGAAACCGC"	0	0	0	1	0	1	1	0	0	"1_152032509_A_G"
1	152032509	"A"	"G"	"AAGTCTGGTTGACGTT"	0	0	0	3	0	3	3	0	0	"1_152032509_A_G"
1	152032509	"A"	"G"	"TTCTTAGCACAAGACG"	0	0	0	3	0	3	4	0	0	"1_152032509_A_G"
1	152032509	"A"	"G"	"TGAGCATTCCGTTGCT"	0	3	0	1	3	1	4	0	0.75	"1_152032509_A_G"
1	152032509	"A"	"G"	"TAGACCAGTCCTAGCG"	0	0	0	2	0	2	2	0	0	"1_152032509_A_G"
1	152032509	"A"	"G"	"GGAGCAAAGCTAACTC"	0	0	0	2	0	2	2	0	0	"1_152032509_A_G"
1	152032509	"A"	"G"	"TAGAGCTAGATAGTCA"	0	1	0	0	1	0	3	0	1	"1_152032509_A_G"
1	152032509	"A"	"G"	"ACTGAGTGTTCACCTC"	0	0	0	2	0	2	2	0	0	"1_152032509_A_G"
1	152032509	"A"	"G"	"CACAAACGTAGGCATG"	0	1	0	0	1	0	1	0	1	"1_152032509_A_G"
1	152032509	"A"	"G"	"ACTGCTCTCGGCGCTA"	0	0	0	2	0	2	2	0	0	"1_152032509_A_G"
1	152032509	"A"	"G"	"ACGCCAGGTGCGATAG"	0	0	0	5	0	5	5	0	0	"1_152032509_A_G"
1	152032509	"A"	"G"	"ACGCAGCTCTCGTTTA"	0	0	0	1	0	1	1	0	0	"1_152032509_A_G"
1	152032509	"A"	"G"	"ACGCCAGAGACGACGT"	0	1	0	6	1	6	7	0	0.142857142857143	"1_152032509_A_G"
1	152032509	"A"	"G"	"GGCTGGTAGCCTATGT"	0	0	0	3	0	3	3	0	0	"1_152032509_A_G"
1	152032509	"A"	"G"	"TTGTAGGTCCTGTAGA"	0	0	0	0	0	0	1	0	NA	"1_152032509_A_G"
1	152032509	"A"	"G"	"GTTTCTATCGTTACAG"	0	0	0	0	0	0	1	0	NA	"1_152032509_A_G"
1	152032509	"A"	"G"	"GAATAAGCACGCGAAA"	0	0	0	1	0	1	1	0	0	"1_152032509_A_G"
1	152032509	"A"	"G"	"TTGAACGCATGGTAGG"	0	0	0	5	0	5	5	0	0	"1_152032509_A_G"
1	152032509	"A"	"G"	"TTGACTTCAGCTCCGA"	0	0	0	1	0	1	1	0	0	"1_152032509_A_G"
1	152032509	"A"	"G"	"AACTGGTTCTGAGTGT"	0	0	0	0	0	0	1	0	NA	"1_152032509_A_G"
1	152032509	"A"	"G"	"CAGTCCTGTGTTTGGT"	0	0	0	1	0	1	1	0	0	"1_152032509_A_G"
1	152032509	"A"	"G"	"TACAGTGGTGACGGTA"	0	0	0	1	0	1	1	0	0	"1_152032509_A_G"
1	152032509	"A"	"G"	"CACACCTAGAGCCTAG"	0	0	0	0	0	0	1	0	NA	"1_152032509_A_G"
1	152032509	"A"	"G"	"GTCCTCATCCCTAATT"	0	0	0	2	0	2	2	0	0	"1_152032509_A_G"
1	152032509	"A"	"G"	"CTCACACAGAGCTATA"	0	0	0	1	0	1	1	0	0	"1_152032509_A_G"
1	152032509	"A"	"G"	"TACTCATAGATAGTCA"	0	0	0	3	0	3	3	0	0	"1_152032509_A_G"
1	152032509	"A"	"G"	"CTCCTAGTCCCAAGAT"	0	0	0	1	0	1	1	0	0	"1_152032509_A_G"
1	152032509	"A"	"G"	"CATTCGCCAAGTCATC"	0	0	0	3	0	3	3	0	0	"1_152032509_A_G"
1	152032509	"A"	"G"	"GACGCGTTCTTAACCT"	0	0	0	1	0	1	1	0	0	"1_152032509_A_G"
1	152032509	"A"	"G"	"CTCTAATGTCCGACGT"	0	0	0	1	0	1	1	0	0	"1_152032509_A_G"
1	152032509	"A"	"G"	"AATCGGTGTATGCTTG"	0	0	1	2	0	3	3	0	0	"1_152032509_A_G"
1	152032509	"A"	"G"	"TACAGTGAGCTGAAAT"	0	1	0	1	1	1	2	0	0.5	"1_152032509_A_G"
1	152032509	"A"	"G"	"GACTACATCTAACTGG"	0	0	0	1	0	1	1	0	0	"1_152032509_A_G"
1	152032509	"A"	"G"	"ACGCCAGCAGATCTGT"	0	0	0	10	0	10	12	7.69230769230769	0	"1_152032509_A_G"
1	152032509	"A"	"G"	"GAGTCCGTCGGAATCT"	0	0	0	0	0	0	1	0	NA	"1_152032509_A_G"
1	152032509	"A"	"G"	"GATCAGTGTTGTACAC"	0	1	0	1	1	1	2	0	0.5	"1_152032509_A_G"
1	152032509	"A"	"G"	"GATCAGTTCCTTTACA"	0	0	0	1	0	1	1	0	0	"1_152032509_A_G"
1	152032509	"A"	"G"	"GATCGCGGTTCCAACA"	0	0	0	3	0	3	3	0	0	"1_152032509_A_G"
1	152032509	"A"	"G"	"CGTAGCGGTGGTCCGT"	0	0	0	2	0	2	2	0	0	"1_152032509_A_G"
1	152032509	"A"	"G"	"TGAGCATGTAGGCATG"	0	0	0	5	0	5	6	0	0	"1_152032509_A_G"
1	152032509	"A"	"G"	"CTCGTACTCTGCTGCT"	0	0	0	1	0	1	1	0	0	"1_152032509_A_G"
1	152032509	"A"	"G"	"TAAGCGTGTACGCTGC"	0	0	0	1	0	1	1	0	0	"1_152032509_A_G"
1	152032509	"A"	"G"	"TTAACTCTCAGCTCGG"	0	1	0	0	1	0	1	0	1	"1_152032509_A_G"
1	152032509	"A"	"G"	"ACGATACTCCACGTTC"	0	0	0	6	0	6	6	0	0	"1_152032509_A_G"
1	152032509	"A"	"G"	"CACAAACAGCTGCGAA"	0	0	0	5	0	5	5	0	0	"1_152032509_A_G"
1	152032509	"A"	"G"	"ACGATGTTCGATAGAA"	0	0	0	2	0	2	2	0	0	"1_152032509_A_G"
1	152032509	"A"	"G"	"TCTTCGGCATGTCGAT"	0	0	0	1	0	1	1	0	0	"1_152032509_A_G"
1	152032509	"A"	"G"	"TCATTACAGGATATAC"	0	2	0	2	2	2	4	0	0.5	"1_152032509_A_G"
1	152032509	"A"	"G"	"ACCGTAACACGGCCAT"	0	3	0	3	3	3	7	0	0.5	"1_152032509_A_G"
1	152032509	"A"	"G"	"GTTCATTTCCACGTGG"	0	1	0	0	1	0	1	0	1	"1_152032509_A_G"
1	152032509	"A"	"G"	"TCATTTGCAAGTAATG"	0	0	0	1	0	1	1	0	0	"1_152032509_A_G"
1	152032509	"A"	"G"	"GTTCGGGGTCGCTTCT"	0	0	0	1	0	1	1	0	0	"1_152032509_A_G"
1	152032509	"A"	"G"	"ACGAGGACACCAGATT"	0	3	0	7	3	7	10	0	0.3	"1_152032509_A_G"
1	152032509	"A"	"G"	"GGACGTCTCGTCCGTT"	0	0	0	5	0	5	5	0	0	"1_152032509_A_G"
1	152032509	"A"	"G"	"TACTTGTGTGCCTTGG"	0	0	0	2	0	2	2	0	0	"1_152032509_A_G"
1	152032509	"A"	"G"	"TAAGCGTCAATAGCGG"	0	0	0	3	0	3	3	0	0	"1_152032509_A_G"
1	152032509	"A"	"G"	"TACCTTACATCGGTTA"	0	0	0	1	0	1	1	0	0	"1_152032509_A_G"
1	152032509	"A"	"G"	"TACCTATAGGTGTGGT"	0	0	0	7	0	7	7	0	0	"1_152032509_A_G"
1	152032509	"A"	"G"	"ACGCAGCTCATCACCC"	0	0	0	1	0	1	1	0	0	"1_152032509_A_G"
1	152032509	"A"	"G"	"GACAGAGCATTACGAC"	0	0	0	2	0	2	2	0	0	"1_152032509_A_G"
1	152032509	"A"	"G"	"TGAAAGAAGCGCCTCA"	0	3	0	11	3	11	14	6.66666666666667	0.214285714285714	"1_152032509_A_G"
1	152032509	"A"	"G"	"ACGGGCTAGGTTACCT"	0	0	0	2	0	2	2	0	0	"1_152032509_A_G"
1	152032509	"A"	"G"	"ACGGGCTAGTGAAGAG"	0	0	0	1	0	1	1	0	0	"1_152032509_A_G"
1	152032509	"A"	"G"	"ACGGGCTCATGGAATA"	0	0	0	3	0	3	3	0	0	"1_152032509_A_G"
1	152032509	"A"	"G"	"CTCGAAACAAGCCCAC"	0	0	0	1	0	1	1	0	0	"1_152032509_A_G"
1	152032509	"A"	"G"	"GTACTTTAGGCATGTG"	0	0	0	1	0	1	1	0	0	"1_152032509_A_G"
1	152032509	"A"	"G"	"GTACTTTGTCAAACTC"	0	0	0	2	0	2	2	0	0	"1_152032509_A_G"
1	152032509	"A"	"G"	"GACGTGCAGAAGGGTA"	0	0	0	3	0	3	3	0	0	"1_152032509_A_G"
1	152032509	"A"	"G"	"TTAACTCGTACACCGC"	0	0	0	6	0	6	7	0	0	"1_152032509_A_G"
1	152032509	"A"	"G"	"CTCGTACTCATCGGAT"	0	1	0	2	1	2	3	0	0.333333333333333	"1_152032509_A_G"
1	152032509	"A"	"G"	"TTGAACGAGTTGTAGA"	0	0	0	3	0	3	3	0	0	"1_152032509_A_G"
1	152032509	"A"	"G"	"ACTGAACTCGTGACAT"	0	0	0	2	0	2	2	0	0	"1_152032509_A_G"
1	152032509	"A"	"G"	"AACGTTGCAGGGTACA"	0	1	0	0	1	0	1	0	1	"1_152032509_A_G"
1	152032509	"A"	"G"	"TTAGGACCACGGCGTT"	0	0	0	6	0	6	6	0	0	"1_152032509_A_G"
1	152032509	"A"	"G"	"ACGATGTCAAGTACCT"	0	0	0	2	0	2	2	0	0	"1_152032509_A_G"
1	152032509	"A"	"G"	"TCTTCGGCAGATGAGC"	0	0	0	6	0	6	6	0	0	"1_152032509_A_G"
1	152032509	"A"	"G"	"GTCCTCATCCGTAGTA"	0	0	0	1	0	1	1	0	0	"1_152032509_A_G"
1	152032509	"A"	"G"	"GTCGGGTAGATCACGG"	0	4	0	2	4	2	6	0	0.666666666666667	"1_152032509_A_G"
1	152032509	"A"	"G"	"GTCGGGTCACGAGAGT"	0	0	0	1	0	1	1	0	0	"1_152032509_A_G"
1	152032509	"A"	"G"	"TGACTAGAGTCTCAAC"	0	0	0	2	0	2	2	0	0	"1_152032509_A_G"
1	152032509	"A"	"G"	"CACAGTACATGTCTCC"	0	4	0	5	4	5	9	10	0.444444444444444	"1_152032509_A_G"
1	152032509	"A"	"G"	"CGGGTCAGTTTGGGCC"	0	0	0	4	0	4	4	0	0	"1_152032509_A_G"
1	152032509	"A"	"G"	"CACCACTGTGCGAAAC"	0	1	0	8	1	8	9	10	0.111111111111111	"1_152032509_A_G"
1	152032509	"A"	"G"	"TAAGAGACAGCCTTTC"	0	0	0	1	0	1	1	0	0	"1_152032509_A_G"
1	152032509	"A"	"G"	"GAATAAGGTGATAAAC"	0	0	0	1	0	1	1	0	0	"1_152032509_A_G"
1	152032509	"A"	"G"	"CCATTCGCAATGAATG"	0	0	0	1	0	1	1	0	0	"1_152032509_A_G"
1	152032509	"A"	"G"	"TACCTATAGCAGATCG"	0	0	0	1	0	1	1	0	0	"1_152032509_A_G"
1	152032509	"A"	"G"	"ACGATGTTCTTGTTTG"	0	1	0	5	1	5	6	0	0.166666666666667	"1_152032509_A_G"
1	152032509	"A"	"G"	"AGTGTCAAGGGTATCG"	0	0	0	3	0	3	3	0	0	"1_152032509_A_G"
1	152032509	"A"	"G"	"GACAGAGTCCTTGGTC"	0	1	0	3	1	3	4	0	0.25	"1_152032509_A_G"
1	152032509	"A"	"G"	"ACGCCGACAGTGGGAT"	0	0	0	2	0	2	2	0	0	"1_152032509_A_G"
1	152032509	"A"	"G"	"CCTCAGTAGGCTAGAC"	0	1	0	7	1	7	8	0	0.125	"1_152032509_A_G"
1	152032509	"A"	"G"	"TCAGGTACAGGAATGC"	0	0	0	1	0	1	1	0	0	"1_152032509_A_G"
1	152032509	"A"	"G"	"GTTCATTAGTGATCGG"	0	0	0	3	0	3	3	0	0	"1_152032509_A_G"
1	152032509	"A"	"G"	"GTTCATTCACAAGACG"	0	0	0	1	0	1	1	0	0	"1_152032509_A_G"
1	152032509	"A"	"G"	"GGGACCTAGCTGATAA"	0	0	0	3	0	3	3	0	0	"1_152032509_A_G"
1	152032509	"A"	"G"	"GGGACCTCATAAGACA"	0	0	0	4	0	4	4	0	0	"1_152032509_A_G"
1	152032509	"A"	"G"	"TGCGGGTTCGAGCCCA"	0	0	0	3	0	3	3	0	0	"1_152032509_A_G"
1	152032509	"A"	"G"	"ACGAGCCTCACCATAG"	0	3	0	1	3	1	4	0	0.75	"1_152032509_A_G"
1	152032509	"A"	"G"	"TTAACTCGTCCGTCAG"	0	0	0	3	0	3	4	0	0	"1_152032509_A_G"
1	152032509	"A"	"G"	"GACTACATCCGCTGTT"	0	0	0	0	0	0	1	0	NA	"1_152032509_A_G"
1	152032509	"A"	"G"	"ACGATGTAGGATGCGT"	0	0	0	3	0	3	5	0	0	"1_152032509_A_G"
1	152032509	"A"	"G"	"AGTGGGAGTCCAAGTT"	0	0	0	7	0	7	7	0	0	"1_152032509_A_G"
1	152032509	"A"	"G"	"AAACGGGAGCGTGAGT"	0	0	0	15	0	15	15	6.25	0	"1_152032509_A_G"
1	152032509	"A"	"G"	"AGTGTCAAGTGGGATC"	0	0	0	1	0	1	1	0	0	"1_152032509_A_G"
1	152032509	"A"	"G"	"AAAGCAATCAGTGCAT"	0	2	0	6	2	6	9	10	0.25	"1_152032509_A_G"
1	152032509	"A"	"G"	"AAATGCCCATAAGACA"	0	2	0	6	2	6	8	0	0.25	"1_152032509_A_G"
1	152032509	"A"	"G"	"AACACGTAGGCTAGCA"	0	2	0	7	2	7	9	10	0.222222222222222	"1_152032509_A_G"
1	152032509	"A"	"G"	"CATGGCGGTATCGCAT"	0	0	0	2	0	2	2	0	0	"1_152032509_A_G"
1	152032509	"A"	"G"	"CCAATCCCACCAGTTA"	0	0	0	2	0	2	2	0	0	"1_152032509_A_G"
1	152032509	"A"	"G"	"GTAGGCCAGTGAAGAG"	0	0	0	3	0	3	3	0	0	"1_152032509_A_G"
1	152032509	"A"	"G"	"GACGTTAAGCTAAACA"	0	0	0	1	0	1	1	0	0	"1_152032509_A_G"
1	152032509	"A"	"G"	"CTACATTAGCGATTCT"	0	0	0	1	0	1	1	0	0	"1_152032509_A_G"
1	152032509	"A"	"G"	"TTTGTCAAGGAATGGA"	0	0	0	3	0	3	3	0	0	"1_152032509_A_G"
1	152032509	"A"	"G"	"TGCGGGTTCTTACCTA"	0	0	0	1	0	1	1	0	0	"1_152032509_A_G"
1	152032509	"A"	"G"	"ACTGAACAGGCTCAGA"	0	1	0	1	1	1	2	0	0.5	"1_152032509_A_G"
1	152032509	"A"	"G"	"TTTGTCAAGTAGCGGT"	0	0	0	4	0	4	4	0	0	"1_152032509_A_G"
1	152032509	"A"	"G"	"ACGATACAGGTAGCTG"	0	3	0	8	3	8	11	0	0.272727272727273	"1_152032509_A_G"
1	152032509	"A"	"G"	"TGGACGCCAAACTGTC"	0	0	0	2	0	2	2	0	0	"1_152032509_A_G"
1	152032509	"A"	"G"	"CATATGGCAACTGCGC"	0	0	0	1	0	1	1	0	0	"1_152032509_A_G"
1	152032509	"A"	"G"	"TCGCGTTCAAGCCGCT"	0	0	0	1	0	1	1	0	0	"1_152032509_A_G"
1	152032509	"A"	"G"	"AGTGGGAGTCCTCTTG"	0	0	0	4	0	4	4	0	0	"1_152032509_A_G"
1	152032509	"A"	"G"	"GACAGAGTCAACCATG"	0	1	0	1	1	1	2	0	0.5	"1_152032509_A_G"
1	152032509	"A"	"G"	"GAGTCCGGTTCAGACT"	0	0	0	1	0	1	1	0	0	"1_152032509_A_G"
1	152032509	"A"	"G"	"TGACTAGTCGAACTGT"	0	0	0	10	0	10	10	9.09090909090909	0	"1_152032509_A_G"
1	152032509	"A"	"G"	"ATCACGAAGCTAAGAT"	0	0	0	2	0	2	2	0	0	"1_152032509_A_G"
1	152032509	"A"	"G"	"GGAATAAGTTAAAGTG"	0	1	0	2	1	2	3	0	0.333333333333333	"1_152032509_A_G"
1	152032509	"A"	"G"	"GGACAAGGTGCCTGGT"	0	0	0	3	0	3	3	0	0	"1_152032509_A_G"
1	152032509	"A"	"G"	"GGACAGAAGGTTCCTA"	0	0	0	1	0	1	1	0	0	"1_152032509_A_G"
1	152032509	"A"	"G"	"GACTAACTCGGCCGAT"	0	0	0	1	0	1	1	0	0	"1_152032509_A_G"
1	152032509	"A"	"G"	"GTCACGGTCGCCATAA"	0	0	0	2	0	2	2	0	0	"1_152032509_A_G"
1	152032509	"A"	"G"	"GACTGCGAGCTAAGAT"	0	0	0	5	0	5	5	0	0	"1_152032509_A_G"
1	152032509	"A"	"G"	"AGTGGGATCTTAACCT"	0	6	0	4	6	4	10	0	0.6	"1_152032509_A_G"
1	152032509	"A"	"G"	"TCGGGACGTCCAGTAT"	0	0	0	3	0	3	3	0	0	"1_152032509_A_G"
1	152032509	"A"	"G"	"GCAATCACATCAGTCA"	0	1	0	6	1	6	7	0	0.142857142857143	"1_152032509_A_G"
1	152032509	"A"	"G"	"AGCATACGTAGGAGTC"	0	0	0	1	0	1	1	0	0	"1_152032509_A_G"
1	152032509	"A"	"G"	"AGCCTAACAGCCAGAA"	0	0	0	1	0	1	1	0	0	"1_152032509_A_G"
1	152032509	"A"	"G"	"AGCCTAATCAGTTTGG"	0	0	0	1	0	1	1	0	0	"1_152032509_A_G"
1	152032509	"A"	"G"	"AGCGGTCGTTAGGGTG"	0	0	0	2	0	2	2	0	0	"1_152032509_A_G"
1	152032509	"A"	"G"	"TCATTACAGTCGTACT"	0	0	0	3	0	3	3	0	0	"1_152032509_A_G"
1	152032509	"A"	"G"	"TTTATGCAGGCATGGT"	0	0	0	4	0	4	4	0	0	"1_152032509_A_G"
1	152032509	"A"	"G"	"CAGCATAAGACAGAGA"	0	0	0	2	0	2	2	0	0	"1_152032509_A_G"
1	152032509	"A"	"G"	"TTTCCTCCAAGAGGCT"	0	0	0	3	0	3	3	0	0	"1_152032509_A_G"
1	152032509	"A"	"G"	"TTTCCTCGTAGTACCT"	0	0	0	1	0	1	1	0	0	"1_152032509_A_G"
1	152032509	"A"	"G"	"CCAATCCGTAAGGATT"	0	0	0	2	0	2	2	0	0	"1_152032509_A_G"
1	152032509	"A"	"G"	"CTACACCAGTCTCGGC"	0	0	0	1	0	1	1	0	0	"1_152032509_A_G"
1	152032509	"A"	"G"	"CTACACCCATGTAAGA"	0	0	0	1	0	1	1	0	0	"1_152032509_A_G"
1	152032509	"A"	"G"	"CAGCCGAAGGATGCGT"	0	0	0	2	0	2	4	0	0	"1_152032509_A_G"
1	152032509	"A"	"G"	"CAAGAAATCAATCACG"	0	0	0	1	0	1	1	0	0	"1_152032509_A_G"
1	152032509	"A"	"G"	"CTACATTTCATGCTCC"	0	0	0	1	0	1	1	0	0	"1_152032509_A_G"
1	152032509	"A"	"G"	"GTCACAATCTCCGGTT"	0	0	0	2	0	2	2	0	0	"1_152032509_A_G"
1	152032509	"A"	"G"	"CTACGTCCAAGTCTAC"	0	0	0	2	0	2	2	0	0	"1_152032509_A_G"
1	152032509	"A"	"G"	"AAAGTAGCAATGACCT"	0	0	0	5	0	5	5	0	0	"1_152032509_A_G"
1	152032509	"A"	"G"	"GTACGTACACAGCCCA"	0	2	0	7	2	7	10	0	0.222222222222222	"1_152032509_A_G"
1	152032509	"A"	"G"	"GTACTCCTCCGAATGT"	0	0	0	1	0	1	1	0	0	"1_152032509_A_G"
1	152032509	"A"	"G"	"TGTGGTACAAGTCTGT"	0	1	0	1	1	1	2	0	0.5	"1_152032509_A_G"
1	152032509	"A"	"G"	"CCAATCCGTGAGCGAT"	0	0	0	3	0	3	3	0	0	"1_152032509_A_G"
1	152032509	"A"	"G"	"CCACCTACAGGTGCCT"	0	0	0	2	0	2	2	0	0	"1_152032509_A_G"
1	152032509	"A"	"G"	"AACCATGGTACCTACA"	0	0	0	1	0	1	1	0	0	"1_152032509_A_G"
1	152032509	"A"	"G"	"CCACCTATCATGGTCA"	0	1	0	0	1	0	1	0	1	"1_152032509_A_G"
1	152032509	"A"	"G"	"CCATGTCTCCACGTGG"	0	0	0	1	0	1	1	0	0	"1_152032509_A_G"
1	152032509	"A"	"G"	"CCCAATCAGAACAATC"	0	0	0	16	0	16	21	8.69565217391304	0	"1_152032509_A_G"
1	152032509	"A"	"G"	"TCTGAGACATGACGGA"	0	1	0	4	1	4	5	0	0.2	"1_152032509_A_G"
1	152032509	"A"	"G"	"CTAGCCTGTAAGTGGC"	0	0	0	3	0	3	3	0	0	"1_152032509_A_G"
1	152032509	"A"	"G"	"ATAAGAGGTTGTCTTT"	0	0	0	2	0	2	2	0	0	"1_152032509_A_G"
1	152032509	"A"	"G"	"ATAGACCAGTAAGTAC"	0	0	0	1	0	1	1	0	0	"1_152032509_A_G"
1	152032509	"A"	"G"	"ATAGACCTCCGAATGT"	0	1	0	12	1	12	15	6.25	0.0769230769230769	"1_152032509_A_G"
1	152032509	"A"	"G"	"GGACAAGCATGGGACA"	0	0	0	14	0	14	14	0	0	"1_152032509_A_G"
1	152032509	"A"	"G"	"TCATTTGTCCCTAACC"	0	0	0	1	0	1	1	0	0	"1_152032509_A_G"
1	152032509	"A"	"G"	"AACCGCGCACCCATTC"	0	3	0	5	3	5	8	0	0.375	"1_152032509_A_G"
1	152032509	"A"	"G"	"GTAGGCCCATCGGGTC"	0	0	0	1	0	1	1	0	0	"1_152032509_A_G"
1	152032509	"A"	"G"	"CTACCCACAAACCCAT"	0	0	0	2	0	2	2	0	0	"1_152032509_A_G"
1	152032509	"A"	"G"	"CTACCCATCTAACTCT"	0	2	0	3	2	3	5	0	0.4	"1_152032509_A_G"
1	152032509	"A"	"G"	"CAGTCCTCATCACAAC"	0	0	0	1	0	1	1	0	0	"1_152032509_A_G"
1	152032509	"A"	"G"	"TGCTGCTTCCTGCAGG"	0	0	0	2	0	2	3	0	0	"1_152032509_A_G"
1	152032509	"A"	"G"	"AAACGGGAGCACAGGT"	0	0	0	1	0	1	1	0	0	"1_152032509_A_G"
1	152032509	"A"	"G"	"GCTTCCAGTGACAAAT"	0	0	0	4	0	4	4	0	0	"1_152032509_A_G"
1	152032509	"A"	"G"	"AAAGATGCACAGGTTT"	0	1	0	2	1	2	3	0	0.333333333333333	"1_152032509_A_G"
1	152032509	"A"	"G"	"GCAATCAGTCCAAGTT"	0	0	0	1	0	1	1	0	0	"1_152032509_A_G"
1	152032509	"A"	"G"	"CCTTACGAGGCGTACA"	0	0	0	1	0	1	1	0	0	"1_152032509_A_G"
1	152032509	"A"	"G"	"TTTACTGAGCTAGTGG"	0	0	0	1	0	1	1	0	0	"1_152032509_A_G"
1	152032509	"A"	"G"	"TCATTACCAGTGAGTG"	0	0	0	3	0	3	3	0	0	"1_152032509_A_G"
1	152032509	"A"	"G"	"TGTGGTATCTAAGCCA"	0	2	0	6	2	6	8	0	0.25	"1_152032509_A_G"
1	152032509	"A"	"G"	"CTACACCCACAGCGTC"	0	0	0	1	0	1	1	0	0	"1_152032509_A_G"
1	152032509	"A"	"G"	"GGGCATCAGTATTGGA"	0	0	0	1	0	1	1	0	0	"1_152032509_A_G"
1	152032509	"A"	"G"	"CCATGTCAGTCCTCCT"	0	0	0	1	0	1	1	0	0	"1_152032509_A_G"
1	152032509	"A"	"G"	"GTCAAGTCAATAACGA"	0	0	0	2	0	2	2	0	0	"1_152032509_A_G"
1	152032509	"A"	"G"	"AGTGAGGGTATCAGTC"	0	0	0	1	0	1	1	0	0	"1_152032509_A_G"
1	152032509	"A"	"G"	"GACCAATAGAGTGAGA"	0	0	0	1	0	1	1	0	0	"1_152032509_A_G"
1	152032509	"A"	"G"	"CATGGCGAGCCAACAG"	0	0	0	3	0	3	3	0	0	"1_152032509_A_G"
1	152032509	"A"	"G"	"GGAATAAGTGCAGACA"	0	0	0	5	0	5	6	0	0	"1_152032509_A_G"
1	152032509	"A"	"G"	"ATGGGAGGTACGAAAT"	0	0	0	2	0	2	2	0	0	"1_152032509_A_G"
1	152032509	"A"	"G"	"CCTTCGATCGCAGGCT"	0	0	0	3	0	3	3	0	0	"1_152032509_A_G"
1	152032509	"A"	"G"	"AGCTCCTTCCAAAGTC"	0	1	0	11	1	11	12	7.69230769230769	0.0833333333333333	"1_152032509_A_G"
1	152032509	"A"	"G"	"GACTAACGTCTTCGTC"	0	1	0	0	1	0	1	0	1	"1_152032509_A_G"
1	152032509	"A"	"G"	"TTTGTCACATACGCTA"	0	1	0	10	1	10	11	8.33333333333333	0.0909090909090909	"1_152032509_A_G"
1	152032509	"A"	"G"	"TCGAGGCAGTTTGCGT"	0	0	0	5	0	5	5	0	0	"1_152032509_A_G"
1	152032509	"A"	"G"	"AAACCTGAGATGTGTA"	0	0	0	2	0	2	2	0	0	"1_152032509_A_G"
1	152032509	"A"	"G"	"TCTGAGAGTCAGAAGC"	0	0	0	1	0	1	1	0	0	"1_152032509_A_G"
1	152032509	"A"	"G"	"CGGAGTCCAGATCGGA"	0	0	0	2	0	2	2	0	0	"1_152032509_A_G"
1	152032509	"A"	"G"	"CAACCTCGTATAATGG"	0	0	0	4	0	4	4	0	0	"1_152032509_A_G"
1	152032509	"A"	"G"	"CGCGGTACATTGGGCC"	0	0	0	2	0	2	2	0	0	"1_152032509_A_G"
1	152032509	"A"	"G"	"TCGTAGACACGCATCG"	0	0	0	1	0	1	1	0	0	"1_152032509_A_G"
1	152032509	"A"	"G"	"GGGTCTGAGGATGTAT"	0	0	0	2	0	2	2	0	0	"1_152032509_A_G"
1	152032509	"A"	"G"	"GTATTCTGTATGAATG"	0	0	0	1	0	1	1	0	0	"1_152032509_A_G"
1	152032509	"A"	"G"	"CCTTACGTCCTCGCAT"	0	0	0	1	0	1	1	0	0	"1_152032509_A_G"
1	152032509	"A"	"G"	"CATCAAGAGTTGTCGT"	0	0	0	1	0	1	1	0	0	"1_152032509_A_G"
1	152032509	"A"	"G"	"AAAGATGGTCAACTGT"	0	0	0	1	0	1	1	0	0	"1_152032509_A_G"
1	152032509	"A"	"G"	"CCTCAGTCATTCTTAC"	0	0	0	1	0	1	1	0	0	"1_152032509_A_G"
1	152032509	"A"	"G"	"CCTTCCCGTACTCGCG"	0	0	0	1	0	1	1	0	0	"1_152032509_A_G"
1	152032509	"A"	"G"	"TTTACTGCACGAAAGC"	0	0	0	3	0	3	3	0	0	"1_152032509_A_G"
1	152032509	"A"	"G"	"TTTACTGCATGGTCTA"	0	0	0	1	0	1	5	0	0	"1_152032509_A_G"
1	152032509	"A"	"G"	"TGGTTAGGTCTAACGT"	0	0	0	1	0	1	1	0	0	"1_152032509_A_G"
1	152032509	"A"	"G"	"AGCGTCGGTCTAAACC"	0	0	0	3	0	3	3	0	0	"1_152032509_A_G"
1	152032509	"A"	"G"	"AGCTCCTCACACCGAC"	0	0	0	5	0	5	5	0	0	"1_152032509_A_G"
1	152032509	"A"	"G"	"AGTCTTTGTAGGACAC"	0	0	0	2	0	2	2	0	0	"1_152032509_A_G"
1	152032509	"A"	"G"	"GCATACACATACAGCT"	0	2	0	2	2	2	4	0	0.5	"1_152032509_A_G"
1	152032509	"A"	"G"	"TCGGTAATCCTGCCAT"	0	1	0	1	1	1	2	0	0.5	"1_152032509_A_G"
1	152032509	"A"	"G"	"TCGCGTTGTTGTGGCC"	0	0	0	1	0	1	1	0	0	"1_152032509_A_G"
1	152032509	"A"	"G"	"TGGCGCACACGAAAGC"	0	0	0	3	0	3	3	0	0	"1_152032509_A_G"
1	152032509	"A"	"G"	"TGGCGCATCGTCGTTC"	0	0	0	1	0	1	1	0	0	"1_152032509_A_G"
1	152032509	"A"	"G"	"AGGGATGAGGCAATTA"	0	0	0	1	0	1	1	0	0	"1_152032509_A_G"
1	152032509	"A"	"G"	"GTAACTGCACGAAGCA"	0	0	0	1	0	1	1	0	0	"1_152032509_A_G"
1	152032509	"A"	"G"	"GACCAATCAGTATAAG"	0	0	0	1	0	1	1	0	0	"1_152032509_A_G"
1	152032509	"A"	"G"	"GCTCCTACATTTCACT"	0	0	0	0	0	0	1	0	NA	"1_152032509_A_G"
1	152032509	"A"	"G"	"CGCTATCGTCTCCCTA"	0	0	0	5	0	5	5	0	0	"1_152032509_A_G"
1	152032509	"A"	"G"	"GGAACTTTCGAATGGG"	0	0	0	2	0	2	2	0	0	"1_152032509_A_G"
1	152032509	"A"	"G"	"AGTAGTCTCAAGAAGT"	0	0	0	3	0	3	4	0	0	"1_152032509_A_G"
1	152032509	"A"	"G"	"AGTGAGGAGAATAGGG"	0	0	0	1	0	1	1	0	0	"1_152032509_A_G"
1	152032509	"A"	"G"	"GCATACAGTAGAAAGG"	0	0	0	1	0	1	1	0	0	"1_152032509_A_G"
1	152032509	"A"	"G"	"TCTCATAGTCACCCAG"	0	0	0	2	0	2	2	0	0	"1_152032509_A_G"
1	152032509	"A"	"G"	"GGAAAGCTCCAGAGGA"	0	0	0	1	0	1	1	0	0	"1_152032509_A_G"
1	152032509	"A"	"G"	"CGCTTCATCACTTACT"	0	0	0	1	0	1	1	0	0	"1_152032509_A_G"
1	152032509	"A"	"G"	"CGGACGTAGCCGGTAA"	0	0	0	1	0	1	1	0	0	"1_152032509_A_G"
1	152032509	"A"	"G"	"GCTTCCAAGGCGATAC"	0	0	0	10	0	10	11	0	0	"1_152032509_A_G"
1	152032509	"A"	"G"	"AGGGTGAAGTATCTCG"	0	0	0	9	0	9	9	10	0	"1_152032509_A_G"
1	152032509	"A"	"G"	"GGAACTTAGTATCTCG"	0	0	0	1	0	1	1	0	0	"1_152032509_A_G"
1	152032509	"A"	"G"	"GGAACTTCATTCTCAT"	0	0	0	3	0	3	3	0	0	"1_152032509_A_G"
1	152032509	"A"	"G"	"AGCGTCGAGAGAGCTC"	0	0	0	1	0	1	1	0	0	"1_152032509_A_G"
1	152032509	"A"	"G"	"CAGATCAGTTGGAGGT"	0	0	0	2	0	2	2	0	0	"1_152032509_A_G"
1	152032509	"A"	"G"	"CAGATCATCCATTCTA"	0	0	0	2	0	2	2	0	0	"1_152032509_A_G"
1	152032509	"A"	"G"	"AGCTCCTAGAGGTAGA"	0	0	0	1	0	1	1	0	0	"1_152032509_A_G"
1	152032509	"A"	"G"	"CAGCAGCCACACCGCA"	0	0	0	2	0	2	3	0	0	"1_152032509_A_G"
1	152032509	"A"	"G"	"CAACCAATCCTAGGGC"	0	0	0	1	0	1	2	0	0	"1_152032509_A_G"
1	152032509	"A"	"G"	"AGTAGTCCATCGGTTA"	0	0	0	1	0	1	1	0	0	"1_152032509_A_G"
1	152032509	"A"	"G"	"CGCTATCGTCCTAGCG"	0	0	0	2	0	2	2	0	0	"1_152032509_A_G"
1	152032509	"A"	"G"	"GCACTCTAGCTGAACG"	0	1	0	2	1	2	3	0	0.333333333333333	"1_152032509_A_G"
1	152032509	"A"	"G"	"TGGCGCAAGCGCTCCA"	0	1	0	2	1	2	3	0	0.333333333333333	"1_152032509_A_G"
1	152032509	"A"	"G"	"TCTCATAAGGATATAC"	0	0	0	6	0	6	6	0	0	"1_152032509_A_G"
1	152032509	"A"	"G"	"ATTCTACTCGAATGGG"	0	0	0	2	0	2	2	0	0	"1_152032509_A_G"
1	152032509	"A"	"G"	"AAAGCAAAGCGTTCCG"	0	0	0	2	0	2	2	0	0	"1_152032509_A_G"
1	152032509	"A"	"G"	"AGTCTTTTCCTCGCAT"	0	0	0	0	0	0	1	0	NA	"1_152032509_A_G"
1	152032509	"A"	"G"	"TGGTTAGGTCCTAGCG"	0	0	0	1	0	1	1	0	0	"1_152032509_A_G"
1	152032509	"A"	"G"	"CAACCAACATCCAACA"	0	0	0	5	0	5	5	0	0	"1_152032509_A_G"
1	152032509	"A"	"G"	"GTAACGTCATAGGATA"	0	0	0	1	0	1	1	0	0	"1_152032509_A_G"
1	152032509	"A"	"G"	"TCGAGGCAGATGAGAG"	0	0	0	1	0	1	1	0	0	"1_152032509_A_G"
1	152032509	"A"	"G"	"AAAGCAAGTAAATACG"	0	0	0	4	0	4	5	0	0	"1_152032509_A_G"
1	152032509	"A"	"G"	"CATGACATCGTTTAGG"	0	0	0	1	0	1	1	0	0	"1_152032509_A_G"
1	152032509	"A"	"G"	"AGGGTGATCATGCTCC"	0	0	0	1	0	1	1	0	0	"1_152032509_A_G"
1	152032509	"A"	"G"	"CGCTGGATCCGCAAGC"	0	0	0	3	0	3	3	0	0	"1_152032509_A_G"
1	152032509	"A"	"G"	"CCTTTCTCACATTCGA"	0	2	0	1	2	1	5	0	0.666666666666667	"1_152032509_A_G"
1	152032509	"A"	"G"	"CCACTACAGCCGTCGT"	0	0	0	3	0	3	3	0	0	"1_152032509_A_G"
1	152032509	"A"	"G"	"CGCCAAGAGTAAGTAC"	0	0	0	1	0	1	1	0	0	"1_152032509_A_G"
1	152032509	"A"	"G"	"TCCCGATTCAATAAGG"	0	0	0	1	0	1	1	0	0	"1_152032509_A_G"
1	152032509	"A"	"G"	"TCGGGACAGGACAGAA"	0	0	0	2	0	2	2	0	0	"1_152032509_A_G"
1	152032509	"A"	"G"	"ATGTGTGAGAAACCGC"	0	1	0	4	1	4	5	0	0.2	"1_152032509_A_G"
1	152032509	"A"	"G"	"GCTGGGTTCTTGAGGT"	0	1	0	4	1	4	6	0	0.2	"1_152032509_A_G"
1	152032509	"A"	"G"	"GCTTCCAAGGACGAAA"	0	0	0	2	0	2	2	0	0	"1_152032509_A_G"
1	152032509	"A"	"G"	"CGAGCACTCGTAGGTT"	0	0	0	1	0	1	1	0	0	"1_152032509_A_G"
1	152032509	"A"	"G"	"CAGCAGCAGCGTTCCG"	0	0	0	2	0	2	2	0	0	"1_152032509_A_G"
1	152032509	"A"	"G"	"GGGTCTGAGTGGACGT"	0	0	0	4	0	4	4	0	0	"1_152032509_A_G"
1	152032509	"A"	"G"	"CATGACAGTAGGGACT"	0	8	0	2	8	2	10	9.09090909090909	0.8	"1_152032509_A_G"
1	152032509	"A"	"G"	"ATGTGTGAGCAGATCG"	0	0	0	11	0	11	11	0	0	"1_152032509_A_G"
1	152032509	"A"	"G"	"GGAACTTTCAACCAAC"	0	0	0	12	0	12	12	0	0	"1_152032509_A_G"
1	152032509	"A"	"G"	"AGCTCTCCAACTTGAC"	0	0	0	3	0	3	3	0	0	"1_152032509_A_G"
1	152032509	"A"	"G"	"GCGACCAGTAGCTCCG"	0	0	0	1	0	1	1	0	0	"1_152032509_A_G"
1	152032509	"A"	"G"	"CCTTCCCTCGGTCCGA"	0	0	0	1	0	1	1	0	0	"1_152032509_A_G"
1	152032509	"A"	"G"	"AGTAGTCAGGAGCGTT"	0	0	0	5	0	5	9	0	0	"1_152032509_A_G"
1	152032509	"A"	"G"	"AGTAGTCCAGACGTAG"	0	0	0	2	0	2	2	0	0	"1_152032509_A_G"
1	152032509	"A"	"G"	"ATGGGAGTCTTTAGTC"	0	1	0	9	1	9	12	7.69230769230769	0.1	"1_152032509_A_G"
1	152032509	"A"	"G"	"GCACATAAGTGTTTGC"	0	0	0	3	0	3	3	0	0	"1_152032509_A_G"
1	152032509	"A"	"G"	"TCGTAGACATACGCTA"	0	0	0	1	0	1	1	0	0	"1_152032509_A_G"
1	152032509	"A"	"G"	"CGAACATAGTTCCACA"	0	0	0	3	0	3	3	0	0	"1_152032509_A_G"
1	152032509	"A"	"G"	"CGATTGAAGCCGGTAA"	0	0	0	2	0	2	2	0	0	"1_152032509_A_G"
1	152032509	"A"	"G"	"CCAGCGAGTACCGGCT"	0	0	0	1	0	1	1	0	0	"1_152032509_A_G"
1	152032509	"A"	"G"	"GCGCAACAGTCCGTAT"	0	0	0	7	0	7	7	0	0	"1_152032509_A_G"
1	152032509	"A"	"G"	"GGTGCGTTCGGCCGAT"	0	0	0	1	0	1	1	0	0	"1_152032509_A_G"
1	152032509	"A"	"G"	"CGATGGCTCACCCGAG"	0	0	0	4	0	4	4	0	0	"1_152032509_A_G"
1	152032509	"A"	"G"	"GCTGCTTGTTACGGAG"	0	0	0	1	0	1	3	0	0	"1_152032509_A_G"
1	152032509	"A"	"G"	"ATTTCTGTCAGTTGAC"	0	0	0	5	0	5	5	0	0	"1_152032509_A_G"
1	152032509	"A"	"G"	"CGAGCACCAGGCAGTA"	0	0	0	9	0	9	9	0	0	"1_152032509_A_G"
1	152032509	"A"	"G"	"GCGCCAAGTTCACGGC"	0	0	0	2	0	2	2	0	0	"1_152032509_A_G"
1	152032509	"A"	"G"	"GGGTCTGGTAGGGTAC"	0	0	0	6	0	6	6	0	0	"1_152032509_A_G"
1	152032509	"A"	"G"	"ATGGGAGTCACTTACT"	0	0	0	1	0	1	2	0	0	"1_152032509_A_G"
1	152032509	"A"	"G"	"AGGGTGATCAGCGACC"	0	1	0	2	1	2	4	0	0.333333333333333	"1_152032509_A_G"
1	152032509	"A"	"G"	"CAGATCAGTTGCCTCT"	0	0	0	2	0	2	2	0	0	"1_152032509_A_G"
1	152032509	"A"	"G"	"TGGACGCTCTTGCCGT"	0	0	0	0	0	0	2	0	NA	"1_152032509_A_G"
1	152032509	"A"	"G"	"GCACTCTCATCCTTGC"	0	0	0	1	0	1	3	0	0	"1_152032509_A_G"
1	152032509	"A"	"G"	"ATTATCCTCCATGAGT"	0	0	0	6	0	6	6	0	0	"1_152032509_A_G"
1	152032509	"A"	"G"	"TCGTAGAGTGGCCCTA"	0	0	0	2	0	2	2	0	0	"1_152032509_A_G"
1	152032509	"A"	"G"	"CGACTTCTCGAATGCT"	0	0	0	6	0	6	6	0	0	"1_152032509_A_G"
1	152032509	"A"	"G"	"GCGCAACAGGATTCGG"	0	0	0	2	0	2	3	0	0	"1_152032509_A_G"
1	152032509	"A"	"G"	"CGCGTTTTCTGCGTAA"	0	0	0	1	0	1	3	0	0	"1_152032509_A_G"
1	152032509	"A"	"G"	"TGGCTGGAGTACGTTC"	0	0	0	5	0	5	5	0	0	"1_152032509_A_G"
1	152032509	"A"	"G"	"CGATGTATCAAGCCTA"	0	1	0	8	1	8	9	10	0.111111111111111	"1_152032509_A_G"
1	152032509	"A"	"G"	"CATATGGTCTGCAAGT"	0	0	0	4	0	4	4	0	0	"1_152032509_A_G"
1	152032509	"A"	"G"	"CGATGTATCTGTCTCG"	0	0	0	3	0	3	3	0	0	"1_152032509_A_G"
1	152032509	"A"	"G"	"GGTGAAGAGCGATGAC"	0	0	0	1	0	1	1	0	0	"1_152032509_A_G"
1	152032509	"A"	"G"	"GCTCCTAAGAGTACCG"	0	1	0	0	1	0	1	0	1	"1_152032509_A_G"
1	152032509	"A"	"G"	"GGTGAAGGTCATTAGC"	0	0	0	5	0	5	5	0	0	"1_152032509_A_G"
1	152032509	"A"	"G"	"GGTGCGTAGCGTGTCC"	0	2	0	0	2	0	4	0	1	"1_152032509_A_G"
1	152032509	"A"	"G"	"ATGGGAGTCTTATCTG"	0	0	0	3	0	3	5	0	0	"1_152032509_A_G"
1	152032509	"A"	"G"	"CGACCTTCAGGGTACA"	0	0	0	3	0	3	3	0	0	"1_152032509_A_G"
1	152032509	"A"	"G"	"GCGCGATTCTTTCCTC"	0	0	0	1	0	1	1	0	0	"1_152032509_A_G"
1	152032509	"A"	"G"	"TCGGTAAAGTGAAGAG"	0	0	0	4	0	4	4	0	0	"1_152032509_A_G"
1	152032509	"A"	"G"	"CGAGCACCAGCTTCGG"	0	0	0	1	0	1	1	0	0	"1_152032509_A_G"
1	152032509	"A"	"G"	"AGGTCCGCACAGAGGT"	0	0	0	1	0	1	1	0	0	"1_152032509_A_G"
1	152032509	"A"	"G"	"TGGCTGGCATATACGC"	0	0	0	1	0	1	4	0	0	"1_152032509_A_G"
1	152032509	"A"	"G"	"AGGGTGACACACCGAC"	0	0	0	1	0	1	1	0	0	"1_152032509_A_G"
1	152032509	"A"	"G"	"CGACTTCAGCGCTTAT"	0	0	0	2	0	2	2	0	0	"1_152032509_A_G"
1	152032509	"A"	"G"	"GCCTCTATCATAGCAC"	0	0	0	1	0	1	1	0	0	"1_152032509_A_G"
1	152032509	"A"	"G"	"AAAGCAACAGGATCGA"	0	0	0	3	0	3	3	0	0	"1_152032509_A_G"
1	152032509	"A"	"G"	"GCGACCAAGCCCAACC"	0	3	0	6	3	6	9	10	0.333333333333333	"1_152032509_A_G"
1	152032509	"A"	"G"	"ATGTGTGCACTTCGAA"	0	0	0	2	0	2	2	0	0	"1_152032509_A_G"
1	152032509	"A"	"G"	"ATTGGTGGTAGCACGA"	0	0	0	2	0	2	2	0	0	"1_152032509_A_G"
1	152032509	"A"	"G"	"ATTATCCGTTGCGTTA"	0	0	0	2	0	2	2	0	0	"1_152032509_A_G"
1	152032509	"A"	"G"	"GCGAGAAAGATCCGAG"	0	0	0	2	0	2	2	0	0	"1_152032509_A_G"
1	152032509	"A"	"G"	"ATTGGTGTCATGCAAC"	0	0	0	3	0	3	3	0	0	"1_152032509_A_G"
1	152032509	"A"	"G"	"CGAATGTTCGTACCGG"	0	0	0	1	0	1	1	0	0	"1_152032509_A_G"
1	152032509	"A"	"G"	"GGTATTGTCGTTGCCT"	0	0	0	3	0	3	3	0	0	"1_152032509_A_G"
1	152032509	"A"	"G"	"ATGTGTGTCGTTTAGG"	0	0	0	3	0	3	3	0	0	"1_152032509_A_G"
1	152032509	"A"	"G"	"GCGCAGTCAGCTCCGA"	0	0	0	2	0	2	2	0	0	"1_152032509_A_G"
1	152032509	"A"	"G"	"GCGCAGTGTACGAAAT"	0	0	0	0	0	0	1	0	NA	"1_152032509_A_G"
1	152032509	"A"	"G"	"AGCTCTCTCGCAAACT"	0	0	0	1	0	1	1	0	0	"1_152032509_A_G"
1	152032509	"A"	"G"	"GCCTCTATCACAATGC"	0	1	0	1	1	1	2	0	0.5	"1_152032509_A_G"
1	152032509	"A"	"G"	"ATTCTACTCTGGGCCA"	0	0	0	1	0	1	1	0	0	"1_152032509_A_G"
1	152032509	"A"	"G"	"CGAATGTAGCAGGCTA"	0	2	0	0	2	0	2	0	1	"1_152032509_A_G"
1	152032509	"A"	"G"	"GGTATTGCAAAGTCAA"	0	2	0	0	2	0	2	0	1	"1_152032509_A_G"
1	152032509	"A"	"G"	"CGAATGTGTCTGGTCG"	0	0	0	4	0	4	4	0	0	"1_152032509_A_G"
1	152032509	"A"	"G"	"CGATCGGGTGCGATAG"	0	0	0	8	0	8	9	0	0	"1_152032509_A_G"
1	152032509	"A"	"G"	"ATGTGTGGTACAGACG"	0	0	0	1	0	1	1	0	0	"1_152032509_A_G"
1	152032509	"A"	"G"	"ATTATCCCAGGTGCCT"	0	0	0	2	0	2	2	0	0	"1_152032509_A_G"
1	152032509	"A"	"G"	"ATGTGTGGTTTGTGTG"	0	1	0	8	1	8	9	10	0.111111111111111	"1_152032509_A_G"
1	155169447	"C"	"T"	"CATGACAGTATAATGG"	0	0	0	35	0	35	35	7.89473684210526	0	"1_155169447_C_T"
1	155169447	"C"	"T"	"CTTAGGAGTGGAAAGA"	0	0	0	9	0	9	10	0	0	"1_155169447_C_T"
1	155169447	"C"	"T"	"CTTAGGATCATCTGCC"	0	0	0	6	0	6	6	0	0	"1_155169447_C_T"
1	155169447	"C"	"T"	"TGAAAGACAGCTCCGA"	0	0	0	2	0	2	2	0	0	"1_155169447_C_T"
1	155169447	"C"	"T"	"TGAAAGATCATGTCCC"	0	0	0	3	0	3	3	0	0	"1_155169447_C_T"
1	155169447	"C"	"T"	"CTTAGGAGTAAGGATT"	0	0	0	18	0	18	18	10	0	"1_155169447_C_T"
1	155169447	"C"	"T"	"TTAGTTCTCCGGGTGT"	0	0	0	39	0	39	39	4.8780487804878	0	"1_155169447_C_T"
1	155169447	"C"	"T"	"CAAGGCCGTATCGCAT"	0	0	0	5	0	5	5	0	0	"1_155169447_C_T"
1	155169447	"C"	"T"	"CTTCTCTGTAATCGTC"	0	0	0	8	0	8	8	0	0	"1_155169447_C_T"
1	155169447	"C"	"T"	"CTTCTCTGTCTCAACA"	0	0	0	1	0	1	1	0	0	"1_155169447_C_T"
1	155169447	"C"	"T"	"GCATACACATACAGCT"	0	0	0	20	0	20	20	4.76190476190476	0	"1_155169447_C_T"
1	155169447	"C"	"T"	"CAAGTTGCAAGCGATG"	0	0	0	3	0	3	3	0	0	"1_155169447_C_T"
1	155169447	"C"	"T"	"TTAGGACGTTCACGGC"	0	0	0	2	0	2	2	0	0	"1_155169447_C_T"
1	155169447	"C"	"T"	"TCTTTCCAGACCGGAT"	0	0	0	11	0	11	11	0	0	"1_155169447_C_T"
1	155169447	"C"	"T"	"TTAGGCAAGTGTCCCG"	0	0	0	7	0	7	7	0	0	"1_155169447_C_T"
1	155169447	"C"	"T"	"CAAGGCCTCCGAACGC"	0	0	0	5	0	5	5	0	0	"1_155169447_C_T"
1	155169447	"C"	"T"	"CAAGGCCAGTGAATTG"	0	0	0	5	0	5	5	0	0	"1_155169447_C_T"
1	155169447	"C"	"T"	"TTAGGCACAAAGGAAG"	0	0	0	4	0	4	4	0	0	"1_155169447_C_T"
1	155169447	"C"	"T"	"CAAGGCCCAGCTCGCA"	0	0	0	11	0	11	11	0	0	"1_155169447_C_T"
1	155169447	"C"	"T"	"CATGACAGTAGGGACT"	0	0	0	19	0	19	19	0	0	"1_155169447_C_T"
1	155169447	"C"	"T"	"TCTTCGGCATGTCGAT"	0	0	0	1	0	1	1	0	0	"1_155169447_C_T"
1	155169447	"C"	"T"	"CTTTGCGGTCATGCAT"	0	0	0	16	0	16	16	5.88235294117647	0	"1_155169447_C_T"
1	155169447	"C"	"T"	"TCTTCGGCATGTTCCC"	0	0	0	3	0	3	3	0	0	"1_155169447_C_T"
1	155169447	"C"	"T"	"TCTGAGATCAACGGGA"	0	0	0	1	0	1	1	0	0	"1_155169447_C_T"
1	155169447	"C"	"T"	"TGACAACGTAAGTTCC"	0	0	0	2	0	2	2	0	0	"1_155169447_C_T"
1	155169447	"C"	"T"	"CATGCCTGTGCACTTA"	0	0	0	4	0	4	4	0	0	"1_155169447_C_T"
1	155169447	"C"	"T"	"CATGGCGCACAAGACG"	0	0	0	2	0	2	2	0	0	"1_155169447_C_T"
1	155169447	"C"	"T"	"TTAGTTCTCAACACTG"	0	1	0	6	1	6	7	0	0.142857142857143	"1_155169447_C_T"
1	155169447	"C"	"T"	"GACTGCGAGTGGTCCC"	0	0	0	19	0	19	19	0	0	"1_155169447_C_T"
1	155169447	"C"	"T"	"TCTGGAATCGCCGTGA"	0	0	0	8	0	8	8	0	0	"1_155169447_C_T"
1	155169447	"C"	"T"	"GCAAACTCATGCTGGC"	0	0	0	5	0	5	5	0	0	"1_155169447_C_T"
1	155169447	"C"	"T"	"CATCGGGAGATAGTCA"	0	0	0	14	0	14	14	0	0	"1_155169447_C_T"
1	155169447	"C"	"T"	"CATCGGGTCCTTCAAT"	0	0	0	22	0	22	22	0	0	"1_155169447_C_T"
1	155169447	"C"	"T"	"CTTTGCGAGGGTGTGT"	0	1	0	2	1	2	3	0	0.333333333333333	"1_155169447_C_T"
1	155169447	"C"	"T"	"CTTGGCTCAGCCTATA"	0	0	0	8	0	8	8	0	0	"1_155169447_C_T"
1	155169447	"C"	"T"	"CTTAGGAAGGTAGCTG"	0	0	0	5	0	5	5	0	0	"1_155169447_C_T"
1	155169447	"C"	"T"	"CTTAGGAAGCAAATCA"	0	0	0	2	0	2	2	0	0	"1_155169447_C_T"
1	155169447	"C"	"T"	"GAAATGAAGGATGGAA"	0	0	0	19	0	19	19	0	0	"1_155169447_C_T"
1	155169447	"C"	"T"	"TCTCATAAGGATATAC"	0	0	0	3	0	3	3	0	0	"1_155169447_C_T"
1	155169447	"C"	"T"	"GATTCAGAGCTGCGAA"	0	0	0	14	0	14	14	6.66666666666667	0	"1_155169447_C_T"
1	155169447	"C"	"T"	"TCTGAGATCTGAAAGA"	0	0	0	14	0	14	14	6.66666666666667	0	"1_155169447_C_T"
1	155169447	"C"	"T"	"CGTGTCTGTAGCTTGT"	0	0	0	4	0	4	4	0	0	"1_155169447_C_T"
1	155169447	"C"	"T"	"TTAGGCATCATTGCGA"	0	0	0	10	0	10	10	0	0	"1_155169447_C_T"
1	155169447	"C"	"T"	"TTAGTTCAGAGTGACC"	0	0	0	4	0	4	4	0	0	"1_155169447_C_T"
1	155169447	"C"	"T"	"CTTACCGTCTGCCCTA"	0	0	0	1	0	1	1	0	0	"1_155169447_C_T"
1	155169447	"C"	"T"	"GATGAGGCAAAGAATC"	0	0	0	4	0	4	4	0	0	"1_155169447_C_T"
1	155169447	"C"	"T"	"GAAATGATCGATGAGG"	0	0	0	15	0	15	15	0	0	"1_155169447_C_T"
1	155169447	"C"	"T"	"TTCCCAGGTGCACGAA"	0	0	0	12	0	12	12	7.69230769230769	0	"1_155169447_C_T"
1	155169447	"C"	"T"	"CGTGTCTAGAATTGTG"	0	0	0	6	0	6	6	0	0	"1_155169447_C_T"
1	155169447	"C"	"T"	"CGTGTCTGTGCGCTTG"	0	0	0	6	0	6	6	0	0	"1_155169447_C_T"
1	155169447	"C"	"T"	"GCATACAAGCTTTGGT"	0	0	0	14	0	14	14	6.66666666666667	0	"1_155169447_C_T"
1	155169447	"C"	"T"	"CACAAACAGCTGCGAA"	0	0	0	1	0	1	1	0	0	"1_155169447_C_T"
1	155169447	"C"	"T"	"CTGCTGTAGTCGAGTG"	0	0	0	2	0	2	2	0	0	"1_155169447_C_T"
1	155169447	"C"	"T"	"GAAGCAGCATGCATGT"	0	0	0	4	0	4	4	0	0	"1_155169447_C_T"
1	155169447	"C"	"T"	"ATGTGTGAGAAACCGC"	0	0	0	11	0	11	11	0	0	"1_155169447_C_T"
1	155169447	"C"	"T"	"GATTCAGGTACACCGC"	0	0	0	19	0	19	19	0	0	"1_155169447_C_T"
1	155169447	"C"	"T"	"CAAGATCTCTTAACCT"	0	0	0	11	0	11	11	0	0	"1_155169447_C_T"
1	155169447	"C"	"T"	"CGTGTCTAGAAGGTGA"	0	0	0	5	0	5	5	0	0	"1_155169447_C_T"
1	155169447	"C"	"T"	"CATGACATCGTTTAGG"	0	0	0	16	0	16	16	0	0	"1_155169447_C_T"
1	155169447	"C"	"T"	"TCTGAGAGTCAGAAGC"	0	0	0	3	0	3	3	0	0	"1_155169447_C_T"
1	155169447	"C"	"T"	"TTATGCTCAATGGACG"	0	0	0	8	0	8	8	0	0	"1_155169447_C_T"
1	155169447	"C"	"T"	"TCTGGAAAGACTACAA"	0	0	0	11	0	11	11	0	0	"1_155169447_C_T"
1	155169447	"C"	"T"	"CAAGAAATCAATCACG"	0	0	0	4	0	4	4	0	0	"1_155169447_C_T"
1	155169447	"C"	"T"	"CATCAGATCCAACCAA"	0	0	0	7	0	7	7	0	0	"1_155169447_C_T"
1	155169447	"C"	"T"	"TTAGGACGTTAGAACA"	0	0	0	1	0	1	1	0	0	"1_155169447_C_T"
1	155169447	"C"	"T"	"AGTGAGGAGAATAGGG"	0	0	0	1	0	1	1	0	0	"1_155169447_C_T"
1	155169447	"C"	"T"	"GAAACTCCACAACTGT"	0	0	1	60	0	61	61	6.15384615384615	0	"1_155169447_C_T"
1	155169447	"C"	"T"	"GTCGGGTAGATCACGG"	0	0	0	2	0	2	2	0	0	"1_155169447_C_T"
1	155169447	"C"	"T"	"TCGAGGCAGTTAACGA"	0	0	0	4	0	4	4	0	0	"1_155169447_C_T"
1	155169447	"C"	"T"	"CACAAACGTAGGCATG"	0	0	0	4	0	4	4	0	0	"1_155169447_C_T"
1	155169447	"C"	"T"	"CCAATCCCACCAGTTA"	0	0	0	7	0	7	7	0	0	"1_155169447_C_T"
1	155169447	"C"	"T"	"CAACCTCCACGGCCAT"	0	0	0	15	0	15	15	0	0	"1_155169447_C_T"
1	155169447	"C"	"T"	"GAATAAGCAGCGAACA"	0	0	0	4	0	4	4	0	0	"1_155169447_C_T"
1	155169447	"C"	"T"	"AGGGTGAAGTTGAGTA"	0	0	0	6	0	6	6	0	0	"1_155169447_C_T"
1	155169447	"C"	"T"	"CATCCACGTGCAACTT"	0	0	0	23	0	23	23	4.16666666666667	0	"1_155169447_C_T"
1	155169447	"C"	"T"	"ACTATCTCACACATGT"	0	0	0	10	0	10	10	0	0	"1_155169447_C_T"
1	155169447	"C"	"T"	"CATCGAAGTCACAAGG"	0	0	0	8	0	8	8	0	0	"1_155169447_C_T"
1	155169447	"C"	"T"	"CGTCTACTCTTCGAGA"	0	0	0	16	0	16	16	5.88235294117647	0	"1_155169447_C_T"
1	155169447	"C"	"T"	"CGTTCTGAGAGCTGGT"	0	0	0	3	0	3	3	0	0	"1_155169447_C_T"
1	155169447	"C"	"T"	"CGTCTACTCCAGTATG"	0	0	0	2	0	2	2	0	0	"1_155169447_C_T"
1	155169447	"C"	"T"	"AACGTTGAGTGTTTGC"	0	0	0	17	0	17	17	0	0	"1_155169447_C_T"
1	155169447	"C"	"T"	"CAAGAAAGTCCTAGCG"	0	0	0	6	0	6	6	0	0	"1_155169447_C_T"
1	155169447	"C"	"T"	"GCACATACATCCGGGT"	0	0	0	2	0	2	2	0	0	"1_155169447_C_T"
1	155169447	"C"	"T"	"CATTCGCTCGTATCAG"	0	0	0	10	0	10	10	0	0	"1_155169447_C_T"
1	155169447	"C"	"T"	"GCCAAATTCGAACGGA"	0	0	0	17	0	17	18	5.26315789473684	0	"1_155169447_C_T"
1	155169447	"C"	"T"	"AGGGTGACATCGGAAG"	0	0	0	3	0	3	3	0	0	"1_155169447_C_T"
1	155169447	"C"	"T"	"ACTATCTAGAATTCCC"	0	0	0	3	0	3	3	0	0	"1_155169447_C_T"
1	155169447	"C"	"T"	"ACTGAACAGGCTCAGA"	0	0	0	1	0	1	1	0	0	"1_155169447_C_T"
1	155169447	"C"	"T"	"ACTGAACAGGGATACC"	0	0	0	2	0	2	2	0	0	"1_155169447_C_T"
1	155169447	"C"	"T"	"TTATGCTCACTGAAGG"	0	0	0	4	0	4	4	0	0	"1_155169447_C_T"
1	155169447	"C"	"T"	"GAACCTATCCCAAGAT"	0	0	0	6	0	6	6	0	0	"1_155169447_C_T"
1	155169447	"C"	"T"	"TTATGCTGTGGTACAG"	0	0	0	27	0	27	27	3.57142857142857	0	"1_155169447_C_T"
1	155169447	"C"	"T"	"CTGTTTACATTCCTGC"	0	0	0	7	0	7	7	0	0	"1_155169447_C_T"
1	155169447	"C"	"T"	"GCACATATCTCAACTT"	0	0	0	27	0	27	27	10	0	"1_155169447_C_T"
1	155169447	"C"	"T"	"AACTGGTGTCGGGTCT"	0	0	0	4	0	4	4	0	0	"1_155169447_C_T"
1	155169447	"C"	"T"	"GAACGGAAGACAGACC"	0	0	0	2	0	2	2	0	0	"1_155169447_C_T"
1	155169447	"C"	"T"	"TCGAGGCAGTGTTTGC"	0	0	0	6	0	6	6	0	0	"1_155169447_C_T"
1	155169447	"C"	"T"	"ACGTCAAGTCTCACCT"	0	0	0	9	0	9	9	0	0	"1_155169447_C_T"
1	155169447	"C"	"T"	"GATGAAACAGCTTCGG"	0	0	0	3	0	3	3	0	0	"1_155169447_C_T"
1	155169447	"C"	"T"	"CCAATCCAGGACACCA"	0	0	0	2	0	2	2	0	0	"1_155169447_C_T"
1	155169447	"C"	"T"	"TCGTAGAGTGGCCCTA"	0	0	0	4	0	4	4	0	0	"1_155169447_C_T"
1	155169447	"C"	"T"	"GCCTCTACAGTCAGAG"	0	0	0	3	0	3	3	0	0	"1_155169447_C_T"
1	155169447	"C"	"T"	"TACGGGCCAGGGCATA"	0	0	0	22	0	22	22	0	0	"1_155169447_C_T"
1	155169447	"C"	"T"	"TACGGGCGTTCGTGAT"	0	0	0	15	0	15	15	0	0	"1_155169447_C_T"
1	155169447	"C"	"T"	"TTCGGTCGTACATGTC"	0	0	0	4	0	4	4	0	0	"1_155169447_C_T"
1	155169447	"C"	"T"	"GCACATAAGTTTCCTT"	0	0	0	1	0	1	1	0	0	"1_155169447_C_T"
1	155169447	"C"	"T"	"ACTGAGTAGATGCGAC"	0	0	0	2	0	2	2	0	0	"1_155169447_C_T"
1	155169447	"C"	"T"	"GACTGCGAGGATGCGT"	0	0	0	8	0	8	8	0	0	"1_155169447_C_T"
1	155169447	"C"	"T"	"GACTGCGAGCTAAGAT"	0	0	0	5	0	5	5	0	0	"1_155169447_C_T"
1	155169447	"C"	"T"	"AGCGTATAGAGGTTGC"	0	0	0	1	0	1	1	0	0	"1_155169447_C_T"
1	155169447	"C"	"T"	"GCAAACTCACTGTTAG"	0	0	0	4	0	4	4	0	0	"1_155169447_C_T"
1	155169447	"C"	"T"	"GCAAACTAGGGAACGG"	0	0	0	2	0	2	2	0	0	"1_155169447_C_T"
1	155169447	"C"	"T"	"CTGTTTAAGCGATAGC"	0	0	0	3	0	3	3	0	0	"1_155169447_C_T"
1	155169447	"C"	"T"	"AGGGTGACAAACTGCT"	0	0	0	5	0	5	5	0	0	"1_155169447_C_T"
1	155169447	"C"	"T"	"GCCAAATTCCATGAGT"	0	0	0	3	0	3	3	0	0	"1_155169447_C_T"
1	155169447	"C"	"T"	"TCTCTAATCTACCTGC"	0	0	0	20	0	20	20	0	0	"1_155169447_C_T"
1	155169447	"C"	"T"	"GCAGTTATCCTCCTAG"	0	0	0	23	0	23	23	0	0	"1_155169447_C_T"
1	155169447	"C"	"T"	"TGACGGCGTCCATCCT"	0	0	0	32	0	32	32	0	0	"1_155169447_C_T"
1	155169447	"C"	"T"	"GTCTTCGTCAAACCAC"	0	0	0	3	0	3	3	0	0	"1_155169447_C_T"
1	155169447	"C"	"T"	"TTATGCTCATCTCCCA"	0	0	0	2	0	2	2	0	0	"1_155169447_C_T"
1	155169447	"C"	"T"	"CATGGCGTCGTATCAG"	0	0	0	2	0	2	2	0	0	"1_155169447_C_T"
1	155169447	"C"	"T"	"AACTGGTAGCGCCTCA"	0	0	0	13	0	13	13	0	0	"1_155169447_C_T"
1	155169447	"C"	"T"	"AACTGGTTCTGAGTGT"	0	0	0	6	0	6	6	0	0	"1_155169447_C_T"
1	155169447	"C"	"T"	"GATCTAGTCGCAAACT"	0	0	0	8	0	8	8	0	0	"1_155169447_C_T"
1	155169447	"C"	"T"	"AGTTGGTTCGGTCTAA"	0	0	0	24	0	24	24	7.69230769230769	0	"1_155169447_C_T"
1	155169447	"C"	"T"	"GCCAAATTCCTCAACC"	0	0	0	7	0	7	7	0	0	"1_155169447_C_T"
1	155169447	"C"	"T"	"GCCTCTAGTAGCGTCC"	0	0	0	1	0	1	1	0	0	"1_155169447_C_T"
1	155169447	"C"	"T"	"GAATAAGCACGCGAAA"	0	0	0	4	0	4	4	0	0	"1_155169447_C_T"
1	155169447	"C"	"T"	"TACGGTAAGGTGCAAC"	0	0	0	14	0	14	14	0	0	"1_155169447_C_T"
1	155169447	"C"	"T"	"TCTCATAGTCACCCAG"	0	0	0	8	0	8	8	0	0	"1_155169447_C_T"
1	155169447	"C"	"T"	"TCTCTAACAATGGTCT"	0	0	0	10	0	10	10	9.09090909090909	0	"1_155169447_C_T"
1	155169447	"C"	"T"	"CCTCTGATCTGCTTGC"	0	0	0	9	0	9	9	0	0	"1_155169447_C_T"
1	155169447	"C"	"T"	"AGTTGGTAGCAGGTCA"	0	0	0	7	0	7	7	0	0	"1_155169447_C_T"
1	155169447	"C"	"T"	"ACTGAACTCTGATACG"	0	0	0	14	0	14	14	0	0	"1_155169447_C_T"
1	155169447	"C"	"T"	"TACGGTAGTACAGTGG"	0	0	0	7	0	7	7	0	0	"1_155169447_C_T"
1	155169447	"C"	"T"	"GATGAGGGTTGCGTTA"	0	0	0	1	0	1	1	0	0	"1_155169447_C_T"
1	155169447	"C"	"T"	"TCTCTAACACCGAATT"	0	0	0	2	0	2	2	0	0	"1_155169447_C_T"
1	155169447	"C"	"T"	"TTAACTCCATGTAAGA"	0	0	0	1	0	1	1	0	0	"1_155169447_C_T"
1	155169447	"C"	"T"	"TTAACTCGTACACCGC"	0	0	0	19	0	19	19	0	0	"1_155169447_C_T"
1	155169447	"C"	"T"	"TCGCGAGCAGGAACGT"	0	0	0	7	0	7	7	0	0	"1_155169447_C_T"
1	155169447	"C"	"T"	"CTGTTTAAGCTAAGAT"	0	0	0	16	0	16	16	0	0	"1_155169447_C_T"
1	155169447	"C"	"T"	"CTGTGCTGTTCCACGG"	0	0	0	4	0	4	4	0	0	"1_155169447_C_T"
1	155169447	"C"	"T"	"AGGGTGACACACCGAC"	0	0	0	3	0	3	3	0	0	"1_155169447_C_T"
1	155169447	"C"	"T"	"CATCAGAGTCTTCGTC"	0	0	0	5	0	5	5	0	0	"1_155169447_C_T"
1	155169447	"C"	"T"	"AACTGGTTCTTGGGTA"	0	0	0	43	0	43	43	2.27272727272727	0	"1_155169447_C_T"
1	155169447	"C"	"T"	"AACTTTCCAAGTTAAG"	0	0	0	21	0	21	21	0	0	"1_155169447_C_T"
1	155169447	"C"	"T"	"GTCCTCAGTTACCAGT"	0	0	0	9	0	9	9	0	0	"1_155169447_C_T"
1	155169447	"C"	"T"	"GCATGTAGTCGAACAG"	0	0	0	13	0	13	13	0	0	"1_155169447_C_T"
1	155169447	"C"	"T"	"GCATGTATCGAGCCCA"	0	0	0	6	0	6	6	0	0	"1_155169447_C_T"
1	155169447	"C"	"T"	"CATTATCAGATGCGAC"	0	0	0	2	0	2	2	0	0	"1_155169447_C_T"
1	155169447	"C"	"T"	"GCCAAATCAGGTCCAC"	0	0	0	4	0	4	4	0	0	"1_155169447_C_T"
1	155169447	"C"	"T"	"TTAGGACCACGGCGTT"	0	0	0	2	0	2	2	0	0	"1_155169447_C_T"
1	155169447	"C"	"T"	"AGTTGGTCAGGTCTCG"	0	0	0	5	0	5	5	0	0	"1_155169447_C_T"
1	155169447	"C"	"T"	"TCGTAGACACGCATCG"	0	0	0	9	0	9	9	0	0	"1_155169447_C_T"
1	155169447	"C"	"T"	"TCGTAGACATACGCTA"	0	0	0	10	0	10	11	8.33333333333333	0	"1_155169447_C_T"
1	155169447	"C"	"T"	"TACGGGCAGCACACAG"	0	0	0	6	0	6	6	0	0	"1_155169447_C_T"
1	155169447	"C"	"T"	"CAACCTCCATCAGTCA"	0	0	0	15	0	15	15	6.25	0	"1_155169447_C_T"
1	155169447	"C"	"T"	"GAATAAGGTCTCTCGT"	0	0	0	2	0	2	2	0	0	"1_155169447_C_T"
1	155169447	"C"	"T"	"GCCTCTAGTGAAGGCT"	0	0	0	3	0	3	3	0	0	"1_155169447_C_T"
1	155169447	"C"	"T"	"TACGGTACATCCAACA"	0	0	0	4	0	4	4	0	0	"1_155169447_C_T"
1	155169447	"C"	"T"	"GACACGCCACAGGCCT"	0	0	0	12	0	12	12	7.69230769230769	0	"1_155169447_C_T"
1	155169447	"C"	"T"	"TTCTACACATCGGAAG"	0	0	0	5	0	5	5	0	0	"1_155169447_C_T"
1	155169447	"C"	"T"	"GACACGCCATACGCCG"	0	0	0	16	0	16	16	0	0	"1_155169447_C_T"
1	155169447	"C"	"T"	"TTCTCAAAGAAGCCCA"	0	0	0	5	0	5	5	0	0	"1_155169447_C_T"
1	155169447	"C"	"T"	"CCACGGAAGGCCCTCA"	0	0	0	4	0	4	4	0	0	"1_155169447_C_T"
1	155169447	"C"	"T"	"GCGAGAAAGATCCGAG"	0	0	0	3	0	3	3	0	0	"1_155169447_C_T"
1	155169447	"C"	"T"	"TCGCGAGGTAAGGGAA"	0	0	0	12	0	12	12	0	0	"1_155169447_C_T"
1	155169447	"C"	"T"	"CGTGTAACACGTTGGC"	0	0	0	5	0	5	5	0	0	"1_155169447_C_T"
1	155169447	"C"	"T"	"TTAGGACCATGTCGAT"	0	0	0	30	0	30	30	0	0	"1_155169447_C_T"
1	155169447	"C"	"T"	"ACGGGCTGTTCCAACA"	0	0	0	2	0	2	2	0	0	"1_155169447_C_T"
1	155169447	"C"	"T"	"ACGGGTCAGTTGCAGG"	0	0	0	2	0	2	2	0	0	"1_155169447_C_T"
1	155169447	"C"	"T"	"AGTCTTTTCCTCGCAT"	0	0	0	5	0	5	5	0	0	"1_155169447_C_T"
1	155169447	"C"	"T"	"GCATACAGTCTAACGT"	0	0	0	4	0	4	4	0	0	"1_155169447_C_T"
1	155169447	"C"	"T"	"GCCAAATCAATCAGAA"	0	0	0	3	0	3	3	0	0	"1_155169447_C_T"
1	155169447	"C"	"T"	"ACTGAACTCCTTAATC"	0	0	0	31	0	31	31	8.82352941176471	0	"1_155169447_C_T"
1	155169447	"C"	"T"	"CATTATCGTTTGACAC"	0	0	0	3	0	3	3	0	0	"1_155169447_C_T"
1	155169447	"C"	"T"	"CCTTTCTTCGATCCCT"	0	0	0	9	0	9	9	0	0	"1_155169447_C_T"
1	155169447	"C"	"T"	"GTCTTCGTCATAACCG"	0	0	0	11	0	11	11	0	0	"1_155169447_C_T"
1	155169447	"C"	"T"	"GTCTTCGTCATGTCTT"	0	0	0	4	0	4	4	0	0	"1_155169447_C_T"
1	155169447	"C"	"T"	"ACTGAGTGTGAGGGAG"	0	0	0	39	0	39	39	9.30232558139535	0	"1_155169447_C_T"
1	155169447	"C"	"T"	"TCTCATACACACCGAC"	0	0	0	3	0	3	3	0	0	"1_155169447_C_T"
1	155169447	"C"	"T"	"CCTCTGAGTAACGTTC"	0	0	0	3	0	3	3	0	0	"1_155169447_C_T"
1	155169447	"C"	"T"	"CAACCTCGTATAATGG"	0	0	0	4	0	4	4	0	0	"1_155169447_C_T"
1	155169447	"C"	"T"	"TTCTACAAGTCGATAA"	0	0	0	4	0	4	4	0	0	"1_155169447_C_T"
1	155169447	"C"	"T"	"CAACTAGTCGCTGATA"	0	0	0	11	0	11	11	8.33333333333333	0	"1_155169447_C_T"
1	155169447	"C"	"T"	"CAACTAGTCTGCCCTA"	0	0	0	7	0	7	7	0	0	"1_155169447_C_T"
1	155169447	"C"	"T"	"ATGGGAGTCTTATCTG"	0	0	0	9	0	9	9	0	0	"1_155169447_C_T"
1	155169447	"C"	"T"	"AAACCTGAGATGTGTA"	0	0	0	5	0	5	5	0	0	"1_155169447_C_T"
1	155169447	"C"	"T"	"AAACCTGAGGCCCGTT"	0	0	0	12	0	12	12	0	0	"1_155169447_C_T"
1	155169447	"C"	"T"	"CGTGTAAAGAGATGAG"	0	0	0	6	0	6	6	0	0	"1_155169447_C_T"
1	155169447	"C"	"T"	"CGTGTAAGTATGAAAC"	0	0	0	2	0	2	2	0	0	"1_155169447_C_T"
1	155169447	"C"	"T"	"AGTAGTCCAGACGTAG"	0	0	0	11	0	11	11	0	0	"1_155169447_C_T"
1	155169447	"C"	"T"	"CGTTAGACACCAGATT"	0	0	0	1	0	1	1	0	0	"1_155169447_C_T"
1	155169447	"C"	"T"	"CGTTAGAGTCATATCG"	0	0	0	7	0	7	7	0	0	"1_155169447_C_T"
1	155169447	"C"	"T"	"CGTTCTGTCAACACAC"	0	0	0	5	0	5	5	0	0	"1_155169447_C_T"
1	155169447	"C"	"T"	"AGTGGGAGTCCTCTTG"	0	0	0	1	0	1	1	0	0	"1_155169447_C_T"
1	155169447	"C"	"T"	"CACACAAGTGTGGTTT"	0	0	0	7	0	7	7	0	0	"1_155169447_C_T"
1	155169447	"C"	"T"	"TGACGGCTCTCCAGGG"	0	0	0	2	0	2	2	0	0	"1_155169447_C_T"
1	155169447	"C"	"T"	"ACTGAACTCGTGACAT"	0	0	0	19	0	19	19	0	0	"1_155169447_C_T"
1	155169447	"C"	"T"	"GATCGTATCGGAATCT"	0	0	0	11	0	11	11	0	0	"1_155169447_C_T"
1	155169447	"C"	"T"	"GATCTAGGTACCGTTA"	0	0	0	9	0	9	9	0	0	"1_155169447_C_T"
1	155169447	"C"	"T"	"CCTATTATCTCGGACG"	0	0	0	5	0	5	5	0	0	"1_155169447_C_T"
1	155169447	"C"	"T"	"CAACCAATCCTAGGGC"	0	0	0	13	0	13	13	0	0	"1_155169447_C_T"
1	155169447	"C"	"T"	"ACTGAGTGTTCACCTC"	0	0	0	2	0	2	2	0	0	"1_155169447_C_T"
1	155169447	"C"	"T"	"TTCGAAGTCACTCTTA"	0	0	0	2	0	2	2	0	0	"1_155169447_C_T"
1	155169447	"C"	"T"	"CAACCTCGTGAGGGAG"	0	0	0	14	0	14	14	0	0	"1_155169447_C_T"
1	155169447	"C"	"T"	"CAACTAGAGTGGGCTA"	0	0	0	13	0	13	13	0	0	"1_155169447_C_T"
1	155169447	"C"	"T"	"TTCTACACAACACCTA"	0	0	0	1	0	1	1	0	0	"1_155169447_C_T"
1	155169447	"C"	"T"	"CCTTACGTCCTCGCAT"	0	0	0	1	0	1	1	0	0	"1_155169447_C_T"
1	155169447	"C"	"T"	"AACGTTGAGGCGACAT"	0	0	0	20	0	20	20	0	0	"1_155169447_C_T"
1	155169447	"C"	"T"	"AGGGTGATCAGCGACC"	0	0	0	2	0	2	2	0	0	"1_155169447_C_T"
1	155169447	"C"	"T"	"GACTGCGGTCGGCATC"	0	0	0	31	0	31	31	3.125	0	"1_155169447_C_T"
1	155169447	"C"	"T"	"TCGCGTTAGAAGGGTA"	0	0	0	3	0	3	3	0	0	"1_155169447_C_T"
1	155169447	"C"	"T"	"TACTCATTCCGTACAA"	0	0	0	7	0	7	7	0	0	"1_155169447_C_T"
1	155169447	"C"	"T"	"GGACGTCTCGTCCGTT"	0	0	0	3	0	3	3	0	0	"1_155169447_C_T"
1	155169447	"C"	"T"	"GGAGCAAAGCTAACTC"	0	0	0	11	0	11	11	0	0	"1_155169447_C_T"
1	155169447	"C"	"T"	"GGAGCAAAGGGATGGG"	0	0	0	5	0	5	5	0	0	"1_155169447_C_T"
1	155169447	"C"	"T"	"ACGGGTCCATCTGGTA"	0	0	0	1	0	1	1	0	0	"1_155169447_C_T"
1	155169447	"C"	"T"	"ACGTCAAAGACTTGAA"	0	0	0	3	0	3	3	0	0	"1_155169447_C_T"
1	155169447	"C"	"T"	"AGTGAGGAGTTGAGTA"	0	0	0	6	0	6	6	0	0	"1_155169447_C_T"
1	155169447	"C"	"T"	"CGTTAGATCTGCCCTA"	0	0	0	4	0	4	4	0	0	"1_155169447_C_T"
1	155169447	"C"	"T"	"AGTGAGGGTATCAGTC"	0	0	0	7	0	7	7	0	0	"1_155169447_C_T"
1	155169447	"C"	"T"	"AGTGTCACACCGAAAG"	0	0	0	9	0	9	9	0	0	"1_155169447_C_T"
1	155169447	"C"	"T"	"AAGACCTAGGAATTAC"	0	0	0	5	0	5	5	0	0	"1_155169447_C_T"
1	155169447	"C"	"T"	"CGAACATGTCTAAACC"	0	0	0	2	0	2	2	0	0	"1_155169447_C_T"
1	155169447	"C"	"T"	"TAGTGGTGTTGTCGCG"	0	0	0	4	0	4	4	0	0	"1_155169447_C_T"
1	155169447	"C"	"T"	"CAACCAACATCCAACA"	0	0	0	1	0	1	1	0	0	"1_155169447_C_T"
1	155169447	"C"	"T"	"TAGTTGGGTATAAACG"	0	0	0	5	0	5	5	0	0	"1_155169447_C_T"
1	155169447	"C"	"T"	"CCTCTGAAGCGCCTCA"	0	0	0	6	0	6	6	0	0	"1_155169447_C_T"
1	155169447	"C"	"T"	"CGTCCATAGTCTTGCA"	0	0	0	1	0	1	1	0	0	"1_155169447_C_T"
1	155169447	"C"	"T"	"CGTCCATGTCTAGTGT"	0	0	0	2	0	2	2	0	0	"1_155169447_C_T"
1	155169447	"C"	"T"	"AGGCCACTCATACGGT"	0	0	0	22	0	22	22	0	0	"1_155169447_C_T"
1	155169447	"C"	"T"	"CCAATCCGTAAGGATT"	0	0	0	3	0	3	3	0	0	"1_155169447_C_T"
1	155169447	"C"	"T"	"CCACCTACACTGTGTA"	0	0	0	4	0	4	4	0	0	"1_155169447_C_T"
1	155169447	"C"	"T"	"TCCACACTCAGAAATG"	0	0	0	3	0	3	3	0	0	"1_155169447_C_T"
1	155169447	"C"	"T"	"TCCCGATAGTCCCACG"	0	0	0	2	0	2	2	0	0	"1_155169447_C_T"
1	155169447	"C"	"T"	"ACTGATGGTTCAGTAC"	0	0	0	19	0	19	19	0	0	"1_155169447_C_T"
1	155169447	"C"	"T"	"CCACCTAGTTGCTCCT"	0	0	0	18	0	18	18	5.26315789473684	0	"1_155169447_C_T"
1	155169447	"C"	"T"	"TTCTACAGTCATGCCG"	0	0	0	4	0	4	4	0	0	"1_155169447_C_T"
1	155169447	"C"	"T"	"GCGACCATCTGAAAGA"	0	0	0	20	0	20	20	4.76190476190476	0	"1_155169447_C_T"
1	155169447	"C"	"T"	"AGGGTGATCATGCTCC"	0	0	0	2	0	2	2	0	0	"1_155169447_C_T"
1	155169447	"C"	"T"	"AGGGTGATCTCAACTT"	0	0	0	3	0	3	3	0	0	"1_155169447_C_T"
1	155169447	"C"	"T"	"TTAACTCTCGCAGGCT"	0	0	0	3	0	3	3	0	0	"1_155169447_C_T"
1	155169447	"C"	"T"	"CATCAAGCAGCTGGCT"	0	0	0	7	0	7	7	0	0	"1_155169447_C_T"
1	155169447	"C"	"T"	"CATCAGACAATTGCTG"	0	0	0	2	0	2	2	0	0	"1_155169447_C_T"
1	155169447	"C"	"T"	"AGTAGTCTCAAGAAGT"	0	0	0	11	0	11	11	8.33333333333333	0	"1_155169447_C_T"
1	155169447	"C"	"T"	"GTCCTCATCCCTAATT"	0	0	0	9	0	9	9	0	0	"1_155169447_C_T"
1	155169447	"C"	"T"	"GTCCTCATCCGTAGTA"	0	0	0	2	0	2	2	0	0	"1_155169447_C_T"
1	155169447	"C"	"T"	"GTCCTCAAGCTCCTTC"	0	0	0	15	0	15	15	0	0	"1_155169447_C_T"
1	155169447	"C"	"T"	"AGTGAGGCACTGAAGG"	0	0	0	10	0	10	10	0	0	"1_155169447_C_T"
1	155169447	"C"	"T"	"TCGTACCAGATACACA"	0	0	0	9	0	9	9	0	0	"1_155169447_C_T"
1	155169447	"C"	"T"	"TCGTACCGTGCAGTAG"	0	0	0	6	0	6	6	0	0	"1_155169447_C_T"
1	155169447	"C"	"T"	"CAACCAAGTAATAGCA"	0	0	0	3	0	3	3	0	0	"1_155169447_C_T"
1	155169447	"C"	"T"	"AGGCCACAGATTACCC"	0	0	0	4	0	4	4	0	0	"1_155169447_C_T"
1	155169447	"C"	"T"	"TAGTTGGGTGTCGCTG"	0	0	0	8	0	8	8	0	0	"1_155169447_C_T"
1	155169447	"C"	"T"	"GTGAAGGAGTCACGCC"	0	0	0	5	0	5	5	0	0	"1_155169447_C_T"
1	155169447	"C"	"T"	"GTGAAGGCAAGCGAGT"	0	0	0	1	0	1	1	0	0	"1_155169447_C_T"
1	155169447	"C"	"T"	"TGACTAGGTTAGTGGG"	0	0	0	16	0	16	16	0	0	"1_155169447_C_T"
1	155169447	"C"	"T"	"AGGCCGTTCTGCCCTA"	0	0	0	5	0	5	5	0	0	"1_155169447_C_T"
1	155169447	"C"	"T"	"GACTACACAGTACACT"	0	0	0	5	0	5	5	0	0	"1_155169447_C_T"
1	155169447	"C"	"T"	"GACTACATCCGCTGTT"	0	0	0	7	0	7	7	0	0	"1_155169447_C_T"
1	155169447	"C"	"T"	"GACTACATCTAACTGG"	0	0	0	1	0	1	1	0	0	"1_155169447_C_T"
1	155169447	"C"	"T"	"GACTGCGAGATTACCC"	0	0	0	1	0	1	1	0	0	"1_155169447_C_T"
1	155169447	"C"	"T"	"AGCCTAATCAGTTTGG"	0	0	0	2	0	2	2	0	0	"1_155169447_C_T"
1	155169447	"C"	"T"	"ATGTGTGAGCAGATCG"	0	0	0	12	0	12	12	0	0	"1_155169447_C_T"
1	155169447	"C"	"T"	"GCAATCACATCAGTCA"	0	0	0	6	0	6	6	0	0	"1_155169447_C_T"
1	155169447	"C"	"T"	"GGAGCAAGTGCACCAC"	0	0	0	3	0	3	3	0	0	"1_155169447_C_T"
1	155169447	"C"	"T"	"TAGCCGGCAATCTACG"	0	0	0	5	0	5	5	0	0	"1_155169447_C_T"
1	155169447	"C"	"T"	"AACTTTCGTTGTCGCG"	0	0	0	7	0	7	7	0	0	"1_155169447_C_T"
1	155169447	"C"	"T"	"GGATGTTTCGCCTGTT"	0	0	0	2	0	2	2	0	0	"1_155169447_C_T"
1	155169447	"C"	"T"	"CCTATTAAGAAGCCCA"	0	0	0	2	0	2	2	0	0	"1_155169447_C_T"
1	155169447	"C"	"T"	"AAGACCTCACAGACAG"	0	0	0	12	0	12	12	0	0	"1_155169447_C_T"
1	155169447	"C"	"T"	"CGTTGGGGTCACCCAG"	0	0	0	10	0	10	10	0	0	"1_155169447_C_T"
1	155169447	"C"	"T"	"AGCTTGATCGGAGCAA"	0	0	0	4	0	4	4	0	0	"1_155169447_C_T"
1	155169447	"C"	"T"	"CGAATGTAGCAGGCTA"	0	0	0	6	0	6	6	0	0	"1_155169447_C_T"
1	155169447	"C"	"T"	"CCTCAGTCATTCTTAC"	0	0	0	5	0	5	5	0	0	"1_155169447_C_T"
1	155169447	"C"	"T"	"CCTCAGTGTAGCTCCG"	0	0	0	1	0	1	1	0	0	"1_155169447_C_T"
1	155169447	"C"	"T"	"GTGAAGGCAGGACGTA"	0	0	0	4	0	4	4	0	0	"1_155169447_C_T"
1	155169447	"C"	"T"	"CGACCTTAGGTGCTTT"	0	0	0	1	0	1	1	0	0	"1_155169447_C_T"
1	155169447	"C"	"T"	"ACTGATGGTCCCTACT"	0	0	0	6	0	6	6	0	0	"1_155169447_C_T"
1	155169447	"C"	"T"	"CGTCCATTCAGCGACC"	0	0	0	9	0	9	9	10	0	"1_155169447_C_T"
1	155169447	"C"	"T"	"CGTCTACGTCAGAGGT"	0	0	0	5	0	5	5	0	0	"1_155169447_C_T"
1	155169447	"C"	"T"	"CTGCTGTAGGCTATCT"	0	0	0	20	0	20	20	4.76190476190476	0	"1_155169447_C_T"
1	155169447	"C"	"T"	"AACCATGGTACCTACA"	0	0	0	1	0	1	1	0	0	"1_155169447_C_T"
1	155169447	"C"	"T"	"TGTGGTAGTTTGACAC"	0	0	0	9	0	9	9	0	0	"1_155169447_C_T"
1	155169447	"C"	"T"	"GGACAAGTCTTGCAAG"	0	0	0	4	0	4	4	0	0	"1_155169447_C_T"
1	155169447	"C"	"T"	"AACGTTGCAGGGTACA"	0	0	0	2	0	2	2	0	0	"1_155169447_C_T"
1	155169447	"C"	"T"	"AACTCTTAGTACGCGA"	0	0	0	4	0	4	4	0	0	"1_155169447_C_T"
1	155169447	"C"	"T"	"AACTCTTGTAAGAGGA"	0	0	0	6	0	6	6	0	0	"1_155169447_C_T"
1	155169447	"C"	"T"	"ACGGGCTCATGGAATA"	0	0	0	4	0	4	4	0	0	"1_155169447_C_T"
1	155169447	"C"	"T"	"GTCACGGTCTGTACGA"	0	0	0	7	0	7	7	0	0	"1_155169447_C_T"
1	155169447	"C"	"T"	"GGAGCAATCGGACAAG"	0	0	0	4	0	4	4	0	0	"1_155169447_C_T"
1	155169447	"C"	"T"	"ACGGGTCTCAAAGTAG"	0	0	0	7	0	7	7	0	0	"1_155169447_C_T"
1	155169447	"C"	"T"	"AACTTTCTCTGAAAGA"	0	0	0	1	0	1	1	0	0	"1_155169447_C_T"
1	155169447	"C"	"T"	"GTCCTCACAGCAGTTT"	0	0	0	1	0	1	1	0	0	"1_155169447_C_T"
1	155169447	"C"	"T"	"CCTAGCTTCTCAAGTG"	0	0	0	5	0	5	5	0	0	"1_155169447_C_T"
1	155169447	"C"	"T"	"GGATTACAGTGCGATG"	0	0	0	9	0	9	9	0	0	"1_155169447_C_T"
1	155169447	"C"	"T"	"CCTATTAAGAATTGTG"	0	0	0	9	0	9	9	0	0	"1_155169447_C_T"
1	155169447	"C"	"T"	"GGCAATTGTACCCAAT"	0	0	0	3	0	3	4	0	0	"1_155169447_C_T"
1	155169447	"C"	"T"	"AGCTTGATCTGTCTCG"	0	0	0	1	0	1	1	0	0	"1_155169447_C_T"
1	155169447	"C"	"T"	"AGCTTGATCTTCCTTC"	0	0	0	5	0	5	5	0	0	"1_155169447_C_T"
1	155169447	"C"	"T"	"CGAATGTTCAGTCAGT"	0	0	0	1	0	1	1	0	0	"1_155169447_C_T"
1	155169447	"C"	"T"	"TGACTAGGTAGAGTGC"	0	0	0	11	0	11	11	0	0	"1_155169447_C_T"
1	155169447	"C"	"T"	"CGTCAGGTCTCATTCA"	0	0	0	4	0	4	4	0	0	"1_155169447_C_T"
1	155169447	"C"	"T"	"AACACGTAGCAGACTG"	0	0	0	10	0	10	10	9.09090909090909	0	"1_155169447_C_T"
1	155169447	"C"	"T"	"CGTCCATGTGTGGTTT"	0	0	0	5	0	5	5	0	0	"1_155169447_C_T"
1	155169447	"C"	"T"	"GACTAACTCGGCCGAT"	0	0	0	6	0	6	6	0	0	"1_155169447_C_T"
1	155169447	"C"	"T"	"GCCTCTATCACAATGC"	0	0	0	2	0	2	2	0	0	"1_155169447_C_T"
1	155169447	"C"	"T"	"CCACCTATCATGGTCA"	0	0	0	3	0	3	3	0	0	"1_155169447_C_T"
1	155169447	"C"	"T"	"CCACCTATCGCCATAA"	0	0	0	14	0	14	14	0	0	"1_155169447_C_T"
1	155169447	"C"	"T"	"CCACGGAAGAACTCGG"	0	0	0	4	0	4	4	0	0	"1_155169447_C_T"
1	155169447	"C"	"T"	"TATTACCAGTCTCAAC"	0	0	0	4	0	4	4	0	0	"1_155169447_C_T"
1	155169447	"C"	"T"	"TTCTCAAAGGACAGAA"	0	0	0	3	0	3	3	0	0	"1_155169447_C_T"
1	155169447	"C"	"T"	"TTCTCAAAGGCCATAG"	0	0	0	5	0	5	5	0	0	"1_155169447_C_T"
1	155169447	"C"	"T"	"GACACGCTCATTTGGG"	0	0	0	13	0	13	13	0	0	"1_155169447_C_T"
1	155169447	"C"	"T"	"GACACGCTCCTCTAGC"	0	0	0	3	0	3	3	0	0	"1_155169447_C_T"
1	155169447	"C"	"T"	"GCGCAGTAGTGACTCT"	0	0	0	4	0	4	4	0	0	"1_155169447_C_T"
1	155169447	"C"	"T"	"GCACATAAGTGTTTGC"	0	0	0	18	0	18	18	5.26315789473684	0	"1_155169447_C_T"
1	155169447	"C"	"T"	"GTCATTTGTCAGTGGA"	0	0	0	2	0	2	2	0	0	"1_155169447_C_T"
1	155169447	"C"	"T"	"GTCATTTGTCCGAATT"	0	0	0	2	0	2	2	0	0	"1_155169447_C_T"
1	155169447	"C"	"T"	"GTCATTTGTGAACCTT"	0	0	0	1	0	1	1	0	0	"1_155169447_C_T"
1	155169447	"C"	"T"	"TAGACCAGTGGTACAG"	0	0	0	1	0	1	1	0	0	"1_155169447_C_T"
1	155169447	"C"	"T"	"GATCGCGGTTCCAACA"	0	0	0	16	0	16	16	0	0	"1_155169447_C_T"
1	155169447	"C"	"T"	"AACTTTCTCTTGCCGT"	0	0	0	21	0	21	21	0	0	"1_155169447_C_T"
1	155169447	"C"	"T"	"TCGTACCAGAATTGTG"	0	0	0	1	0	1	1	0	0	"1_155169447_C_T"
1	155169447	"C"	"T"	"TCGGTAATCCTGCCAT"	0	0	0	13	0	13	13	7.14285714285714	0	"1_155169447_C_T"
1	155169447	"C"	"T"	"GGATTACGTTCGTCTC"	0	0	0	1	0	1	1	0	0	"1_155169447_C_T"
1	155169447	"C"	"T"	"CGAACATAGTTCCACA"	0	0	0	4	0	4	4	0	0	"1_155169447_C_T"
1	155169447	"C"	"T"	"CAACCAAAGCCATCGC"	0	0	0	9	0	9	9	0	0	"1_155169447_C_T"
1	155169447	"C"	"T"	"TGACGGCTCTCTGCTG"	0	0	0	5	0	5	5	0	0	"1_155169447_C_T"
1	155169447	"C"	"T"	"TGACTAGAGCCCAATT"	0	0	0	13	0	13	13	0	0	"1_155169447_C_T"
1	155169447	"C"	"T"	"CGTAGGCGTTCGTTGA"	0	0	0	7	0	7	7	0	0	"1_155169447_C_T"
1	155169447	"C"	"T"	"TACCTTACACCGTTGG"	0	0	0	5	0	5	5	0	0	"1_155169447_C_T"
1	155169447	"C"	"T"	"ATCTGCCTCAAAGTAG"	0	0	0	8	0	8	8	0	0	"1_155169447_C_T"
1	155169447	"C"	"T"	"CACACCTAGAGCCTAG"	0	0	0	7	0	7	7	0	0	"1_155169447_C_T"
1	155169447	"C"	"T"	"CGAATGTTCGTACCGG"	0	0	0	3	0	3	3	0	0	"1_155169447_C_T"
1	155169447	"C"	"T"	"TGAGAGGAGACACTAA"	0	0	0	32	0	32	32	3.03030303030303	0	"1_155169447_C_T"
1	155169447	"C"	"T"	"CGTCCATGTTCACGGC"	0	0	0	16	0	16	16	0	0	"1_155169447_C_T"
1	155169447	"C"	"T"	"TCATTTGGTCTAGCCG"	0	0	0	4	0	4	4	0	0	"1_155169447_C_T"
1	155169447	"C"	"T"	"TCATTTGGTTCACGGC"	0	0	0	7	0	7	7	0	0	"1_155169447_C_T"
1	155169447	"C"	"T"	"ATGGGAGTCAACGGGA"	0	0	0	3	0	3	3	0	0	"1_155169447_C_T"
1	155169447	"C"	"T"	"GCTGCTTCAGATGAGC"	0	0	0	7	0	7	7	0	0	"1_155169447_C_T"
1	155169447	"C"	"T"	"AGCGTATGTGTTCTTT"	0	0	0	8	0	8	8	0	0	"1_155169447_C_T"
1	155169447	"C"	"T"	"AGCGTATTCTCCCTGA"	0	0	0	1	0	1	1	0	0	"1_155169447_C_T"
1	155169447	"C"	"T"	"ATGTGTGTCGTTTAGG"	0	0	0	9	0	9	9	0	0	"1_155169447_C_T"
1	155169447	"C"	"T"	"ACGGGCTAGTGAAGAG"	0	0	0	6	0	6	6	0	0	"1_155169447_C_T"
1	155169447	"C"	"T"	"TACTTGTGTGCCTTGG"	0	0	0	4	0	4	4	0	0	"1_155169447_C_T"
1	155169447	"C"	"T"	"TAGACCAGTCCTAGCG"	0	0	0	6	0	6	6	0	0	"1_155169447_C_T"
1	155169447	"C"	"T"	"GATCGCGGTGAGGGTT"	0	0	0	4	0	4	4	0	0	"1_155169447_C_T"
1	155169447	"C"	"T"	"TAGACCATCCCTCTTT"	0	0	0	2	0	2	2	0	0	"1_155169447_C_T"
1	155169447	"C"	"T"	"GTCCTCAAGAGGGATA"	0	0	0	6	0	6	6	0	0	"1_155169447_C_T"
1	155169447	"C"	"T"	"CCTACCATCTAGAGTC"	0	0	0	6	0	6	6	0	0	"1_155169447_C_T"
1	155169447	"C"	"T"	"AGCTCTCTCGCAAACT"	0	0	0	7	0	7	7	0	0	"1_155169447_C_T"
1	155169447	"C"	"T"	"TCGGTAACAGACGCAA"	0	0	0	16	0	16	16	0	0	"1_155169447_C_T"
1	155169447	"C"	"T"	"CGTAGCGGTGGTCCGT"	0	0	0	15	0	15	15	0	0	"1_155169447_C_T"
1	155169447	"C"	"T"	"TGACTAGAGTCTCAAC"	0	0	0	10	0	10	10	0	0	"1_155169447_C_T"
1	155169447	"C"	"T"	"CACACAATCTTGACGA"	0	0	0	8	0	8	8	0	0	"1_155169447_C_T"
1	155169447	"C"	"T"	"AAAGCAATCAGTGCAT"	0	0	0	15	0	15	15	6.25	0	"1_155169447_C_T"
1	155169447	"C"	"T"	"TACCTTACATCGGTTA"	0	0	0	1	0	1	1	0	0	"1_155169447_C_T"
1	155169447	"C"	"T"	"AGGCCACGTAGCTTGT"	0	0	0	6	0	6	6	0	0	"1_155169447_C_T"
1	155169447	"C"	"T"	"AGGGATGAGCCCAATT"	0	0	0	2	0	2	2	0	0	"1_155169447_C_T"
1	155169447	"C"	"T"	"AGGGATGTCCTGCCAT"	0	0	0	6	0	6	6	0	0	"1_155169447_C_T"
1	155169447	"C"	"T"	"TGTGGTACAAGTCTGT"	0	0	0	2	0	2	2	0	0	"1_155169447_C_T"
1	155169447	"C"	"T"	"TGTTCCGGTAGTACCT"	0	0	0	1	0	1	1	0	0	"1_155169447_C_T"
1	155169447	"C"	"T"	"CTGCTGTGTTGTACAC"	0	0	0	17	0	17	18	0	0	"1_155169447_C_T"
1	155169447	"C"	"T"	"CTGTGCTAGGCCCGTT"	0	0	0	8	0	8	8	0	0	"1_155169447_C_T"
1	155169447	"C"	"T"	"CTGTGCTCAATCAGAA"	0	0	0	6	0	6	6	0	0	"1_155169447_C_T"
1	155169447	"C"	"T"	"TTAACTCGTCTTGATG"	0	0	0	1	0	1	1	0	0	"1_155169447_C_T"
1	155169447	"C"	"T"	"TTAACTCTCAGCTCGG"	0	0	0	5	0	5	5	0	0	"1_155169447_C_T"
1	155169447	"C"	"T"	"ACGGGCTCACCACCAG"	0	0	0	2	0	2	2	0	0	"1_155169447_C_T"
1	155169447	"C"	"T"	"GTCACGGTCGCCATAA"	0	0	0	4	0	4	4	0	0	"1_155169447_C_T"
1	155169447	"C"	"T"	"TACTTGTCATGAACCT"	0	0	0	25	0	25	26	0	0	"1_155169447_C_T"
1	155169447	"C"	"T"	"CCTTTCTCACAGCGTC"	0	0	0	12	0	12	12	0	0	"1_155169447_C_T"
1	155169447	"C"	"T"	"TCGGGACTCCACGTTC"	0	0	0	5	0	5	5	0	0	"1_155169447_C_T"
1	155169447	"C"	"T"	"GTCATTTTCACGGTTA"	0	0	0	6	0	6	6	0	0	"1_155169447_C_T"
1	155169447	"C"	"T"	"TACAGTGAGCTGAAAT"	0	0	0	2	0	2	2	0	0	"1_155169447_C_T"
1	155169447	"C"	"T"	"AGCTTGAAGCGTTCCG"	0	0	0	6	0	6	6	0	0	"1_155169447_C_T"
1	155169447	"C"	"T"	"AGCTTGACATGGGAAC"	0	0	0	3	0	3	3	0	0	"1_155169447_C_T"
1	155169447	"C"	"T"	"AGCTTGAGTCGTCTTC"	0	0	0	3	0	3	3	0	0	"1_155169447_C_T"
1	155169447	"C"	"T"	"CGTAGGCGTGTAATGA"	0	0	0	1	0	1	1	0	0	"1_155169447_C_T"
1	155169447	"C"	"T"	"TACCTTACAATAGAGT"	0	0	0	4	0	4	4	0	0	"1_155169447_C_T"
1	155169447	"C"	"T"	"AAAGCAATCAGCTCTC"	0	0	0	3	0	3	3	0	0	"1_155169447_C_T"
1	155169447	"C"	"T"	"CGTTGGGGTGCAGACA"	0	0	0	6	0	6	6	0	0	"1_155169447_C_T"
1	155169447	"C"	"T"	"CTAACTTAGAGTAAGG"	0	0	0	3	0	3	3	0	0	"1_155169447_C_T"
1	155169447	"C"	"T"	"CACACCTCACACAGAG"	0	0	0	21	0	21	21	0	0	"1_155169447_C_T"
1	155169447	"C"	"T"	"TACGGATGTGCCTGGT"	0	0	0	2	0	2	2	0	0	"1_155169447_C_T"
1	155169447	"C"	"T"	"GTGAAGGGTCATCCCT"	0	0	0	2	0	2	2	0	0	"1_155169447_C_T"
1	155169447	"C"	"T"	"ACTGATGGTTCCCGAG"	0	0	0	4	0	4	4	0	0	"1_155169447_C_T"
1	155169447	"C"	"T"	"TATTACCCAAACTGCT"	0	0	0	26	0	26	26	3.7037037037037	0	"1_155169447_C_T"
1	155169447	"C"	"T"	"GCGCAACAGGATTCGG"	0	0	0	13	0	13	13	0	0	"1_155169447_C_T"
1	155169447	"C"	"T"	"GCGCAACGTATAAACG"	0	0	0	40	0	40	40	6.97674418604651	0	"1_155169447_C_T"
1	155169447	"C"	"T"	"GACAGAGCACATAACC"	0	0	0	30	0	30	30	3.2258064516129	0	"1_155169447_C_T"
1	155169447	"C"	"T"	"GACAGAGCATTACGAC"	0	0	0	17	0	17	17	0	0	"1_155169447_C_T"
1	155169447	"C"	"T"	"AGGTCCGAGTACGATA"	0	0	0	17	0	17	17	5.55555555555556	0	"1_155169447_C_T"
1	155169447	"C"	"T"	"TCGGGACCAATCACAC"	0	0	0	14	0	14	14	0	0	"1_155169447_C_T"
1	155169447	"C"	"T"	"AGCTCTCCAGGAATGC"	0	0	0	7	0	7	7	0	0	"1_155169447_C_T"
1	155169447	"C"	"T"	"TCAGGTAAGTATGACA"	0	0	0	23	0	23	23	0	0	"1_155169447_C_T"
1	155169447	"C"	"T"	"CCTACCATCATCTGCC"	0	0	0	2	0	2	2	0	0	"1_155169447_C_T"
1	155169447	"C"	"T"	"ATTGGTGAGTGGAGTC"	0	0	0	12	0	12	12	0	0	"1_155169447_C_T"
1	155169447	"C"	"T"	"ATTGGTGCACATCTTT"	0	0	0	1	0	1	1	0	0	"1_155169447_C_T"
1	155169447	"C"	"T"	"TACCTATCACGGATAG"	0	0	0	10	0	10	10	0	0	"1_155169447_C_T"
1	155169447	"C"	"T"	"GGCAATTGTGTGAATA"	0	0	0	6	0	6	6	0	0	"1_155169447_C_T"
1	155169447	"C"	"T"	"TCATTACCAGTGAGTG"	0	0	0	3	0	3	3	0	0	"1_155169447_C_T"
1	155169447	"C"	"T"	"GCTGCAGAGGCTCAGA"	0	0	0	30	0	30	30	0	0	"1_155169447_C_T"
1	155169447	"C"	"T"	"TGACTTTCACGGTGTC"	0	0	0	5	0	5	5	0	0	"1_155169447_C_T"
1	155169447	"C"	"T"	"AGCCTAAAGGTAGCCA"	0	0	0	20	0	20	20	0	0	"1_155169447_C_T"
1	155169447	"C"	"T"	"GCTGCTTGTTACGGAG"	0	0	0	6	0	6	6	0	0	"1_155169447_C_T"
1	155169447	"C"	"T"	"GCTGCTTGTTCGTGAT"	0	0	0	5	0	5	5	0	0	"1_155169447_C_T"
1	155169447	"C"	"T"	"GCTGCTTGTTCTCATT"	0	0	0	16	0	16	16	5.88235294117647	0	"1_155169447_C_T"
1	155169447	"C"	"T"	"GAGGTGAGTGTTCGAT"	0	0	0	5	0	5	5	0	0	"1_155169447_C_T"
1	155169447	"C"	"T"	"TCGCGTTCAAGCCGCT"	0	0	0	3	0	3	3	0	0	"1_155169447_C_T"
1	155169447	"C"	"T"	"GAGTCCGCAACTGCTA"	0	0	0	6	0	6	6	0	0	"1_155169447_C_T"
1	155169447	"C"	"T"	"GAGTCCGGTTCAGACT"	0	0	0	3	0	3	3	0	0	"1_155169447_C_T"
1	155169447	"C"	"T"	"AGGTCCGAGTGTGGCA"	0	0	0	20	0	20	20	0	0	"1_155169447_C_T"
1	155169447	"C"	"T"	"TACTTGTCAATCTACG"	0	0	0	5	0	5	5	0	0	"1_155169447_C_T"
1	155169447	"C"	"T"	"AGCTCTCCAACTTGAC"	0	0	0	18	0	18	18	5.26315789473684	0	"1_155169447_C_T"
1	155169447	"C"	"T"	"GATCGATGTGCCTGCA"	0	0	0	2	0	2	2	0	0	"1_155169447_C_T"
1	155169447	"C"	"T"	"ATTGGACAGATTACCC"	0	0	0	2	0	2	2	0	0	"1_155169447_C_T"
1	155169447	"C"	"T"	"TCAGGTACAACAACCT"	0	0	0	4	0	4	4	0	0	"1_155169447_C_T"
1	155169447	"C"	"T"	"TCGGTAAAGTACCGGA"	0	0	0	37	0	37	37	0	0	"1_155169447_C_T"
1	155169447	"C"	"T"	"ATCTACTAGATGTTAG"	0	0	0	13	0	13	13	0	0	"1_155169447_C_T"
1	155169447	"C"	"T"	"CGTAGCGGTGATGCCC"	0	0	0	9	0	9	9	0	0	"1_155169447_C_T"
1	155169447	"C"	"T"	"TACCTATTCCTCGCAT"	0	0	0	2	0	2	2	0	0	"1_155169447_C_T"
1	155169447	"C"	"T"	"AAAGCAAGTAAATACG"	0	0	0	22	0	22	22	0	0	"1_155169447_C_T"
1	155169447	"C"	"T"	"GGAAAGCAGTTAGCGG"	0	0	0	2	0	2	2	0	0	"1_155169447_C_T"
1	155169447	"C"	"T"	"AAAGTAGGTGGGTATG"	0	0	0	5	0	5	5	0	0	"1_155169447_C_T"
1	155169447	"C"	"T"	"GGAACTTTCGAATGGG"	0	0	0	21	0	21	21	0	0	"1_155169447_C_T"
1	155169447	"C"	"T"	"TACGGATCACGTAAGG"	0	0	0	12	0	12	12	0	0	"1_155169447_C_T"
1	155169447	"C"	"T"	"GGACAAGCATGGGACA"	0	0	0	1	0	1	1	0	0	"1_155169447_C_T"
1	155169447	"C"	"T"	"GGACAAGGTGCCTGGT"	0	0	0	5	0	5	5	0	0	"1_155169447_C_T"
1	155169447	"C"	"T"	"GGACAAGGTGGTGTAG"	0	0	0	2	0	2	2	0	0	"1_155169447_C_T"
1	155169447	"C"	"T"	"TACTCATCATTCCTGC"	0	0	0	1	0	1	1	0	0	"1_155169447_C_T"
1	155169447	"C"	"T"	"TACTCATGTCATACTG"	0	0	0	7	0	7	7	0	0	"1_155169447_C_T"
1	155169447	"C"	"T"	"AACTCAGTCGAACTGT"	0	0	0	11	0	11	11	0	0	"1_155169447_C_T"
1	155169447	"C"	"T"	"GGACAGAGTATCGCAT"	0	0	0	6	0	6	6	0	0	"1_155169447_C_T"
1	155169447	"C"	"T"	"AGGTCATCATGTTGAC"	0	0	0	7	0	7	7	0	0	"1_155169447_C_T"
1	155169447	"C"	"T"	"GGACAGATCGCGATCG"	0	0	0	5	0	5	5	0	0	"1_155169447_C_T"
1	155169447	"C"	"T"	"GATCAGTTCCTTTACA"	0	0	0	1	0	1	1	0	0	"1_155169447_C_T"
1	155169447	"C"	"T"	"CCTTCCCTCGTTTGCC"	0	0	0	13	0	13	13	0	0	"1_155169447_C_T"
1	155169447	"C"	"T"	"GATCGATGTTATCCGA"	0	0	0	4	0	4	4	0	0	"1_155169447_C_T"
1	155169447	"C"	"T"	"TCAGCTCCACGTCTCT"	0	0	0	10	0	10	10	0	0	"1_155169447_C_T"
1	155169447	"C"	"T"	"AGCTCTCAGCCACCTG"	0	0	0	5	0	5	5	0	0	"1_155169447_C_T"
1	155169447	"C"	"T"	"CCTACCAGTCTTTCAT"	0	0	0	12	0	12	12	0	0	"1_155169447_C_T"
1	155169447	"C"	"T"	"GCTTCCATCAGTACGT"	0	0	0	10	0	10	10	0	0	"1_155169447_C_T"
1	155169447	"C"	"T"	"TACCTATAGGTGTGGT"	0	0	0	3	0	3	3	0	0	"1_155169447_C_T"
1	155169447	"C"	"T"	"TCATTACAGTCGTACT"	0	0	0	3	0	3	3	0	0	"1_155169447_C_T"
1	155169447	"C"	"T"	"ATCTGCCCAGCTCGAC"	0	0	0	6	0	6	6	0	0	"1_155169447_C_T"
1	155169447	"C"	"T"	"CGTTGGGGTTCGTCTC"	0	0	0	4	0	4	4	0	0	"1_155169447_C_T"
1	155169447	"C"	"T"	"AAGCCGCCACCAGCAC"	0	0	0	1	0	1	1	0	0	"1_155169447_C_T"
1	155169447	"C"	"T"	"CTAACTTAGATGAGAG"	0	0	0	9	0	9	9	10	0	"1_155169447_C_T"
1	155169447	"C"	"T"	"CTAACTTAGTCCAGGA"	0	0	0	3	0	3	3	0	0	"1_155169447_C_T"
1	155169447	"C"	"T"	"CACACCTGTAGCACGA"	0	0	0	4	0	4	4	0	0	"1_155169447_C_T"
1	155169447	"C"	"T"	"ATAGACCAGATGAGAG"	0	0	0	3	0	3	3	0	0	"1_155169447_C_T"
1	155169447	"C"	"T"	"ATAGACCAGCAATCTC"	0	0	0	2	0	2	2	0	0	"1_155169447_C_T"
1	155169447	"C"	"T"	"GTGCAGCCACCCTATC"	0	0	0	7	0	7	7	0	0	"1_155169447_C_T"
1	155169447	"C"	"T"	"GTGCATAAGAATGTGT"	0	0	0	14	0	14	14	0	0	"1_155169447_C_T"
1	155169447	"C"	"T"	"TATGCCCCAGGAACGT"	0	0	0	6	0	6	6	0	0	"1_155169447_C_T"
1	155169447	"C"	"T"	"ACTGCTCCAGCCTATA"	0	0	0	4	0	4	4	0	0	"1_155169447_C_T"
1	155169447	"C"	"T"	"ACTGCTCTCACTTCAT"	0	0	0	27	0	27	27	0	0	"1_155169447_C_T"
1	155169447	"C"	"T"	"TTCTCAATCGTAGGTT"	0	0	0	12	0	12	12	0	0	"1_155169447_C_T"
1	155169447	"C"	"T"	"TCACGAATCGGCGCAT"	0	0	0	3	0	3	3	0	0	"1_155169447_C_T"
1	155169447	"C"	"T"	"GCGCAGTCAGCTCCGA"	0	0	0	21	0	21	21	4.54545454545455	0	"1_155169447_C_T"
1	155169447	"C"	"T"	"GTCACAATCTGGGCCA"	0	0	0	39	0	39	39	0	0	"1_155169447_C_T"
1	155169447	"C"	"T"	"CCTTCGATCGCAGGCT"	0	0	0	10	0	10	10	0	0	"1_155169447_C_T"
1	155169447	"C"	"T"	"TCGGGACCAAATTGCC"	0	0	0	3	0	3	3	0	0	"1_155169447_C_T"
1	155169447	"C"	"T"	"TCAGGATTCGTTTAGG"	0	0	0	9	0	9	9	0	0	"1_155169447_C_T"
1	155169447	"C"	"T"	"TACAGTGGTGACGGTA"	0	0	0	9	0	9	9	0	0	"1_155169447_C_T"
1	155169447	"C"	"T"	"TACACGATCTCGTTTA"	0	0	0	20	0	20	20	0	0	"1_155169447_C_T"
1	155169447	"C"	"T"	"ATCGAGTCACACAGAG"	0	0	0	5	0	5	5	0	0	"1_155169447_C_T"
1	155169447	"C"	"T"	"ATCTACTAGCCCGAAA"	0	0	0	12	0	12	13	0	0	"1_155169447_C_T"
1	155169447	"C"	"T"	"TACCTATCACATGGGA"	0	0	0	3	0	3	3	0	0	"1_155169447_C_T"
1	155169447	"C"	"T"	"GCTTGAATCCTTTCTC"	0	0	0	8	0	8	8	0	0	"1_155169447_C_T"
1	155169447	"C"	"T"	"GGAAAGCAGTCTCGGC"	0	0	0	11	0	11	11	0	0	"1_155169447_C_T"
1	155169447	"C"	"T"	"TGGGAAGGTGCACGAA"	0	0	0	3	0	3	3	0	0	"1_155169447_C_T"
1	155169447	"C"	"T"	"GACGTTAAGCTAAACA"	0	0	0	7	0	7	7	0	0	"1_155169447_C_T"
1	155169447	"C"	"T"	"GCTGCAGAGGGTTTCT"	0	0	0	5	0	5	5	0	0	"1_155169447_C_T"
1	155169447	"C"	"T"	"TCATTTGCAATGGATA"	0	0	0	2	0	2	2	0	0	"1_155169447_C_T"
1	155169447	"C"	"T"	"GCTGCAGGTCCGTCAG"	0	0	0	1	0	1	1	0	0	"1_155169447_C_T"
1	155169447	"C"	"T"	"ATGAGGGTCGGTCCGA"	0	0	0	1	0	1	1	0	0	"1_155169447_C_T"
1	155169447	"C"	"T"	"ATGCGATCAGTGGAGT"	0	0	0	9	0	9	9	0	0	"1_155169447_C_T"
1	155169447	"C"	"T"	"TCCACACAGCTACCGC"	0	0	0	21	0	21	21	0	0	"1_155169447_C_T"
1	155169447	"C"	"T"	"TCCACACAGGTCATCT"	0	0	0	1	0	1	1	0	0	"1_155169447_C_T"
1	155169447	"C"	"T"	"ATGGGAGGTACGAAAT"	0	0	0	1	0	1	1	0	0	"1_155169447_C_T"
1	155169447	"C"	"T"	"TAAACCGAGTGGTAGC"	0	0	0	12	0	12	12	0	0	"1_155169447_C_T"
1	155169447	"C"	"T"	"TCGAGGCAGTTTGCGT"	0	0	0	11	0	11	11	0	0	"1_155169447_C_T"
1	155169447	"C"	"T"	"TCGAGGCTCGATCCCT"	0	0	0	21	0	21	21	8.69565217391304	0	"1_155169447_C_T"
1	155169447	"C"	"T"	"GAGGTGATCATTGCGA"	0	0	0	8	0	8	8	0	0	"1_155169447_C_T"
1	155169447	"C"	"T"	"TCGCGTTTCTTGCAAG"	0	0	0	1	0	1	1	0	0	"1_155169447_C_T"
1	155169447	"C"	"T"	"GTCACAATCTGCTGTC"	0	0	0	9	0	9	9	0	0	"1_155169447_C_T"
1	155169447	"C"	"T"	"CCTTCCCTCGGTCCGA"	0	0	0	6	0	6	6	0	0	"1_155169447_C_T"
1	155169447	"C"	"T"	"TCGGGACTCATGCAAC"	0	0	0	7	0	7	7	0	0	"1_155169447_C_T"
1	155169447	"C"	"T"	"ATTCTACTCGAATGGG"	0	0	0	1	0	1	1	0	0	"1_155169447_C_T"
1	155169447	"C"	"T"	"TCAGCTCCATAGAAAC"	0	0	0	1	0	1	1	0	0	"1_155169447_C_T"
1	155169447	"C"	"T"	"ATCGAGTCAGACGCAA"	0	0	0	9	0	9	9	0	0	"1_155169447_C_T"
1	155169447	"C"	"T"	"GACCTGGAGGCATGGT"	0	0	0	9	0	9	9	0	0	"1_155169447_C_T"
1	155169447	"C"	"T"	"ATTTCTGAGGGCTTGA"	0	0	0	5	0	5	5	0	0	"1_155169447_C_T"
1	155169447	"C"	"T"	"TCAGGTATCGTGACAT"	0	0	0	39	0	39	39	2.5	0	"1_155169447_C_T"
1	155169447	"C"	"T"	"ATCTGCCAGGCTATCT"	0	0	0	4	0	4	4	0	0	"1_155169447_C_T"
1	155169447	"C"	"T"	"ATCTGCCAGTACGTTC"	0	0	0	5	0	5	5	0	0	"1_155169447_C_T"
1	155169447	"C"	"T"	"GGAAAGCTCCAGAGGA"	0	0	0	3	0	3	3	0	0	"1_155169447_C_T"
1	155169447	"C"	"T"	"GGAACTTCATCAGTCA"	0	0	0	1	0	1	1	0	0	"1_155169447_C_T"
1	155169447	"C"	"T"	"TACCTTATCTGTCTCG"	0	0	0	12	0	12	12	7.69230769230769	0	"1_155169447_C_T"
1	155169447	"C"	"T"	"TACGGATAGACTCGGA"	0	0	0	3	0	3	3	0	0	"1_155169447_C_T"
1	155169447	"C"	"T"	"CAGTCCTGTCGAGTTT"	0	0	0	14	0	14	14	0	0	"1_155169447_C_T"
1	155169447	"C"	"T"	"GGAATAAGTGCAGACA"	0	0	0	21	0	21	21	0	0	"1_155169447_C_T"
1	155169447	"C"	"T"	"GGAATAAGTTAAAGTG"	0	0	0	13	0	13	13	0	0	"1_155169447_C_T"
1	155169447	"C"	"T"	"CTGCGGAGTTACGGAG"	0	0	0	5	0	5	5	0	0	"1_155169447_C_T"
1	155169447	"C"	"T"	"CTGCGGACATGCATGT"	0	0	0	3	0	3	3	0	0	"1_155169447_C_T"
1	155169447	"C"	"T"	"CATATTCCACTGTGTA"	0	0	0	1	0	1	1	0	0	"1_155169447_C_T"
1	155169447	"C"	"T"	"GGACAGAAGGTTCCTA"	0	0	0	8	0	8	8	0	0	"1_155169447_C_T"
1	155169447	"C"	"T"	"GGACAGACACGGTAAG"	0	0	0	23	0	23	23	0	0	"1_155169447_C_T"
1	155169447	"C"	"T"	"TTAACTCGTCAGTGGA"	0	0	0	4	0	4	4	0	0	"1_155169447_C_T"
1	155169447	"C"	"T"	"TTAACTCGTCCGTCAG"	0	0	0	1	0	1	1	0	0	"1_155169447_C_T"
1	155169447	"C"	"T"	"GGACAGAGTCATTAGC"	0	0	0	2	0	2	2	0	0	"1_155169447_C_T"
1	155169447	"C"	"T"	"GGACAGATCCAGTAGT"	0	0	0	8	0	8	8	0	0	"1_155169447_C_T"
1	155169447	"C"	"T"	"TACTTACTCATCACCC"	0	0	0	10	0	10	10	0	0	"1_155169447_C_T"
1	155169447	"C"	"T"	"TCGGGACAGGACAGAA"	0	0	0	1	0	1	1	0	0	"1_155169447_C_T"
1	155169447	"C"	"T"	"GATCGATAGGGATCTG"	0	0	0	1	0	1	1	0	0	"1_155169447_C_T"
1	155169447	"C"	"T"	"GATCGATCATTAGCCA"	0	0	0	9	0	9	9	0	0	"1_155169447_C_T"
1	155169447	"C"	"T"	"CCTACACAGAATTGTG"	0	0	0	10	0	10	10	9.09090909090909	0	"1_155169447_C_T"
1	155169447	"C"	"T"	"CCTACCAAGACTTTCG"	0	0	0	16	0	16	16	0	0	"1_155169447_C_T"
1	155169447	"C"	"T"	"ATCCGAATCACAGGCC"	0	0	0	13	0	13	13	0	0	"1_155169447_C_T"
1	155169447	"C"	"T"	"AAAGCAAAGTACGCGA"	0	0	0	5	0	5	5	0	0	"1_155169447_C_T"
1	155169447	"C"	"T"	"CGGGTCAGTACTTCTT"	0	0	0	2	0	2	2	0	0	"1_155169447_C_T"
1	155169447	"C"	"T"	"ATCGAGTGTCTAAACC"	0	0	0	17	0	17	17	0	0	"1_155169447_C_T"
1	155169447	"C"	"T"	"CGGAGTCCATCCGTGG"	0	0	0	24	0	24	24	0	0	"1_155169447_C_T"
1	155169447	"C"	"T"	"GCTCCTAAGAGTACCG"	0	0	0	11	0	11	11	0	0	"1_155169447_C_T"
1	155169447	"C"	"T"	"GCTTGAAGTCTAGTGT"	0	0	0	13	0	13	13	0	0	"1_155169447_C_T"
1	155169447	"C"	"T"	"CAGCGACCAAAGCAAT"	0	0	0	14	0	14	14	6.66666666666667	0	"1_155169447_C_T"
1	155169447	"C"	"T"	"TGGGAAGCAAGAAGAG"	0	0	0	2	0	2	2	0	0	"1_155169447_C_T"
1	155169447	"C"	"T"	"AAGCCGCCAAGTCATC"	0	0	0	14	0	14	14	0	0	"1_155169447_C_T"
1	155169447	"C"	"T"	"CGCTATCAGGCAGGTT"	0	0	0	9	0	9	9	0	0	"1_155169447_C_T"
1	155169447	"C"	"T"	"AAGCCGCCAGATCGGA"	0	0	0	6	0	6	6	0	0	"1_155169447_C_T"
1	155169447	"C"	"T"	"AAGCCGCTCCACGACG"	0	0	0	9	0	9	9	0	0	"1_155169447_C_T"
1	155169447	"C"	"T"	"CACACCTGTACAGCAG"	0	0	0	12	0	12	12	0	0	"1_155169447_C_T"
1	155169447	"C"	"T"	"TGAGAGGAGGCAGGTT"	0	0	0	8	0	8	8	0	0	"1_155169447_C_T"
1	155169447	"C"	"T"	"ATAGACCTCCGAATGT"	0	0	0	7	0	7	7	0	0	"1_155169447_C_T"
1	155169447	"C"	"T"	"TGAGCATTCACAGTAC"	0	0	0	18	0	18	18	5.26315789473684	0	"1_155169447_C_T"
1	155169447	"C"	"T"	"CGACTTCTCGAATGCT"	0	0	0	17	0	17	17	0	0	"1_155169447_C_T"
1	155169447	"C"	"T"	"ATCACGACATGGATGG"	0	0	0	6	0	6	6	0	0	"1_155169447_C_T"
1	155169447	"C"	"T"	"ATCACGAGTGGTCTCG"	0	0	0	7	0	7	7	0	0	"1_155169447_C_T"
1	155169447	"C"	"T"	"TTCTCCTTCCCTTGTG"	0	0	0	7	0	7	7	0	0	"1_155169447_C_T"
1	155169447	"C"	"T"	"GACAGAGAGATCTGAA"	0	0	0	7	0	7	7	0	0	"1_155169447_C_T"
1	155169447	"C"	"T"	"CCATGTCAGAACTGTA"	0	0	0	3	0	3	3	0	0	"1_155169447_C_T"
1	155169447	"C"	"T"	"TCAGCAACAAAGTCAA"	0	0	0	2	0	2	2	0	0	"1_155169447_C_T"
1	155169447	"C"	"T"	"TACTTACTCTTCTGGC"	0	0	0	14	0	14	14	0	0	"1_155169447_C_T"
1	155169447	"C"	"T"	"TCGGGACAGGCGCTCT"	0	0	0	2	0	2	3	0	0	"1_155169447_C_T"
1	155169447	"C"	"T"	"GTCACAAGTCATCGGC"	0	0	0	24	0	24	24	0	0	"1_155169447_C_T"
1	155169447	"C"	"T"	"TCAGCAATCTTTAGTC"	0	0	0	5	0	5	5	0	0	"1_155169447_C_T"
1	155169447	"C"	"T"	"ATTCTACGTAATCACC"	0	0	0	1	0	1	1	0	0	"1_155169447_C_T"
1	155169447	"C"	"T"	"ATCCGAATCCGCAGTG"	0	0	0	3	0	3	3	0	0	"1_155169447_C_T"
1	155169447	"C"	"T"	"CGGGTCAGTTTGGGCC"	0	0	0	4	0	4	4	0	0	"1_155169447_C_T"
1	155169447	"C"	"T"	"TCAGGATTCCGTAGGC"	0	0	0	15	0	15	15	0	0	"1_155169447_C_T"
1	155169447	"C"	"T"	"CGGGTCAAGCCACGTC"	0	0	0	4	0	4	4	0	0	"1_155169447_C_T"
1	155169447	"C"	"T"	"CGGGTCATCTCGGACG"	0	0	0	4	0	4	4	0	0	"1_155169447_C_T"
1	155169447	"C"	"T"	"TCAGGTAGTAGTACCT"	0	0	0	2	0	2	2	0	0	"1_155169447_C_T"
1	155169447	"C"	"T"	"TCAGGTAGTCAGAATA"	0	0	0	8	0	8	8	0	0	"1_155169447_C_T"
1	155169447	"C"	"T"	"TGGGAAGCAGATCTGT"	0	0	0	4	0	4	4	0	0	"1_155169447_C_T"
1	155169447	"C"	"T"	"GCTCTGTTCGACGGAA"	0	0	0	8	0	8	8	0	0	"1_155169447_C_T"
1	155169447	"C"	"T"	"CAGGTGCAGCCACTAT"	0	0	0	4	0	4	4	0	0	"1_155169447_C_T"
1	155169447	"C"	"T"	"CGCTATCAGTCATCCA"	0	0	0	27	0	27	27	3.57142857142857	0	"1_155169447_C_T"
1	155169447	"C"	"T"	"ATGAGGGCACTGCCAG"	0	0	0	5	0	5	5	0	0	"1_155169447_C_T"
1	155169447	"C"	"T"	"GACTAACAGGGTTTCT"	0	0	0	4	0	4	4	0	0	"1_155169447_C_T"
1	155169447	"C"	"T"	"TGCGGGTGTCCAGTGC"	0	0	0	4	0	4	4	0	0	"1_155169447_C_T"
1	155169447	"C"	"T"	"TGCGGGTTCAGCTTAG"	0	0	0	38	0	38	38	0	0	"1_155169447_C_T"
1	155169447	"C"	"T"	"TGCGGGTTCGAGCCCA"	0	0	0	4	0	4	4	0	0	"1_155169447_C_T"
1	155169447	"C"	"T"	"TGCGTGGGTCCGAAGA"	0	0	0	1	0	1	1	0	0	"1_155169447_C_T"
1	155169447	"C"	"T"	"CGGACACAGTGCGTGA"	0	0	0	3	0	3	3	0	0	"1_155169447_C_T"
1	155169447	"C"	"T"	"TTTCCTCTCGCATGGC"	0	0	0	6	0	6	6	0	0	"1_155169447_C_T"
1	155169447	"C"	"T"	"TCGAGGCTCTCTAAGG"	0	0	0	1	0	1	1	0	0	"1_155169447_C_T"
1	155169447	"C"	"T"	"AAACGGGAGCACAGGT"	0	0	0	14	0	14	14	0	0	"1_155169447_C_T"
1	155169447	"C"	"T"	"ATTACTCCAAGTCTAC"	0	0	0	3	0	3	3	0	0	"1_155169447_C_T"
1	155169447	"C"	"T"	"TTTGTCAGTCAATGTC"	0	0	0	6	0	6	6	0	0	"1_155169447_C_T"
1	155169447	"C"	"T"	"CCTAAAGCATGCATGT"	0	0	0	3	0	3	3	0	0	"1_155169447_C_T"
1	155169447	"C"	"T"	"CCTAAAGGTCTGGAGA"	0	0	0	9	0	9	9	0	0	"1_155169447_C_T"
1	155169447	"C"	"T"	"GTCACAATCTCCGGTT"	0	0	0	8	0	8	8	0	0	"1_155169447_C_T"
1	155169447	"C"	"T"	"ATTATCCTCCATGAGT"	0	0	0	10	0	10	10	0	0	"1_155169447_C_T"
1	155169447	"C"	"T"	"GACAGAGTCTCTGCTG"	0	0	0	2	0	2	2	0	0	"1_155169447_C_T"
1	155169447	"C"	"T"	"ATTCTACGTGCATCTA"	0	0	0	3	0	3	3	0	0	"1_155169447_C_T"
1	155169447	"C"	"T"	"ATCGAGTCAAGCCATT"	0	0	0	4	0	4	4	0	0	"1_155169447_C_T"
1	155169447	"C"	"T"	"GCGGGTTCACGAAACG"	0	0	0	6	0	6	7	0	0	"1_155169447_C_T"
1	155169447	"C"	"T"	"CGGTTAAAGAGTCTGG"	0	0	0	5	0	5	5	0	0	"1_155169447_C_T"
1	155169447	"C"	"T"	"CAGCGACAGAGATGAG"	0	0	0	18	0	18	18	0	0	"1_155169447_C_T"
1	155169447	"C"	"T"	"CAGCTGGGTTACGGAG"	0	0	0	2	0	2	2	0	0	"1_155169447_C_T"
1	155169447	"C"	"T"	"TGGTTAGCAAACGCGA"	0	0	0	2	0	2	2	0	0	"1_155169447_C_T"
1	155169447	"C"	"T"	"GGAACTTTCAACCAAC"	0	0	0	25	0	25	25	0	0	"1_155169447_C_T"
1	155169447	"C"	"T"	"TGGTTAGTCTGTCTAT"	0	0	0	13	0	13	13	7.14285714285714	0	"1_155169447_C_T"
1	155169447	"C"	"T"	"CAGTCCTCATCACAAC"	0	3	0	8	3	8	11	0	0.272727272727273	"1_155169447_C_T"
1	155169447	"C"	"T"	"CTGATCCTCGGATGGA"	0	0	0	3	0	3	3	0	0	"1_155169447_C_T"
1	155169447	"C"	"T"	"TGGTTCCTCCTAGGGC"	0	0	0	11	0	11	11	0	0	"1_155169447_C_T"
1	155169447	"C"	"T"	"TGTATTCAGACTGTAA"	0	0	0	3	0	3	3	0	0	"1_155169447_C_T"
1	155169447	"C"	"T"	"TGTATTCGTCAAGCGA"	0	0	0	1	0	1	1	0	0	"1_155169447_C_T"
1	155169447	"C"	"T"	"TGTGGTAAGTCATCCA"	0	0	0	2	0	2	2	0	0	"1_155169447_C_T"
1	155169447	"C"	"T"	"CATATGGTCTGCAAGT"	0	1	0	1	1	1	2	0	0.5	"1_155169447_C_T"
1	155169447	"C"	"T"	"ACGCCGACAATAGCAA"	0	0	0	6	0	6	6	0	0	"1_155169447_C_T"
1	155169447	"C"	"T"	"CATATTCCATCCCATC"	0	0	0	7	0	7	7	0	0	"1_155169447_C_T"
1	155169447	"C"	"T"	"TGTTCCGTCAGCTGGC"	0	0	0	1	0	1	1	0	0	"1_155169447_C_T"
1	155169447	"C"	"T"	"GGACAGACATCACAAC"	0	0	0	9	0	9	9	0	0	"1_155169447_C_T"
1	155169447	"C"	"T"	"ACGGCCAGTAATCACC"	0	0	0	1	0	1	1	0	0	"1_155169447_C_T"
1	155169447	"C"	"T"	"CATCAAGCACATGTGT"	0	0	0	8	0	8	8	0	0	"1_155169447_C_T"
1	155169447	"C"	"T"	"TACTTACTCACTATTC"	0	0	0	17	0	17	17	5.55555555555556	0	"1_155169447_C_T"
1	155169447	"C"	"T"	"ACGGGCTAGGTGTGGT"	0	1	0	5	1	5	6	0	0.166666666666667	"1_155169447_C_T"
1	155169447	"C"	"T"	"ACGGCCACATCACAAC"	0	0	0	15	0	15	15	6.25	0	"1_155169447_C_T"
1	155169447	"C"	"T"	"ATTATCCCAGGTGCCT"	0	0	0	8	0	8	8	0	0	"1_155169447_C_T"
1	155169447	"C"	"T"	"AGCGTCGTCTTGTCAT"	0	0	0	13	0	13	13	0	0	"1_155169447_C_T"
1	155169447	"C"	"T"	"ATTATCCGTTGCGTTA"	0	0	0	7	0	7	7	0	0	"1_155169447_C_T"
1	155169447	"C"	"T"	"AGCTCCTCAAATACAG"	0	0	0	10	0	10	10	0	0	"1_155169447_C_T"
1	155169447	"C"	"T"	"GACCAATCAGTATAAG"	0	0	0	16	0	16	16	0	0	"1_155169447_C_T"
1	155169447	"C"	"T"	"AGCTCTCAGATCCGAG"	0	0	0	9	0	9	9	0	0	"1_155169447_C_T"
1	155169447	"C"	"T"	"GACCAATGTGCAACGA"	0	0	0	1	0	1	1	0	0	"1_155169447_C_T"
1	155169447	"C"	"T"	"TACACGAGTCTCACCT"	0	0	0	4	0	4	4	0	0	"1_155169447_C_T"
1	155169447	"C"	"T"	"CGCCAAGGTACTTCTT"	0	0	0	1	0	1	1	0	0	"1_155169447_C_T"
1	155169447	"C"	"T"	"CGCGGTAAGACTAAGT"	0	0	0	18	0	18	18	0	0	"1_155169447_C_T"
1	155169447	"C"	"T"	"ATCTACTAGCTAACTC"	0	0	0	10	0	10	10	0	0	"1_155169447_C_T"
1	155169447	"C"	"T"	"GACGTGCTCTTGCAAG"	0	0	0	2	0	2	2	0	0	"1_155169447_C_T"
1	155169447	"C"	"T"	"AGATCTGAGTGACATA"	0	2	0	31	2	31	33	0	0.0606060606060606	"1_155169447_C_T"
1	155169447	"C"	"T"	"AGATCTGCAAGAAGAG"	0	0	0	6	0	6	6	0	0	"1_155169447_C_T"
1	155169447	"C"	"T"	"GGCCGATGTCTCCACT"	0	0	0	10	0	10	10	9.09090909090909	0	"1_155169447_C_T"
1	155169447	"C"	"T"	"AAGGAGCGTCAGATAA"	0	0	0	21	0	21	22	0	0	"1_155169447_C_T"
1	155169447	"C"	"T"	"CTAACTTTCGCCGTGA"	0	0	0	9	0	9	9	0	0	"1_155169447_C_T"
1	155169447	"C"	"T"	"CACACCTGTAGCGTCC"	0	0	0	21	0	21	21	0	0	"1_155169447_C_T"
1	155169447	"C"	"T"	"GTGCAGCAGGCTACGA"	0	0	0	8	0	8	8	0	0	"1_155169447_C_T"
1	155169447	"C"	"T"	"TATCTCAGTCTAACGT"	0	0	0	2	0	2	2	0	0	"1_155169447_C_T"
1	155169447	"C"	"T"	"GTGCATAAGCTAGCCC"	0	0	0	12	0	12	12	0	0	"1_155169447_C_T"
1	155169447	"C"	"T"	"ATCATCTGTGAGTATA"	0	0	0	9	0	9	9	0	0	"1_155169447_C_T"
1	155169447	"C"	"T"	"GACAGAGGTCTGCGGT"	0	0	0	1	0	1	1	0	0	"1_155169447_C_T"
1	155169447	"C"	"T"	"GACAGAGTCAACCATG"	0	0	0	7	0	7	7	0	0	"1_155169447_C_T"
1	155169447	"C"	"T"	"TCAGCAATCACCACCT"	0	0	0	4	0	4	4	0	0	"1_155169447_C_T"
1	155169447	"C"	"T"	"CCTTCCCGTTATTCTC"	0	0	0	5	0	5	5	0	0	"1_155169447_C_T"
1	155169447	"C"	"T"	"ACGGCCACACAGCGTC"	0	0	0	5	0	5	5	0	0	"1_155169447_C_T"
1	155169447	"C"	"T"	"GACAGAGTCCTTGGTC"	0	0	0	11	0	11	11	0	0	"1_155169447_C_T"
1	155169447	"C"	"T"	"AGCTCCTAGCTTCGCG"	0	0	0	1	0	1	1	0	0	"1_155169447_C_T"
1	155169447	"C"	"T"	"CGATCGGTCCCAACGG"	0	0	0	6	0	6	6	0	0	"1_155169447_C_T"
1	155169447	"C"	"T"	"AGCTCCTCACACCGAC"	0	0	0	10	0	10	10	9.09090909090909	0	"1_155169447_C_T"
1	155169447	"C"	"T"	"GCTTCCACATTGCGGC"	0	0	0	35	0	35	35	0	0	"1_155169447_C_T"
1	155169447	"C"	"T"	"GACCAATTCTCAAGTG"	0	0	0	3	0	3	3	0	0	"1_155169447_C_T"
1	155169447	"C"	"T"	"TGGCGCAAGGCATTGG"	0	0	0	4	0	4	4	0	0	"1_155169447_C_T"
1	155169447	"C"	"T"	"GCTTCCATCCCACTTG"	0	0	0	8	0	8	8	0	0	"1_155169447_C_T"
1	155169447	"C"	"T"	"GCTTGAACATCACGAT"	0	0	0	3	0	3	3	0	0	"1_155169447_C_T"
1	155169447	"C"	"T"	"TGGCTGGTCACTATTC"	0	0	0	4	0	4	4	0	0	"1_155169447_C_T"
1	155169447	"C"	"T"	"CAGCTGGAGTAGGCCA"	0	0	0	1	0	1	1	0	0	"1_155169447_C_T"
1	155169447	"C"	"T"	"CTGATAGAGGCATGTG"	0	0	0	5	0	5	5	0	0	"1_155169447_C_T"
1	155169447	"C"	"T"	"CTGATAGTCCATGAAC"	0	0	0	2	0	2	2	0	0	"1_155169447_C_T"
1	155169447	"C"	"T"	"GCTGCAGCAGACAAAT"	0	0	0	6	0	6	6	0	0	"1_155169447_C_T"
1	155169447	"C"	"T"	"GCTGCAGGTATTACCG"	0	0	0	21	0	21	21	4.54545454545455	0	"1_155169447_C_T"
1	155169447	"C"	"T"	"AGATTGCGTTCCTCCA"	0	0	0	16	0	16	16	0	0	"1_155169447_C_T"
1	155169447	"C"	"T"	"AGATTGCTCTACTTAC"	0	0	0	1	0	1	1	0	0	"1_155169447_C_T"
1	155169447	"C"	"T"	"AGCAGCCAGCAATATG"	0	0	0	12	0	12	12	0	0	"1_155169447_C_T"
1	155169447	"C"	"T"	"GTTTCTAGTCACCTAA"	0	0	0	5	0	5	5	0	0	"1_155169447_C_T"
1	155169447	"C"	"T"	"GTTTCTATCATAAAGG"	0	0	0	37	0	37	37	0	0	"1_155169447_C_T"
1	155169447	"C"	"T"	"GTTTCTATCCCTGACT"	0	0	0	3	0	3	3	0	0	"1_155169447_C_T"
1	155169447	"C"	"T"	"TTTACTGCACAACGTT"	0	0	0	2	0	2	2	0	0	"1_155169447_C_T"
1	155169447	"C"	"T"	"TTTATGCAGGCATGGT"	0	0	0	1	0	1	1	0	0	"1_155169447_C_T"
1	155169447	"C"	"T"	"TTTCCTCCAAGAGGCT"	0	0	0	4	0	4	4	0	0	"1_155169447_C_T"
1	155169447	"C"	"T"	"CGGACGTAGCCGGTAA"	0	0	0	1	0	1	1	0	0	"1_155169447_C_T"
1	155169447	"C"	"T"	"AAACCTGAGGTGACCA"	0	0	0	10	0	10	10	9.09090909090909	0	"1_155169447_C_T"
1	155169447	"C"	"T"	"AGCGTCGAGAGAGCTC"	0	0	0	7	0	7	7	0	0	"1_155169447_C_T"
1	155169447	"C"	"T"	"AGCGTCGCATTAGCCA"	0	0	0	1	0	1	1	0	0	"1_155169447_C_T"
1	155169447	"C"	"T"	"TCGCGTTGTTGTGGCC"	0	0	0	2	0	2	2	0	0	"1_155169447_C_T"
1	155169447	"C"	"T"	"TCGCGTTTCCTAGAAC"	0	0	0	3	0	3	3	0	0	"1_155169447_C_T"
1	155169447	"C"	"T"	"TTCTCCTTCGCATGGC"	0	0	0	13	0	13	13	0	0	"1_155169447_C_T"
1	155169447	"C"	"T"	"ATCATGGAGCCGTCGT"	0	0	0	8	0	8	8	0	0	"1_155169447_C_T"
1	155169447	"C"	"T"	"GCGCAGTTCCACGTTC"	0	0	0	3	0	3	3	0	0	"1_155169447_C_T"
1	155169447	"C"	"T"	"GCGCCAAGTTCACGGC"	0	0	0	4	0	4	4	0	0	"1_155169447_C_T"
1	155169447	"C"	"T"	"GCTTCCAGTGACAAAT"	0	0	0	5	0	5	5	0	0	"1_155169447_C_T"
1	155169447	"C"	"T"	"TGCCAAAAGACGCAAC"	0	0	0	12	0	12	12	0	0	"1_155169447_C_T"
1	155169447	"C"	"T"	"TGCCAAACAGCCTTGG"	0	0	0	4	0	4	4	0	0	"1_155169447_C_T"
1	155169447	"C"	"T"	"CGATGTATCTTATCTG"	0	0	0	2	0	2	2	0	0	"1_155169447_C_T"
1	155169447	"C"	"T"	"CGATTGAAGCCGGTAA"	0	0	0	20	0	20	20	0	0	"1_155169447_C_T"
1	155169447	"C"	"T"	"CGCGTTTTCTGCGTAA"	0	0	0	4	0	4	4	0	0	"1_155169447_C_T"
1	155169447	"C"	"T"	"CGCGTTTTCTTCTGGC"	0	0	0	1	0	1	1	0	0	"1_155169447_C_T"
1	155169447	"C"	"T"	"CAGGTGCAGGGTCGAT"	0	0	0	2	0	2	2	0	0	"1_155169447_C_T"
1	155169447	"C"	"T"	"ACGCAGCGTTTGTTGG"	0	0	0	2	0	2	2	0	0	"1_155169447_C_T"
1	155169447	"C"	"T"	"CAGTCCTGTGTTTGGT"	0	0	0	25	0	25	25	3.84615384615385	0	"1_155169447_C_T"
1	155169447	"C"	"T"	"CATATGGCAACTGCGC"	0	0	0	14	0	14	14	0	0	"1_155169447_C_T"
1	155169447	"C"	"T"	"CATATGGCACTAAGTC"	0	0	0	48	0	48	48	0	0	"1_155169447_C_T"
1	155169447	"C"	"T"	"CTGCGGAAGGGTATCG"	0	0	0	4	0	4	4	0	0	"1_155169447_C_T"
1	155169447	"C"	"T"	"ACGCCGACAGTGGGAT"	0	0	0	12	0	12	12	0	0	"1_155169447_C_T"
1	155169447	"C"	"T"	"GTCAAGTAGATGTGGC"	0	0	0	6	0	6	6	0	0	"1_155169447_C_T"
1	155169447	"C"	"T"	"CATCAAGAGTTGTCGT"	0	0	0	16	0	16	16	0	0	"1_155169447_C_T"
1	155169447	"C"	"T"	"GGACAGACATCCAACA"	0	0	0	7	0	7	7	0	0	"1_155169447_C_T"
1	155169447	"C"	"T"	"TACTCGCTCAAGAAGT"	0	0	0	7	0	7	7	0	0	"1_155169447_C_T"
1	155169447	"C"	"T"	"ACGGCCAAGTTCGATC"	0	0	0	14	0	14	14	6.66666666666667	0	"1_155169447_C_T"
1	155169447	"C"	"T"	"AGCGTCGGTGTAATGA"	0	0	0	2	0	2	2	0	0	"1_155169447_C_T"
1	155169447	"C"	"T"	"AAACGGGCAGCTGCAC"	0	0	0	2	0	2	2	0	0	"1_155169447_C_T"
1	155169447	"C"	"T"	"GTCACAAAGACAAGCC"	0	0	0	4	0	4	4	0	0	"1_155169447_C_T"
1	155169447	"C"	"T"	"ACTTACTCACGTCAGC"	0	0	0	17	0	17	17	0	0	"1_155169447_C_T"
1	155169447	"C"	"T"	"AAAGATGGTCAACTGT"	0	0	0	10	0	10	10	9.09090909090909	0	"1_155169447_C_T"
1	155169447	"C"	"T"	"TAAGTGCAGGGTGTTG"	0	0	0	3	0	3	3	0	0	"1_155169447_C_T"
1	155169447	"C"	"T"	"GCGCGATTCTTTCCTC"	0	0	0	22	0	22	22	4.34782608695652	0	"1_155169447_C_T"
1	155169447	"C"	"T"	"TGGCGCAAGGCAGTCA"	0	0	0	5	0	5	5	0	0	"1_155169447_C_T"
1	155169447	"C"	"T"	"TGGCGCATCGTCGTTC"	0	0	0	9	0	9	9	0	0	"1_155169447_C_T"
1	155169447	"C"	"T"	"GACGCGTTCAGTTAGC"	0	0	0	1	0	1	1	0	0	"1_155169447_C_T"
1	155169447	"C"	"T"	"TGCCCTACACAGGTTT"	0	0	0	20	0	20	20	4.76190476190476	0	"1_155169447_C_T"
1	155169447	"C"	"T"	"CTGAAGTTCTTGCATT"	0	0	1	5	0	6	6	0	0	"1_155169447_C_T"
1	155169447	"C"	"T"	"GACGTTAGTAGAAAGG"	0	0	0	4	0	4	4	0	0	"1_155169447_C_T"
1	155169447	"C"	"T"	"GGCGACTAGGCAATTA"	0	0	0	4	0	4	4	0	0	"1_155169447_C_T"
1	155169447	"C"	"T"	"CACACTCAGAGTCTGG"	0	0	0	14	0	14	14	0	0	"1_155169447_C_T"
1	155169447	"C"	"T"	"TGAGCATGTAGCTCCG"	0	0	0	8	0	8	8	0	0	"1_155169447_C_T"
1	155169447	"C"	"T"	"TGAGCATGTAGGCATG"	0	0	0	8	0	8	8	0	0	"1_155169447_C_T"
1	155169447	"C"	"T"	"CGACCTTGTTCCACAA"	0	0	0	9	0	9	9	0	0	"1_155169447_C_T"
1	155169447	"C"	"T"	"TGAGCCGCAAGAAAGG"	0	0	0	16	0	16	16	0	0	"1_155169447_C_T"
1	155169447	"C"	"T"	"TATTACCGTTACCGAT"	0	0	0	8	0	8	8	0	0	"1_155169447_C_T"
1	155169447	"C"	"T"	"ATCATCTTCGTCCAGG"	0	0	0	2	0	2	2	0	0	"1_155169447_C_T"
1	155169447	"C"	"T"	"TCAGATGTCACTTATC"	0	0	0	10	0	10	10	0	0	"1_155169447_C_T"
1	155169447	"C"	"T"	"ACTGTCCGTGTGGCTC"	0	0	0	24	0	24	24	0	0	"1_155169447_C_T"
1	155169447	"C"	"T"	"TCACAAGCACGAAATA"	0	0	0	26	0	26	26	0	0	"1_155169447_C_T"
1	155169447	"C"	"T"	"ATCATGGAGCAGACTG"	0	0	0	8	0	8	8	0	0	"1_155169447_C_T"
1	155169447	"C"	"T"	"GTGCGGTGTGTTGGGA"	0	0	0	2	0	2	2	0	0	"1_155169447_C_T"
1	155169447	"C"	"T"	"ACTTACTGTCCGACGT"	0	2	0	20	2	20	22	0	0.0909090909090909	"1_155169447_C_T"
1	155169447	"C"	"T"	"TTCTCCTTCTGCGTAA"	0	0	0	7	0	7	7	0	0	"1_155169447_C_T"
1	155169447	"C"	"T"	"AAAGATGTCCACGCAG"	0	0	0	9	0	9	9	10	0	"1_155169447_C_T"
1	155169447	"C"	"T"	"TTCTTAGCACAAGACG"	0	0	0	1	0	1	1	0	0	"1_155169447_C_T"
1	155169447	"C"	"T"	"TAAGTGCCACTACAGT"	0	0	0	16	0	16	17	0	0	"1_155169447_C_T"
1	155169447	"C"	"T"	"TTGAACGCATGGTAGG"	0	0	0	1	0	1	1	0	0	"1_155169447_C_T"
1	155169447	"C"	"T"	"TTGACTTCAGCTCCGA"	0	0	0	6	0	6	6	0	0	"1_155169447_C_T"
1	155169447	"C"	"T"	"GACCTGGGTAATAGCA"	0	0	0	26	0	26	26	0	0	"1_155169447_C_T"
1	155169447	"C"	"T"	"TGGCTGGTCAAGGCTT"	0	0	0	3	0	3	3	0	0	"1_155169447_C_T"
1	155169447	"C"	"T"	"GCTCCTAAGCTAGCCC"	0	0	0	38	0	38	38	5	0	"1_155169447_C_T"
1	155169447	"C"	"T"	"TGCCCTATCACTATTC"	0	0	0	4	0	4	4	0	0	"1_155169447_C_T"
1	155169447	"C"	"T"	"CTGATAGAGAGCCCAA"	0	0	0	12	0	12	12	0	0	"1_155169447_C_T"
1	155169447	"C"	"T"	"ACGCAGCGTTACGTCA"	0	0	0	16	0	16	16	0	0	"1_155169447_C_T"
1	155169447	"C"	"T"	"TGCGCAGTCTTAGCCC"	0	0	0	1	0	1	1	0	0	"1_155169447_C_T"
1	155169447	"C"	"T"	"CGCTATCCATCTCCCA"	0	0	0	12	0	12	12	0	0	"1_155169447_C_T"
1	155169447	"C"	"T"	"CGCTATCGTCCTAGCG"	0	0	0	12	0	12	12	0	0	"1_155169447_C_T"
1	155169447	"C"	"T"	"GCTGCGAGTCATATCG"	0	0	0	3	0	3	3	0	0	"1_155169447_C_T"
1	155169447	"C"	"T"	"GCTGCGAGTCTTGATG"	0	0	0	1	0	1	1	0	0	"1_155169447_C_T"
1	155169447	"C"	"T"	"ATGCGATGTCAAACTC"	0	0	0	19	0	19	19	0	0	"1_155169447_C_T"
1	155169447	"C"	"T"	"GCTGCGATCTTGCAAG"	0	0	0	2	0	2	2	0	0	"1_155169447_C_T"
1	155169447	"C"	"T"	"TGCGTGGTCTACTATC"	0	0	0	6	0	6	6	0	0	"1_155169447_C_T"
1	155169447	"C"	"T"	"TTTACTGTCCCGACTT"	0	0	0	14	0	14	14	0	0	"1_155169447_C_T"
1	155169447	"C"	"T"	"CCGTGGAAGATGTGTA"	0	0	0	2	0	2	2	0	0	"1_155169447_C_T"
1	155169447	"C"	"T"	"AAACCTGGTCAGAATA"	0	0	0	7	0	7	7	0	0	"1_155169447_C_T"
1	155169447	"C"	"T"	"AAACCTGGTGTGAAAT"	0	0	0	15	0	15	15	0	0	"1_155169447_C_T"
1	155169447	"C"	"T"	"TTTGTCAAGGAATGGA"	0	0	0	16	0	16	16	5.88235294117647	0	"1_155169447_C_T"
1	155169447	"C"	"T"	"TAAGCGTGTTCCCGAG"	0	0	0	2	0	2	2	0	0	"1_155169447_C_T"
1	155169447	"C"	"T"	"TTCTTAGCAAATCCGT"	0	0	0	45	0	45	45	2.17391304347826	0	"1_155169447_C_T"
1	155169447	"C"	"T"	"CCATGTCTCGGCTACG"	0	0	0	5	0	5	5	0	0	"1_155169447_C_T"
1	155169447	"C"	"T"	"TTGAACGAGACATAAC"	0	0	0	4	0	4	4	0	0	"1_155169447_C_T"
1	155169447	"C"	"T"	"CAGCATAGTTCAGACT"	0	0	0	14	0	14	14	6.66666666666667	0	"1_155169447_C_T"
1	155169447	"C"	"T"	"GACCTGGGTCTAACGT"	0	0	0	10	0	10	10	0	0	"1_155169447_C_T"
1	155169447	"C"	"T"	"CTCTGGTCAGGCGATA"	0	0	0	2	0	2	2	0	0	"1_155169447_C_T"
1	155169447	"C"	"T"	"ACGATGTCAAAGTCAA"	0	0	0	2	0	2	2	0	0	"1_155169447_C_T"
1	155169447	"C"	"T"	"GTTCGGGTCCGCGTTT"	0	0	0	13	0	13	13	0	0	"1_155169447_C_T"
1	155169447	"C"	"T"	"CAGTAACAGATGCCAG"	0	0	0	4	0	4	4	0	0	"1_155169447_C_T"
1	155169447	"C"	"T"	"ACGCAGCGTTCCGTCT"	0	0	0	7	0	7	7	0	0	"1_155169447_C_T"
1	155169447	"C"	"T"	"CTGCCTACAATGCCAT"	0	0	0	3	0	3	3	0	0	"1_155169447_C_T"
1	155169447	"C"	"T"	"CTGCCTAGTTGAACTC"	0	0	0	15	0	15	15	0	0	"1_155169447_C_T"
1	155169447	"C"	"T"	"CTGCCTATCCTGCTTG"	0	0	0	10	0	10	10	0	0	"1_155169447_C_T"
1	155169447	"C"	"T"	"CTGCGGAAGAGCCTAG"	0	2	0	2	2	2	4	0	0.5	"1_155169447_C_T"
1	155169447	"C"	"T"	"GTGCATAAGGATATAC"	0	0	0	2	0	2	2	0	0	"1_155169447_C_T"
1	155169447	"C"	"T"	"TGTTCCGTCGTACGGC"	0	0	0	14	0	14	15	0	0	"1_155169447_C_T"
1	155169447	"C"	"T"	"ACGCCGATCAGCAACT"	0	0	0	4	0	4	4	0	0	"1_155169447_C_T"
1	155169447	"C"	"T"	"GTCAAGTTCGCGGATC"	0	0	0	5	0	5	5	0	0	"1_155169447_C_T"
1	155169447	"C"	"T"	"ACTGTCCCATTCTCAT"	0	0	0	3	0	3	3	0	0	"1_155169447_C_T"
1	155169447	"C"	"T"	"CGAGCACTCGTAGGTT"	0	0	0	11	0	11	11	8.33333333333333	0	"1_155169447_C_T"
1	155169447	"C"	"T"	"TAAGAGACAGCCTTTC"	0	0	0	1	0	1	1	0	0	"1_155169447_C_T"
1	155169447	"C"	"T"	"CGATCGGGTGCGATAG"	0	0	0	3	0	3	3	0	0	"1_155169447_C_T"
1	155169447	"C"	"T"	"ATCATGGTCGCCGTGA"	0	0	0	9	0	9	9	0	0	"1_155169447_C_T"
1	155169447	"C"	"T"	"GCTTCCACACTAAGTC"	0	0	0	4	0	4	4	0	0	"1_155169447_C_T"
1	155169447	"C"	"T"	"CGATGTATCAAGCCTA"	0	0	0	18	0	18	18	0	0	"1_155169447_C_T"
1	155169447	"C"	"T"	"CGATGTATCTAACGGT"	0	0	0	9	0	9	9	0	0	"1_155169447_C_T"
1	155169447	"C"	"T"	"ACGATACAGGTAGCTG"	0	0	0	41	0	41	41	2.38095238095238	0	"1_155169447_C_T"
1	155169447	"C"	"T"	"ACGATGTCATCCGTGG"	0	0	0	48	0	48	48	0	0	"1_155169447_C_T"
1	155169447	"C"	"T"	"ACGATGTGTCGCTTTC"	0	0	0	7	0	7	7	0	0	"1_155169447_C_T"
1	155169447	"C"	"T"	"CACACCTGTCCAGTAT"	0	0	0	1	0	1	1	0	0	"1_155169447_C_T"
1	155169447	"C"	"T"	"CTAAGACTCCTAGAAC"	0	0	0	1	0	1	1	0	0	"1_155169447_C_T"
1	155169447	"C"	"T"	"CTAAGACTCGGTGTCG"	0	0	0	13	0	13	13	0	0	"1_155169447_C_T"
1	155169447	"C"	"T"	"CACAGGCGTCTCTTAT"	0	0	0	4	0	4	4	0	0	"1_155169447_C_T"
1	155169447	"C"	"T"	"TGAGCATTCCGTTGCT"	0	0	0	2	0	2	2	0	0	"1_155169447_C_T"
1	155169447	"C"	"T"	"TGAGCCGAGCCATCGC"	0	0	0	9	0	9	9	0	0	"1_155169447_C_T"
1	155169447	"C"	"T"	"TGAGCCGGTATGGTTC"	0	0	0	2	0	2	2	0	0	"1_155169447_C_T"
1	155169447	"C"	"T"	"TCAACGATCAGTACGT"	0	0	0	1	0	1	1	0	0	"1_155169447_C_T"
1	155169447	"C"	"T"	"TCAATCTCAGGCAGTA"	0	0	0	5	0	5	5	0	0	"1_155169447_C_T"
1	155169447	"C"	"T"	"GCTGGGTCATCGATGT"	0	0	0	10	0	10	10	0	0	"1_155169447_C_T"
1	155169447	"C"	"T"	"CCGTGGAGTAAACCTC"	0	0	0	10	0	10	10	9.09090909090909	0	"1_155169447_C_T"
1	155169447	"C"	"T"	"TAAGAGAGTGTAATGA"	0	0	0	1	0	1	1	0	0	"1_155169447_C_T"
1	155169447	"C"	"T"	"GCTGGGTTCGTGGGAA"	0	0	0	6	0	6	6	0	0	"1_155169447_C_T"
1	155169447	"C"	"T"	"GCTTCCAAGCTGTCTA"	0	0	0	5	0	5	5	0	0	"1_155169447_C_T"
1	155169447	"C"	"T"	"ATCCACCCACTAGTAC"	0	0	0	2	0	2	2	0	0	"1_155169447_C_T"
1	155169447	"C"	"T"	"CGGAGTCCAGGATCGA"	0	0	0	7	0	7	7	0	0	"1_155169447_C_T"
1	155169447	"C"	"T"	"CTCTAATAGTGAAGAG"	0	0	0	2	0	2	2	0	0	"1_155169447_C_T"
1	155169447	"C"	"T"	"CAGCATAGTGACTCAT"	0	0	0	20	0	20	20	0	0	"1_155169447_C_T"
1	155169447	"C"	"T"	"CTCTAATGTCCGACGT"	0	0	0	16	0	16	16	0	0	"1_155169447_C_T"
1	155169447	"C"	"T"	"CACCAGGGTAGCGTGA"	0	0	0	12	0	12	12	0	0	"1_155169447_C_T"
1	155169447	"C"	"T"	"CAGCCGAGTCGAGTTT"	0	0	0	4	0	4	4	0	0	"1_155169447_C_T"
1	155169447	"C"	"T"	"GACGTGCAGGCATGTG"	0	0	0	6	0	6	6	0	0	"1_155169447_C_T"
1	155169447	"C"	"T"	"ACGATGTTCGATAGAA"	0	0	0	5	0	5	5	0	0	"1_155169447_C_T"
1	155169447	"C"	"T"	"AGATTGCAGATATGCA"	0	0	0	9	0	9	9	10	0	"1_155169447_C_T"
1	155169447	"C"	"T"	"TGCGCAGTCTATCGCC"	0	0	0	8	0	8	8	0	0	"1_155169447_C_T"
1	155169447	"C"	"T"	"CAGAGAGCACATTTCT"	0	0	0	9	0	9	9	10	0	"1_155169447_C_T"
1	155169447	"C"	"T"	"CAGAGAGGTCGGATCC"	0	0	0	9	0	9	9	0	0	"1_155169447_C_T"
1	155169447	"C"	"T"	"CAGATCACAAGCGATG"	0	0	0	4	0	4	4	0	0	"1_155169447_C_T"
1	155169447	"C"	"T"	"TTTACTGAGCTAGTGG"	0	0	0	5	0	5	5	0	0	"1_155169447_C_T"
1	155169447	"C"	"T"	"GTATCTTTCTGCGACG"	0	0	0	2	0	2	2	0	0	"1_155169447_C_T"
1	155169447	"C"	"T"	"TTTACTGCATGGTCTA"	0	0	0	3	0	3	3	0	0	"1_155169447_C_T"
1	155169447	"C"	"T"	"CCGTACTAGCGAAGGG"	0	0	0	29	0	29	29	0	0	"1_155169447_C_T"
1	155169447	"C"	"T"	"CCGTGGACAACTGCTA"	0	4	0	12	4	12	16	0	0.25	"1_155169447_C_T"
1	155169447	"C"	"T"	"TTTGGTTTCAAGATCC"	0	0	0	5	0	5	5	0	0	"1_155169447_C_T"
1	155169447	"C"	"T"	"GTCAAGTCAATAACGA"	0	0	0	8	0	8	8	0	0	"1_155169447_C_T"
1	155169447	"C"	"T"	"TGAGGGACAAGCTGAG"	0	0	0	1	0	1	1	0	0	"1_155169447_C_T"
1	155169447	"C"	"T"	"TGAGGGACAGGAACGT"	0	0	0	5	0	5	5	0	0	"1_155169447_C_T"
1	155169447	"C"	"T"	"TGAGGGAGTTCAGGCC"	0	0	0	15	0	15	15	6.25	0	"1_155169447_C_T"
1	155169447	"C"	"T"	"AAAGATGAGTTGAGAT"	0	0	0	12	0	12	12	7.69230769230769	0	"1_155169447_C_T"
1	155169447	"C"	"T"	"ATCCACCGTAGCTCCG"	0	0	0	3	0	3	3	0	0	"1_155169447_C_T"
1	155169447	"C"	"T"	"ATCCGAAGTTCCACGG"	0	0	0	17	0	17	17	0	0	"1_155169447_C_T"
1	155169447	"C"	"T"	"GACGTGCAGAAGGGTA"	0	0	0	6	0	6	7	0	0	"1_155169447_C_T"
1	155169447	"C"	"T"	"ACGATACTCCACGTTC"	0	0	0	7	0	7	7	0	0	"1_155169447_C_T"
1	155169447	"C"	"T"	"GTAGGCCAGTGAACGC"	0	0	0	3	0	3	3	0	0	"1_155169447_C_T"
1	155169447	"C"	"T"	"ACGCAGCTCTCGTTTA"	0	0	0	5	0	5	5	0	0	"1_155169447_C_T"
1	155169447	"C"	"T"	"ACGCCAGAGACGACGT"	0	0	0	17	0	17	17	0	0	"1_155169447_C_T"
1	155169447	"C"	"T"	"CACAGTACACAGCGTC"	0	0	0	31	0	31	31	0	0	"1_155169447_C_T"
1	155169447	"C"	"T"	"ACGCCGAGTTCATGGT"	0	0	0	19	0	19	19	5	0	"1_155169447_C_T"
1	155169447	"C"	"T"	"GTCAAGTCATTACCTT"	0	0	0	10	0	10	10	0	0	"1_155169447_C_T"
1	155169447	"C"	"T"	"CGAGCACCAGCTTCGG"	0	0	0	8	0	8	8	0	0	"1_155169447_C_T"
1	155169447	"C"	"T"	"CACATAGAGGGCTTGA"	0	1	0	0	1	0	1	0	1	"1_155169447_C_T"
1	155169447	"C"	"T"	"TGCTACCCAGCTGGCT"	0	0	0	40	0	40	40	4.76190476190476	0	"1_155169447_C_T"
1	155169447	"C"	"T"	"CGGACTGTCGGTGTCG"	0	0	0	2	0	2	2	0	0	"1_155169447_C_T"
1	155169447	"C"	"T"	"GTGCTTCAGAAGGTGA"	0	0	0	5	0	5	5	0	0	"1_155169447_C_T"
1	155169447	"C"	"T"	"ACTTGTTAGATCCGAG"	0	0	0	5	0	5	5	0	0	"1_155169447_C_T"
1	155169447	"C"	"T"	"CGGAGTCCACGGCTAC"	0	0	0	42	0	42	42	0	0	"1_155169447_C_T"
1	155169447	"C"	"T"	"CGGAGTCCAGATCGGA"	0	0	0	1	0	1	1	0	0	"1_155169447_C_T"
1	155169447	"C"	"T"	"CTCGTCAGTACTCGCG"	0	0	0	3	0	3	3	0	0	"1_155169447_C_T"
1	155169447	"C"	"T"	"CTCTAATCATGCCCGA"	0	0	0	5	0	5	5	0	0	"1_155169447_C_T"
1	155169447	"C"	"T"	"AGAGCGACAAGCGCTC"	0	0	0	2	0	2	2	0	0	"1_155169447_C_T"
1	155169447	"C"	"T"	"ACGATACCAATCGAAA"	0	0	0	5	0	5	5	0	0	"1_155169447_C_T"
1	155169447	"C"	"T"	"AGAGTGGAGGGCTTGA"	0	0	0	3	0	3	3	0	0	"1_155169447_C_T"
1	155169447	"C"	"T"	"CGCGGTAGTTATGCGT"	0	0	0	7	0	7	7	0	0	"1_155169447_C_T"
1	155169447	"C"	"T"	"GTACTCCTCTGGCGAC"	0	0	0	2	0	2	2	0	0	"1_155169447_C_T"
1	155169447	"C"	"T"	"TGCGCAGGTGCCTGGT"	0	0	0	1	0	1	1	0	0	"1_155169447_C_T"
1	155169447	"C"	"T"	"GTACTTTAGGCATGTG"	0	0	0	5	0	5	5	0	0	"1_155169447_C_T"
1	155169447	"C"	"T"	"CTAACTTTCTTATCTG"	0	0	0	13	0	13	13	0	0	"1_155169447_C_T"
1	155169447	"C"	"T"	"GGCGTGTGTATTAGCC"	0	0	0	8	0	8	8	0	0	"1_155169447_C_T"
1	155169447	"C"	"T"	"AAGTCTGGTCATATCG"	0	0	0	4	0	4	4	0	0	"1_155169447_C_T"
1	155169447	"C"	"T"	"CTAATGGGTCACCTAA"	0	0	0	1	0	1	1	0	0	"1_155169447_C_T"
1	155169447	"C"	"T"	"CGACCTTCAGGGTACA"	0	0	0	7	0	7	7	0	0	"1_155169447_C_T"
1	155169447	"C"	"T"	"CAGATCAGTACCTACA"	0	0	0	15	0	15	15	0	0	"1_155169447_C_T"
1	155169447	"C"	"T"	"CAGATCAGTCTGGAGA"	0	0	0	2	0	2	2	0	0	"1_155169447_C_T"
1	155169447	"C"	"T"	"CAGATCAGTTGCCTCT"	0	0	0	2	0	2	2	0	0	"1_155169447_C_T"
1	155169447	"C"	"T"	"CAGATCATCCATTCTA"	0	0	0	22	0	22	22	8.33333333333333	0	"1_155169447_C_T"
1	155169447	"C"	"T"	"GTGCATAGTGGTACAG"	0	0	0	9	0	9	9	0	0	"1_155169447_C_T"
1	155169447	"C"	"T"	"CACAGTATCCGTCAAA"	0	0	0	6	0	6	6	0	0	"1_155169447_C_T"
1	155169447	"C"	"T"	"AATCGGTCACACGCTG"	0	0	0	2	0	2	2	0	0	"1_155169447_C_T"
1	155169447	"C"	"T"	"CACATAGTCTTGACGA"	0	0	0	4	0	4	4	0	0	"1_155169447_C_T"
1	155169447	"C"	"T"	"TAAGCGTCAATAGCGG"	0	0	0	3	0	3	3	0	0	"1_155169447_C_T"
1	155169447	"C"	"T"	"TGATTTCCAAGAGGCT"	0	0	0	7	0	7	7	0	0	"1_155169447_C_T"
1	155169447	"C"	"T"	"ACTTGTTCATCCTAGA"	0	0	0	1	0	1	1	0	0	"1_155169447_C_T"
1	155169447	"C"	"T"	"ACTTGTTGTGCTGTAT"	0	0	0	5	0	5	5	0	0	"1_155169447_C_T"
1	155169447	"C"	"T"	"AGACGTTAGCAATCTC"	0	0	0	11	0	11	11	0	0	"1_155169447_C_T"
1	155169447	"C"	"T"	"ACGAGGACAAGCCTAT"	0	0	0	4	0	4	4	0	0	"1_155169447_C_T"
1	155169447	"C"	"T"	"ACGAGGAGTTCTGTTT"	0	0	0	4	0	4	4	0	0	"1_155169447_C_T"
1	155169447	"C"	"T"	"CTAGTGACACATAACC"	0	0	0	2	0	2	3	0	0	"1_155169447_C_T"
1	155169447	"C"	"T"	"AGAGCGATCATGCAAC"	0	0	0	3	0	3	3	0	0	"1_155169447_C_T"
1	155169447	"C"	"T"	"ACGATACTCATAGCAC"	0	0	0	8	0	8	8	0	0	"1_155169447_C_T"
1	155169447	"C"	"T"	"CGCGGTAGTTGACGTT"	0	0	0	11	0	11	11	0	0	"1_155169447_C_T"
1	155169447	"C"	"T"	"TTGCCGTTCGCGTTTC"	0	0	0	4	0	4	4	0	0	"1_155169447_C_T"
1	155169447	"C"	"T"	"GTACTTTGTCAAACTC"	0	0	0	14	0	14	14	6.66666666666667	0	"1_155169447_C_T"
1	155169447	"C"	"T"	"ACATCAGGTCAGAAGC"	0	0	0	3	0	3	3	0	0	"1_155169447_C_T"
1	155169447	"C"	"T"	"CTCAGAAAGTCTCAAC"	0	0	0	4	0	4	4	0	0	"1_155169447_C_T"
1	155169447	"C"	"T"	"GTTTCTAGTAAGAGAG"	0	0	0	2	0	2	2	0	0	"1_155169447_C_T"
1	155169447	"C"	"T"	"TTGTAGGAGTTAACGA"	0	0	0	1	0	1	1	0	0	"1_155169447_C_T"
1	155169447	"C"	"T"	"TTGTAGGGTCATGCCG"	0	0	0	27	0	27	27	6.89655172413793	0	"1_155169447_C_T"
1	155169447	"C"	"T"	"CGCTGGACAAGCCCAC"	0	0	0	9	0	9	9	0	0	"1_155169447_C_T"
1	155169447	"C"	"T"	"GTATCTTGTTCACCTC"	0	0	0	2	0	2	2	0	0	"1_155169447_C_T"
1	155169447	"C"	"T"	"TGCTACCCACCAGCAC"	0	0	0	2	0	2	2	0	0	"1_155169447_C_T"
1	155169447	"C"	"T"	"ACCGTAACAGGATTGG"	0	0	0	16	0	16	16	0	0	"1_155169447_C_T"
1	155169447	"C"	"T"	"CTACACCGTAAAGTCA"	0	0	0	3	0	3	3	0	0	"1_155169447_C_T"
1	155169447	"C"	"T"	"AATCCAGGTCATATCG"	0	0	0	1	0	1	1	0	0	"1_155169447_C_T"
1	155169447	"C"	"T"	"CTCGGGAGTCAGAAGC"	0	0	0	8	0	8	8	0	0	"1_155169447_C_T"
1	155169447	"C"	"T"	"ACCTTTACACGGCTAC"	0	0	0	2	0	2	2	0	0	"1_155169447_C_T"
1	155169447	"C"	"T"	"CTACATTTCATGCTCC"	0	0	0	3	0	3	3	0	0	"1_155169447_C_T"
1	155169447	"C"	"T"	"CACATTTCAATCCGAT"	0	0	0	11	0	11	11	8.33333333333333	0	"1_155169447_C_T"
1	155169447	"C"	"T"	"TGATTTCTCAACCATG"	0	0	0	4	0	4	4	0	0	"1_155169447_C_T"
1	155169447	"C"	"T"	"TGGACGCCACCGCTAG"	0	0	0	18	0	18	18	0	0	"1_155169447_C_T"
1	155169447	"C"	"T"	"ACGAGGACATCCAACA"	0	0	0	8	0	8	8	0	0	"1_155169447_C_T"
1	155169447	"C"	"T"	"CTAGCCTGTAAGTGGC"	0	0	0	3	0	3	3	0	0	"1_155169447_C_T"
1	155169447	"C"	"T"	"ACGAGGATCGTTTGCC"	0	0	0	7	0	7	8	0	0	"1_155169447_C_T"
1	155169447	"C"	"T"	"GTAACTGCACATGACT"	0	0	0	40	0	40	40	0	0	"1_155169447_C_T"
1	155169447	"C"	"T"	"GTACTCCTCCGAATGT"	0	0	0	1	0	1	1	0	0	"1_155169447_C_T"
1	155169447	"C"	"T"	"TTGCGTCAGACATAAC"	0	0	0	2	0	2	2	0	0	"1_155169447_C_T"
1	155169447	"C"	"T"	"CAGAATCGTCATGCAT"	0	0	0	28	0	28	28	0	0	"1_155169447_C_T"
1	155169447	"C"	"T"	"AAGGTTCAGCCAGTTT"	0	0	0	9	0	9	9	0	0	"1_155169447_C_T"
1	155169447	"C"	"T"	"GGCGTGTCATTCACTT"	0	0	0	2	0	2	2	0	0	"1_155169447_C_T"
1	155169447	"C"	"T"	"GTAGGCCAGTGAAGAG"	0	0	0	12	0	12	12	0	0	"1_155169447_C_T"
1	155169447	"C"	"T"	"GTAGGCCCATCGGGTC"	0	0	0	4	0	4	4	0	0	"1_155169447_C_T"
1	155169447	"C"	"T"	"CACAGGCTCTTGAGAC"	0	0	0	11	0	11	11	0	0	"1_155169447_C_T"
1	155169447	"C"	"T"	"CTACACCCACAGCGTC"	0	0	0	5	0	5	5	0	0	"1_155169447_C_T"
1	155169447	"C"	"T"	"CTCGAGGTCGAATCCA"	0	0	0	9	0	9	9	0	0	"1_155169447_C_T"
1	155169447	"C"	"T"	"CACAGTATCCCGACTT"	0	0	0	12	0	12	12	0	0	"1_155169447_C_T"
1	155169447	"C"	"T"	"CGAGAAGCACGCATCG"	0	0	0	24	0	24	24	4	0	"1_155169447_C_T"
1	155169447	"C"	"T"	"ACGAGGAAGGCAAAGA"	0	0	0	1	0	1	1	0	0	"1_155169447_C_T"
1	155169447	"C"	"T"	"ACGAGGACACCAGATT"	0	0	0	13	0	13	13	0	0	"1_155169447_C_T"
1	155169447	"C"	"T"	"CCGTGGATCCTTGGTC"	0	0	0	5	0	5	5	0	0	"1_155169447_C_T"
1	155169447	"C"	"T"	"TGCACCTAGAAACCGC"	0	0	0	1	0	1	1	0	0	"1_155169447_C_T"
1	155169447	"C"	"T"	"CGATCGGTCTAGCACA"	0	0	0	3	0	3	3	0	0	"1_155169447_C_T"
1	155169447	"C"	"T"	"CGATGGCTCACAGGCC"	0	0	0	2	0	2	2	0	0	"1_155169447_C_T"
1	155169447	"C"	"T"	"CTCATTAGTGCCTTGG"	0	0	0	5	0	5	5	0	0	"1_155169447_C_T"
1	155169447	"C"	"T"	"CTCCTAGGTTTGACTG"	0	0	0	5	0	5	5	0	0	"1_155169447_C_T"
1	155169447	"C"	"T"	"CTAGTGAAGAGGGATA"	0	0	0	10	0	10	10	0	0	"1_155169447_C_T"
1	155169447	"C"	"T"	"GTACGTACACAGCCCA"	0	0	0	4	0	4	4	0	0	"1_155169447_C_T"
1	155169447	"C"	"T"	"CACCTTGTCATGCAAC"	0	0	0	2	0	2	2	0	0	"1_155169447_C_T"
1	155169447	"C"	"T"	"CTCACACAGAGCTGCA"	0	0	0	4	0	4	4	0	0	"1_155169447_C_T"
1	155169447	"C"	"T"	"CAGCATAAGACAGAGA"	0	0	0	6	0	6	6	0	0	"1_155169447_C_T"
1	155169447	"C"	"T"	"GTAACTGAGATCGATA"	0	0	0	2	0	2	2	0	0	"1_155169447_C_T"
1	155169447	"C"	"T"	"CGCTATCGTTCGCTAA"	0	0	0	6	0	6	6	0	0	"1_155169447_C_T"
1	155169447	"C"	"T"	"GGCGTGTGTGTATGGG"	0	0	0	19	0	19	19	9.52380952380952	0	"1_155169447_C_T"
1	155169447	"C"	"T"	"GGCGTGTTCCTGCTTG"	0	0	0	8	0	8	8	0	0	"1_155169447_C_T"
1	155169447	"C"	"T"	"CCGGTAGCAAGACGTG"	0	0	0	7	0	7	7	0	0	"1_155169447_C_T"
1	155169447	"C"	"T"	"AAGTCTGGTTGACGTT"	0	0	0	1	0	1	1	0	0	"1_155169447_C_T"
1	155169447	"C"	"T"	"CCGGTAGGTCCGTTAA"	0	0	0	38	0	38	38	0	0	"1_155169447_C_T"
1	155169447	"C"	"T"	"CCGGTAGGTGAGGGTT"	0	0	0	3	0	3	3	0	0	"1_155169447_C_T"
1	155169447	"C"	"T"	"CCGTACTTCTGCGTAA"	0	0	0	3	0	3	3	0	0	"1_155169447_C_T"
1	155169447	"C"	"T"	"AATCCAGCAATGGAGC"	0	0	0	6	0	6	6	0	0	"1_155169447_C_T"
1	155169447	"C"	"T"	"GTTCATTAGTGAACGC"	0	0	0	7	0	7	7	0	0	"1_155169447_C_T"
1	155169447	"C"	"T"	"CACCACTGTGCGAAAC"	0	0	0	11	0	11	11	0	0	"1_155169447_C_T"
1	155169447	"C"	"T"	"TGCTACCTCGGATGTT"	0	0	0	1	0	1	1	0	0	"1_155169447_C_T"
1	155169447	"C"	"T"	"CGGAGCTGTGAGTGAC"	0	0	0	5	0	5	5	0	0	"1_155169447_C_T"
1	155169447	"C"	"T"	"TGGACGCCAAACTGTC"	0	0	0	1	0	1	1	0	0	"1_155169447_C_T"
1	155169447	"C"	"T"	"CAGCAGCTCCAAGCCG"	0	0	0	9	0	9	9	0	0	"1_155169447_C_T"
1	155169447	"C"	"T"	"TGCACCTCATTGGCGC"	0	0	0	3	0	3	3	0	0	"1_155169447_C_T"
1	155169447	"C"	"T"	"GTTTCTAAGGCATGGT"	0	0	0	9	0	9	9	10	0	"1_155169447_C_T"
1	155169447	"C"	"T"	"ACGAGGACAGCATGAG"	0	0	0	6	0	6	6	0	0	"1_155169447_C_T"
1	155169447	"C"	"T"	"GTAACTGCACGAAGCA"	0	0	0	8	0	8	8	0	0	"1_155169447_C_T"
1	155169447	"C"	"T"	"CTAGTGACAGTAGAGC"	0	0	0	10	0	10	10	0	0	"1_155169447_C_T"
1	155169447	"C"	"T"	"AGAGCGATCATGTCCC"	0	0	0	10	0	10	10	0	0	"1_155169447_C_T"
1	155169447	"C"	"T"	"GTACTCCCAATCTGCA"	0	0	0	2	0	2	2	0	0	"1_155169447_C_T"
1	155169447	"C"	"T"	"TTGCCGTAGGCTCATT"	0	0	0	1	0	1	1	0	0	"1_155169447_C_T"
1	155169447	"C"	"T"	"TTGCCGTCACGTAAGG"	0	0	0	6	0	6	6	0	0	"1_155169447_C_T"
1	155169447	"C"	"T"	"TGCACCTCACATTAGC"	0	0	0	2	0	2	2	0	0	"1_155169447_C_T"
1	155169447	"C"	"T"	"TGCACCTTCCTTGCCA"	0	0	0	1	0	1	1	0	0	"1_155169447_C_T"
1	155169447	"C"	"T"	"GCTGCGATCGCCGTGA"	0	0	0	1	0	1	1	0	0	"1_155169447_C_T"
1	155169447	"C"	"T"	"CTCGAGGAGTTACGGG"	0	0	0	7	0	7	7	0	0	"1_155169447_C_T"
1	155169447	"C"	"T"	"GTAACGTGTCAATGTC"	0	0	0	14	0	14	14	0	0	"1_155169447_C_T"
1	155169447	"C"	"T"	"CCATTCGCAATGAATG"	0	0	0	14	0	14	14	0	0	"1_155169447_C_T"
1	155169447	"C"	"T"	"GGGAATGGTCAAAGAT"	0	0	0	2	0	2	2	0	0	"1_155169447_C_T"
1	155169447	"C"	"T"	"GGGAATGGTTTGACAC"	0	0	0	2	0	2	2	0	0	"1_155169447_C_T"
1	155169447	"C"	"T"	"CCGTGGATCGAGGTAG"	0	0	0	8	0	8	8	0	0	"1_155169447_C_T"
1	155169447	"C"	"T"	"CCGTTCAAGTTGTAGA"	0	0	0	14	0	14	14	0	0	"1_155169447_C_T"
1	155169447	"C"	"T"	"CACATTTCACGAAAGC"	0	0	0	2	0	2	2	0	0	"1_155169447_C_T"
1	155169447	"C"	"T"	"CTCGAGGTCTTGTACT"	0	0	0	3	0	3	3	0	0	"1_155169447_C_T"
1	155169447	"C"	"T"	"CAGCAGCCACCAGATT"	0	0	0	9	0	9	9	0	0	"1_155169447_C_T"
1	155169447	"C"	"T"	"GTTAAGCCACGAAGCA"	0	0	0	3	0	3	3	0	0	"1_155169447_C_T"
1	155169447	"C"	"T"	"CTCCTAGAGCACAGGT"	0	0	0	25	0	25	25	0	0	"1_155169447_C_T"
1	155169447	"C"	"T"	"CCATTCGGTATAGGGC"	0	0	0	11	0	11	11	0	0	"1_155169447_C_T"
1	155169447	"C"	"T"	"CTAGCCTTCCGAATGT"	0	0	0	13	0	13	13	7.14285714285714	0	"1_155169447_C_T"
1	155169447	"C"	"T"	"CCCTCCTGTACCCAAT"	0	3	0	8	3	8	11	8.33333333333333	0.272727272727273	"1_155169447_C_T"
1	155169447	"C"	"T"	"AGAGCTTTCATGGTCA"	0	0	0	6	0	6	6	0	0	"1_155169447_C_T"
1	155169447	"C"	"T"	"AGAGTGGCAGTATAAG"	0	0	0	17	0	17	17	5.55555555555556	0	"1_155169447_C_T"
1	155169447	"C"	"T"	"ACCAGTAAGCCCAACC"	0	0	0	7	0	7	7	0	0	"1_155169447_C_T"
1	155169447	"C"	"T"	"ACGAGCCTCACCATAG"	0	0	0	6	0	6	6	0	0	"1_155169447_C_T"
1	155169447	"C"	"T"	"CTCGAAAAGTACGCGA"	0	0	0	6	0	6	6	0	0	"1_155169447_C_T"
1	155169447	"C"	"T"	"CTCGAAACAAGCCCAC"	0	0	0	5	0	5	5	0	0	"1_155169447_C_T"
1	155169447	"C"	"T"	"GTAACTGCAAGGTTTC"	0	0	0	3	0	3	3	0	0	"1_155169447_C_T"
1	155169447	"C"	"T"	"CTACACCAGTCTCGGC"	0	0	0	8	0	8	8	0	0	"1_155169447_C_T"
1	155169447	"C"	"T"	"GGTGCGTGTGCACTTA"	0	0	0	4	0	4	4	0	0	"1_155169447_C_T"
1	155169447	"C"	"T"	"AATCCAGAGCACCGTC"	0	0	0	9	0	9	9	0	0	"1_155169447_C_T"
1	155169447	"C"	"T"	"CACATTTCAGCATACT"	0	0	0	14	0	14	14	0	0	"1_155169447_C_T"
1	155169447	"C"	"T"	"CCATGTCAGATACACA"	0	0	0	24	0	24	24	7.69230769230769	0	"1_155169447_C_T"
1	155169447	"C"	"T"	"GTAACTGCAAGCTGTT"	0	0	0	8	0	8	8	0	0	"1_155169447_C_T"
1	155169447	"C"	"T"	"CCCTCCTCACGTGAGA"	0	0	0	4	0	4	4	0	0	"1_155169447_C_T"
1	155169447	"C"	"T"	"AATCGGTGTATGCTTG"	0	0	0	4	0	4	4	0	0	"1_155169447_C_T"
1	155169447	"C"	"T"	"TGCTGCTCACCAGGCT"	0	0	0	3	0	3	3	0	0	"1_155169447_C_T"
1	155169447	"C"	"T"	"GGCTCGAAGGCGTACA"	0	0	0	2	0	2	2	0	0	"1_155169447_C_T"
1	155169447	"C"	"T"	"GGGCATCAGGCTCAGA"	0	0	0	7	0	7	7	0	0	"1_155169447_C_T"
1	155169447	"C"	"T"	"CCATGTCAGTCCTCCT"	0	0	0	3	0	3	3	0	0	"1_155169447_C_T"
1	155169447	"C"	"T"	"CTAGCCTCAGGCTCAC"	0	0	0	10	0	10	10	0	0	"1_155169447_C_T"
1	155169447	"C"	"T"	"CTCATTAGTTACGGAG"	0	0	0	3	0	3	3	0	0	"1_155169447_C_T"
1	155169447	"C"	"T"	"TGCCCATGTAGCTGCC"	0	0	0	7	0	7	7	0	0	"1_155169447_C_T"
1	155169447	"C"	"T"	"GGGACCTAGAGGTACC"	0	0	0	2	0	2	2	0	0	"1_155169447_C_T"
1	155169447	"C"	"T"	"GGGCATCAGATGGGTC"	0	0	0	13	0	13	13	0	0	"1_155169447_C_T"
1	155169447	"C"	"T"	"GGTGTTACACACCGCA"	0	0	0	9	0	9	9	0	0	"1_155169447_C_T"
1	155169447	"C"	"T"	"GGTATTGGTTAGTGGG"	0	0	0	3	0	3	3	0	0	"1_155169447_C_T"
1	155169447	"C"	"T"	"TTGCCGTTCCACGCAG"	0	0	0	12	0	12	12	0	0	"1_155169447_C_T"
1	155169447	"C"	"T"	"TTGGCAAAGGGCATGT"	0	0	0	1	0	1	1	0	0	"1_155169447_C_T"
1	155169447	"C"	"T"	"ACAGCCGAGATCTGAA"	0	0	0	3	0	3	3	0	0	"1_155169447_C_T"
1	155169447	"C"	"T"	"CCGGGATTCTGATTCT"	0	0	0	8	0	8	8	0	0	"1_155169447_C_T"
1	155169447	"C"	"T"	"GGTGCGTGTAAGAGAG"	0	0	0	12	0	12	12	0	0	"1_155169447_C_T"
1	155169447	"C"	"T"	"CAGCAGCCACAGTCGC"	0	0	0	9	0	9	9	0	0	"1_155169447_C_T"
1	155169447	"C"	"T"	"CTCGTACTCAACCATG"	0	0	0	8	0	8	8	0	0	"1_155169447_C_T"
1	155169447	"C"	"T"	"CTCGTACTCATCGGAT"	0	0	0	8	0	8	8	0	0	"1_155169447_C_T"
1	155169447	"C"	"T"	"CACCACTCACATCCAA"	0	0	0	22	0	22	22	0	0	"1_155169447_C_T"
1	155169447	"C"	"T"	"ACCCACTAGACTAAGT"	0	0	0	19	0	19	19	9.52380952380952	0	"1_155169447_C_T"
1	155169447	"C"	"T"	"ACAGCCGAGGTTCCTA"	0	1	0	25	1	25	26	3.7037037037037	0.0384615384615385	"1_155169447_C_T"
1	155169447	"C"	"T"	"CAGCAGCCAAGTAGTA"	0	0	0	5	0	5	5	0	0	"1_155169447_C_T"
1	155169447	"C"	"T"	"ACCGTAACACCCATTC"	0	0	0	30	0	30	30	3.2258064516129	0	"1_155169447_C_T"
1	155169447	"C"	"T"	"TGCTGCTAGCGCCTTG"	0	0	0	4	0	4	4	0	0	"1_155169447_C_T"
1	155169447	"C"	"T"	"GGGATGATCGATCCCT"	0	0	0	13	0	13	13	0	0	"1_155169447_C_T"
1	155169447	"C"	"T"	"GTGTTAGCATGATCCA"	0	0	0	20	0	20	20	0	0	"1_155169447_C_T"
1	155169447	"C"	"T"	"CCATGTCGTAAAGTCA"	0	0	0	1	0	1	1	0	0	"1_155169447_C_T"
1	155169447	"C"	"T"	"GTGTGCGAGCCCGAAA"	0	0	0	4	0	4	4	0	0	"1_155169447_C_T"
1	155169447	"C"	"T"	"GGGTCTGGTAGGGTAC"	0	0	0	11	0	11	11	8.33333333333333	0	"1_155169447_C_T"
1	155169447	"C"	"T"	"TTGGCAATCCGCTGTT"	0	0	0	7	0	7	7	0	0	"1_155169447_C_T"
1	155169447	"C"	"T"	"TTGACTTTCACCACCT"	0	0	0	19	0	19	19	0	0	"1_155169447_C_T"
1	155169447	"C"	"T"	"GGTGTTATCGCGATCG"	0	0	0	1	0	1	1	0	0	"1_155169447_C_T"
1	155169447	"C"	"T"	"GGTGAAGAGAGTACAT"	0	0	0	6	0	6	6	0	0	"1_155169447_C_T"
1	155169447	"C"	"T"	"GGTATTGGTGATAAAC"	0	2	0	10	2	10	12	7.69230769230769	0.166666666666667	"1_155169447_C_T"
1	155169447	"C"	"T"	"CTACCCACAAACCCAT"	0	0	0	8	0	8	8	0	0	"1_155169447_C_T"
1	155169447	"C"	"T"	"ACATACGAGCTGCCCA"	0	0	0	2	0	2	2	0	0	"1_155169447_C_T"
1	155169447	"C"	"T"	"GGGTTGCTCGTACGGC"	0	0	0	10	0	10	10	0	0	"1_155169447_C_T"
1	155169447	"C"	"T"	"CACATTTTCTTTCCTC"	0	0	0	5	0	5	5	0	0	"1_155169447_C_T"
1	155169447	"C"	"T"	"CTCATTAAGGTCGGAT"	0	0	0	7	0	7	7	0	0	"1_155169447_C_T"
1	155169447	"C"	"T"	"CTAGAGTTCTAACCGA"	0	0	0	15	0	15	15	0	0	"1_155169447_C_T"
1	155169447	"C"	"T"	"ACCCACTGTCCAGTGC"	0	0	0	2	0	2	2	0	0	"1_155169447_C_T"
1	155169447	"C"	"T"	"CACATTTGTAGATTAG"	0	0	0	11	0	11	11	0	0	"1_155169447_C_T"
1	155169447	"C"	"T"	"CTCGTACTCTGCTGCT"	0	0	0	8	0	8	8	0	0	"1_155169447_C_T"
1	155169447	"C"	"T"	"GTTCATTTCCACGTGG"	0	0	0	1	0	1	1	0	0	"1_155169447_C_T"
1	155169447	"C"	"T"	"GGGCATCAGTATTGGA"	0	0	0	3	0	3	3	0	0	"1_155169447_C_T"
1	155169447	"C"	"T"	"ACCCACTAGGAACTGC"	0	0	0	6	0	6	6	0	0	"1_155169447_C_T"
1	155169447	"C"	"T"	"ACACTGACAAGCTGGA"	0	0	0	1	0	1	1	0	0	"1_155169447_C_T"
1	155169447	"C"	"T"	"GGTGAAGGTCATTAGC"	0	0	0	24	0	24	24	0	0	"1_155169447_C_T"
1	155169447	"C"	"T"	"GGTGAAGAGCGATGAC"	0	0	0	16	0	16	16	5.88235294117647	0	"1_155169447_C_T"
1	155169447	"C"	"T"	"CCCAATCAGCACACAG"	0	0	0	3	0	3	3	0	0	"1_155169447_C_T"
1	155169447	"C"	"T"	"CACATTTGTGCAGGTA"	0	0	0	3	0	3	3	0	0	"1_155169447_C_T"
1	155169447	"C"	"T"	"GTTAAGCCATGAGCGA"	0	0	0	29	0	29	29	0	0	"1_155169447_C_T"
1	155169447	"C"	"T"	"CTAGAGTAGTGATCGG"	0	0	0	1	0	1	1	0	0	"1_155169447_C_T"
1	155169447	"C"	"T"	"ACCCACTCACCTCGGA"	0	0	0	6	0	6	6	0	0	"1_155169447_C_T"
1	155169447	"C"	"T"	"ACACTGACAAAGAATC"	0	0	0	4	0	4	4	0	0	"1_155169447_C_T"
1	155169447	"C"	"T"	"GGGATGACACGTCTCT"	0	0	0	7	0	7	7	0	0	"1_155169447_C_T"
1	155169447	"C"	"T"	"ACATGGTAGTCTCGGC"	0	0	0	8	0	8	8	0	0	"1_155169447_C_T"
1	155169447	"C"	"T"	"GGTATTGTCTGCCAGG"	0	0	0	4	0	4	4	0	0	"1_155169447_C_T"
1	155169447	"C"	"T"	"GTAACGTCACCACCAG"	0	0	0	6	0	6	6	0	0	"1_155169447_C_T"
1	155169447	"C"	"T"	"ACAGCTAAGGCTATCT"	0	0	0	8	0	8	8	0	0	"1_155169447_C_T"
1	155169447	"C"	"T"	"ACGAGCCAGCTTTGGT"	0	0	0	13	0	13	13	0	0	"1_155169447_C_T"
1	155169447	"C"	"T"	"CCCATACCAATGCCAT"	0	0	0	6	0	6	6	0	0	"1_155169447_C_T"
1	155169447	"C"	"T"	"GTTCATTCACAAGACG"	0	0	0	8	0	8	8	0	0	"1_155169447_C_T"
1	155169447	"C"	"T"	"ACACCGGCACGTGAGA"	0	0	0	13	0	13	13	0	0	"1_155169447_C_T"
1	155169447	"C"	"T"	"TTGTAGGAGATGTCGG"	0	0	0	1	0	1	1	0	0	"1_155169447_C_T"
1	155169447	"C"	"T"	"GTTCATTTCCCTTGTG"	0	0	0	12	0	12	12	7.69230769230769	0	"1_155169447_C_T"
1	155169447	"C"	"T"	"CCCTCCTAGCTAGTCT"	0	0	0	16	0	16	16	0	0	"1_155169447_C_T"
1	155169447	"C"	"T"	"GGGATGAAGCTCCTCT"	0	0	0	34	0	34	34	2.85714285714286	0	"1_155169447_C_T"
1	155169447	"C"	"T"	"CCCTCCTAGACACGAC"	0	0	0	10	0	10	10	9.09090909090909	0	"1_155169447_C_T"
1	155169447	"C"	"T"	"ACAGCCGTCCACGTTC"	0	0	0	18	0	18	18	0	0	"1_155169447_C_T"
1	155169447	"C"	"T"	"GTGCTTCTCGGCTACG"	0	0	0	6	0	6	6	0	0	"1_155169447_C_T"
1	155169447	"C"	"T"	"GTGCTTCTCTAACTGG"	0	0	0	7	0	7	7	0	0	"1_155169447_C_T"
1	155169447	"C"	"T"	"GGTATTGCATTTCAGG"	0	0	0	1	0	1	1	0	0	"1_155169447_C_T"
1	155169447	"C"	"T"	"GGGAGATTCAAGGTAA"	0	0	0	1	0	1	1	0	0	"1_155169447_C_T"
1	155169447	"C"	"T"	"ACCAGTAAGGCAGTCA"	0	0	0	2	0	2	2	0	0	"1_155169447_C_T"
1	155169447	"C"	"T"	"CCCATACCATGGAATA"	0	0	0	2	0	2	2	0	0	"1_155169447_C_T"
1	155169447	"C"	"T"	"ACATCAGTCAGTTGAC"	0	0	0	2	0	2	2	0	0	"1_155169447_C_T"
1	155169447	"C"	"T"	"CCCATACCATTCTTAC"	0	0	0	18	0	18	18	0	0	"1_155169447_C_T"
1	155169447	"C"	"T"	"CCCATACTCTTAGAGC"	0	0	0	13	0	13	13	0	0	"1_155169447_C_T"
1	155169447	"C"	"T"	"ACACCGGAGAGCTTCT"	0	0	0	7	0	7	7	0	0	"1_155169447_C_T"
1	155169447	"C"	"T"	"GGGAGATAGAGTCGGT"	0	0	0	8	0	8	8	0	0	"1_155169447_C_T"
1	155169447	"C"	"T"	"ACACCCTTCTGGAGCC"	0	0	0	14	0	14	14	0	0	"1_155169447_C_T"
1	155169447	"C"	"T"	"ACATCAGGTGTGAAAT"	0	0	0	4	0	4	4	0	0	"1_155169447_C_T"
1	155169447	"C"	"T"	"CTACGTCCAAGTCTAC"	0	0	0	2	0	2	2	0	0	"1_155169447_C_T"
1	155169447	"C"	"T"	"GTGCTTCTCCAAGCCG"	0	0	0	4	0	4	4	0	0	"1_155169447_C_T"
1	155169447	"C"	"T"	"GGGACCTTCAGGCGAA"	0	0	0	1	0	1	1	0	0	"1_155169447_C_T"
1	155169447	"C"	"T"	"GGTATTGCAAAGTCAA"	0	0	0	3	0	3	3	0	0	"1_155169447_C_T"
1	155169447	"C"	"T"	"GTAACGTAGAAGGTGA"	0	0	0	6	0	6	6	0	0	"1_155169447_C_T"
1	155169447	"C"	"T"	"CCCAATCAGAACAATC"	0	0	0	15	0	15	15	0	0	"1_155169447_C_T"
1	155169447	"C"	"T"	"CCCAGTTGTTCGCGAC"	0	0	0	9	0	9	9	0	0	"1_155169447_C_T"
1	155169447	"C"	"T"	"CTAGAGTAGCAATCTC"	0	0	0	5	0	5	5	0	0	"1_155169447_C_T"
1	155169447	"C"	"T"	"GGGTCTGAGTGGACGT"	0	0	0	8	0	8	8	0	0	"1_155169447_C_T"
1	155169447	"C"	"T"	"ACACCCTTCCGAGCCA"	0	0	0	9	0	9	9	0	0	"1_155169447_C_T"
1	155169447	"C"	"T"	"GGGCATCGTTCCGTCT"	0	0	0	3	0	3	3	0	0	"1_155169447_C_T"
1	155169447	"C"	"T"	"CTACGTCCACTCGACG"	0	0	0	13	0	13	13	0	0	"1_155169447_C_T"
1	155169447	"C"	"T"	"GGGACCTGTATATCCG"	0	0	0	16	0	16	16	0	0	"1_155169447_C_T"
1	155169447	"C"	"T"	"ACACCCTCACGCTTTC"	0	0	0	2	0	2	2	0	0	"1_155169447_C_T"
1	155169447	"C"	"T"	"GGGACCTAGCTGATAA"	0	0	0	16	0	16	16	0	0	"1_155169447_C_T"
1	155169447	"C"	"T"	"GGGACCTCATAAGACA"	0	0	0	6	0	6	6	0	0	"1_155169447_C_T"
13	31891644	"C"	"T"	"TGCTACCAGGATGTAT"	0	1	0	0	1	0	1	0	1	"13_31891644_C_T"
13	31891644	"C"	"T"	"GAATAAGTCCTAGTGA"	0	2	0	0	2	0	2	0	1	"13_31891644_C_T"
13	31891644	"C"	"T"	"GGCTCGAGTCCTCTTG"	0	8	0	0	8	0	8	0	1	"13_31891644_C_T"
13	31891644	"C"	"T"	"CGATGTAAGCACCGTC"	0	11	0	1	11	1	12	0	0.916666666666667	"13_31891644_C_T"
13	31891644	"C"	"T"	"CTCAGAAAGTCTCAAC"	0	7	0	0	7	0	7	0	1	"13_31891644_C_T"
13	31891644	"C"	"T"	"TAGACCAAGCTCCCAG"	0	17	0	0	17	0	17	0	1	"13_31891644_C_T"
13	31891644	"C"	"T"	"ACGGCCAAGTTCGATC"	0	7	0	0	7	0	7	0	1	"13_31891644_C_T"
13	31891644	"C"	"T"	"ACATCAGTCTCACATT"	0	3	0	0	3	0	3	0	1	"13_31891644_C_T"
13	31891644	"C"	"T"	"CTGATAGTCCATGAAC"	0	10	0	0	10	0	10	0	1	"13_31891644_C_T"
13	31891644	"C"	"T"	"AGACGTTAGCAATCTC"	0	6	0	0	6	0	6	0	1	"13_31891644_C_T"
13	31891644	"C"	"T"	"TGATTTCCAAGAGGCT"	0	6	0	0	6	0	6	0	1	"13_31891644_C_T"
13	31891644	"C"	"T"	"GGGACCTAGCTGATAA"	0	9	0	0	9	0	9	0	1	"13_31891644_C_T"
13	31891644	"C"	"T"	"CCACCTATCGCCATAA"	0	1	0	0	1	0	1	0	1	"13_31891644_C_T"
13	31891644	"C"	"T"	"AGATCTGCAAGAAGAG"	0	4	0	0	4	0	4	0	1	"13_31891644_C_T"
13	31891644	"C"	"T"	"AGCATACGTAGGAGTC"	0	1	0	0	1	0	1	0	1	"13_31891644_C_T"
13	31891644	"C"	"T"	"ACCGTAACAGGATTGG"	0	1	0	0	1	0	1	0	1	"13_31891644_C_T"
13	31891644	"C"	"T"	"CACATTTCACGAAAGC"	0	1	0	0	1	0	1	0	1	"13_31891644_C_T"
13	31891644	"C"	"T"	"GCGGGTTCACGAAACG"	0	1	0	0	1	0	1	0	1	"13_31891644_C_T"
13	31891644	"C"	"T"	"CCATGTCAGTCCTCCT"	0	3	0	0	3	0	3	0	1	"13_31891644_C_T"
13	31891644	"C"	"T"	"TCGAGGCTCTCTAAGG"	0	5	0	0	5	0	5	0	1	"13_31891644_C_T"
13	31891644	"C"	"T"	"TACAGTGCAGTATGCT"	0	1	0	0	1	0	1	0	1	"13_31891644_C_T"
13	31953403	"A"	"C"	"AAGCCGCCAGATCGGA"	3	0	0	0	3	0	3	0	1	"13_31953403_A_C"
13	31953403	"A"	"C"	"TACCTTACAGTTCATG"	1	0	0	0	1	0	1	0	1	"13_31953403_A_C"
13	31953403	"A"	"C"	"TACTCATAGTGTTAGA"	3	0	0	0	3	0	3	0	1	"13_31953403_A_C"
13	31953403	"A"	"C"	"AAAGCAAGTAAATACG"	1	0	0	0	1	0	1	0	1	"13_31953403_A_C"
13	31953403	"A"	"C"	"GTAACTGCACGAAGCA"	1	0	0	0	1	0	1	0	1	"13_31953403_A_C"
13	31953403	"A"	"C"	"GTCTTCGTCATAACCG"	2	0	0	0	2	0	2	0	1	"13_31953403_A_C"
13	31953403	"A"	"C"	"GGCAATTGTACCCAAT"	1	0	0	0	1	0	1	0	1	"13_31953403_A_C"
13	31953403	"A"	"C"	"TTTATGCAGGCATGGT"	1	0	0	0	1	0	1	0	1	"13_31953403_A_C"
13	31953403	"A"	"C"	"TTTGGTTTCAAGATCC"	1	0	0	0	1	0	1	0	1	"13_31953403_A_C"
13	31953403	"A"	"C"	"CTCTGGTCAGTGACAG"	1	0	0	0	1	0	1	0	1	"13_31953403_A_C"
13	31953403	"A"	"C"	"GGCTCGAGTCCTCTTG"	3	0	0	0	3	0	3	0	1	"13_31953403_A_C"
13	31953403	"A"	"C"	"TAGACCAAGCTCCCAG"	1	0	0	0	1	0	1	0	1	"13_31953403_A_C"
13	31953403	"A"	"C"	"TCGTAGACACGCATCG"	1	0	0	0	1	0	1	0	1	"13_31953403_A_C"
13	31953403	"A"	"C"	"GTAACTGCATGCGCAC"	4	0	0	0	4	0	4	0	1	"13_31953403_A_C"
13	31953403	"A"	"C"	"AAGTCTGGTCATATCG"	1	0	0	0	1	0	1	0	1	"13_31953403_A_C"
13	31953403	"A"	"C"	"AATCGGTTCTCCTATA"	2	0	0	0	2	0	2	0	1	"13_31953403_A_C"
13	31953403	"A"	"C"	"GCGACCACAATGGACG"	4	0	0	0	4	0	4	0	1	"13_31953403_A_C"
13	31953403	"A"	"C"	"CGTGTCTAGAATTGTG"	1	0	0	0	1	0	1	0	1	"13_31953403_A_C"
13	31953403	"A"	"C"	"GTTCTCGAGTGTACCT"	2	0	0	0	2	0	2	0	1	"13_31953403_A_C"
13	31953403	"A"	"C"	"CCTTTCTAGGACTGGT"	3	0	0	0	3	0	3	0	1	"13_31953403_A_C"
13	31953403	"A"	"C"	"GGTGAAGGTCATTAGC"	7	0	0	0	7	0	7	0	1	"13_31953403_A_C"
13	31953403	"A"	"C"	"ATCTGCCAGGCTATCT"	1	0	0	0	1	0	1	0	1	"13_31953403_A_C"
13	31953403	"A"	"C"	"CGGACTGGTCATATCG"	3	0	0	0	3	0	3	0	1	"13_31953403_A_C"
13	31953403	"A"	"C"	"ACGGCCAAGTTCGATC"	1	0	0	0	1	0	1	0	1	"13_31953403_A_C"
13	31953403	"A"	"C"	"CCTTCGATCGAACGGA"	3	0	0	0	3	0	3	0	1	"13_31953403_A_C"
13	31953403	"A"	"C"	"ATGGGAGTCTTATCTG"	3	0	0	0	3	0	3	0	1	"13_31953403_A_C"
13	31953403	"A"	"C"	"ACGGGTCAGTTGCAGG"	1	0	0	0	1	0	1	0	1	"13_31953403_A_C"
13	31953403	"A"	"C"	"TTTACTGCACGAAAGC"	2	0	0	0	2	0	2	0	1	"13_31953403_A_C"
13	31953403	"A"	"C"	"AGTTGGTAGCAGGTCA"	3	0	0	0	3	0	3	0	1	"13_31953403_A_C"
13	31953403	"A"	"C"	"ACCTTTATCGGTCCGA"	1	0	0	0	1	0	1	0	1	"13_31953403_A_C"
17	7403042	"C"	"A"	"ACGCCGACACGAAGCA"	0	0	0	6	0	6	6	0	0	"17_7403042_C_A"
17	7403042	"C"	"A"	"TGCACCTAGAAACCGC"	0	0	0	2	0	2	2	0	0	"17_7403042_C_A"
17	7403042	"C"	"A"	"ATCCACCCACTAGTAC"	0	0	0	1	0	1	1	0	0	"17_7403042_C_A"
17	7403042	"C"	"A"	"GATCTAGCAAGTAGTA"	0	0	0	1	0	1	1	0	0	"17_7403042_C_A"
17	7403042	"C"	"A"	"GATCGCGTCACATGCA"	0	1	0	16	1	16	17	0	0.0588235294117647	"17_7403042_C_A"
17	7403042	"C"	"A"	"TGATTTCTCAAACCAC"	0	0	0	16	0	16	16	0	0	"17_7403042_C_A"
17	7403042	"C"	"A"	"ATCACGAGTCGCATCG"	0	0	0	4	0	4	5	0	0	"17_7403042_C_A"
17	7403042	"C"	"A"	"GATCGCGGTTCCAACA"	0	0	0	2	0	2	2	0	0	"17_7403042_C_A"
17	7403042	"C"	"A"	"GATGAAACAGCTTCGG"	0	0	0	0	0	0	1	0	NA	"17_7403042_C_A"
17	7403042	"C"	"A"	"ACTGCTCTCGGCGCTA"	0	0	0	6	0	6	6	0	0	"17_7403042_C_A"
17	7403042	"C"	"A"	"ACGGCCACATCACAAC"	0	0	0	34	0	34	34	0	0	"17_7403042_C_A"
17	7403042	"C"	"A"	"TGGCTGGTCACTATTC"	0	0	0	1	0	1	1	0	0	"17_7403042_C_A"
17	7403042	"C"	"A"	"TGCACCTGTAATTGGA"	0	0	0	2	0	2	2	0	0	"17_7403042_C_A"
17	7403042	"C"	"A"	"GATCTAGTCGCAAACT"	0	0	0	18	0	18	18	0	0	"17_7403042_C_A"
17	7403042	"C"	"A"	"GCACTCTCAACTTGAC"	0	0	0	2	0	2	2	0	0	"17_7403042_C_A"
17	7403042	"C"	"A"	"GCACTCTCATCCTTGC"	0	0	0	9	0	9	9	0	0	"17_7403042_C_A"
17	7403042	"C"	"A"	"TGATTTCCAAGAGGCT"	0	0	0	10	0	10	10	0	0	"17_7403042_C_A"
17	7403042	"C"	"A"	"GATCGTACAGACAAAT"	0	0	0	12	0	12	12	0	0	"17_7403042_C_A"
17	7403042	"C"	"A"	"TCAACGATCAGTACGT"	0	0	0	6	0	6	6	0	0	"17_7403042_C_A"
17	7403042	"C"	"A"	"TGAGGGACAGGAACGT"	0	0	0	1	0	1	1	0	0	"17_7403042_C_A"
17	7403042	"C"	"A"	"GCACTCTAGCTGAACG"	0	0	0	3	0	3	3	0	0	"17_7403042_C_A"
17	7403042	"C"	"A"	"ATCATGGTCATCGATG"	0	0	0	2	0	2	2	0	0	"17_7403042_C_A"
17	7403042	"C"	"A"	"ATCATGGTCGCCGTGA"	0	0	0	1	0	1	1	0	0	"17_7403042_C_A"
17	7403042	"C"	"A"	"ACGGCCACACAGCGTC"	0	0	0	1	0	1	1	0	0	"17_7403042_C_A"
17	7403042	"C"	"A"	"TCAGCTCCATAGAAAC"	0	0	0	9	0	9	9	0	0	"17_7403042_C_A"
17	7403042	"C"	"A"	"GATCGCGGTGAGGGTT"	0	0	0	14	0	14	14	6.66666666666667	0	"17_7403042_C_A"
17	7403042	"C"	"A"	"TGCACCTGTACAGTTC"	0	0	0	4	0	4	4	0	0	"17_7403042_C_A"
17	7403042	"C"	"A"	"TGCCAAATCTTTAGGG"	0	0	0	1	0	1	1	0	0	"17_7403042_C_A"
17	7403042	"C"	"A"	"GATCGATTCATGTGGT"	0	0	0	17	0	17	17	5.55555555555556	0	"17_7403042_C_A"
17	7403042	"C"	"A"	"TCAGCTCTCATCGCTC"	0	0	0	6	0	6	6	0	0	"17_7403042_C_A"
17	7403042	"C"	"A"	"GCACATATCTCAACTT"	0	0	0	13	0	13	13	0	0	"17_7403042_C_A"
17	7403042	"C"	"A"	"TCAGCTCTCCGCGTTT"	0	0	0	2	0	2	2	0	0	"17_7403042_C_A"
17	7403042	"C"	"A"	"TGCTGCTCACCGCTAG"	0	0	0	3	0	3	3	0	0	"17_7403042_C_A"
17	7403042	"C"	"A"	"TCAGGATTCCGTAGGC"	0	0	0	11	0	11	11	0	0	"17_7403042_C_A"
17	7403042	"C"	"A"	"GATGAGGCACTTAAGC"	0	0	0	8	0	8	8	0	0	"17_7403042_C_A"
17	7403042	"C"	"A"	"TGGCCAGCATCCGGGT"	0	0	0	13	0	13	13	0	0	"17_7403042_C_A"
17	7403042	"C"	"A"	"ATCCACCCATGTCTCC"	0	0	0	4	0	4	4	0	0	"17_7403042_C_A"
17	7403042	"C"	"A"	"TCAGCTCCACGTCTCT"	0	0	0	2	0	2	2	0	0	"17_7403042_C_A"
17	7403042	"C"	"A"	"TCAGCTCCAATCTGCA"	0	0	0	15	0	15	15	0	0	"17_7403042_C_A"
17	7403042	"C"	"A"	"ACTATCTCACACATGT"	0	0	0	2	0	2	2	0	0	"17_7403042_C_A"
17	7403042	"C"	"A"	"TGGCTGGTCAAGGCTT"	0	0	0	1	0	1	1	0	0	"17_7403042_C_A"
17	7403042	"C"	"A"	"ATCATGGCATATACGC"	0	0	0	36	0	36	36	5.26315789473684	0	"17_7403042_C_A"
17	7403042	"C"	"A"	"TGAGGGACAAGCTGAG"	0	0	0	3	0	3	3	0	0	"17_7403042_C_A"
17	7403042	"C"	"A"	"TGGCTGGCATATACGC"	0	0	0	3	0	3	3	0	0	"17_7403042_C_A"
17	7403042	"C"	"A"	"ATAGACCAGATGAGAG"	0	0	0	9	0	9	9	0	0	"17_7403042_C_A"
17	7403042	"C"	"A"	"GGGAGATTCATGTCCC"	0	0	0	5	0	5	5	0	0	"17_7403042_C_A"
17	7403042	"C"	"A"	"GCACATACATCCGGGT"	0	0	0	5	0	5	5	0	0	"17_7403042_C_A"
17	7403042	"C"	"A"	"TCAGCTCCAATAACGA"	0	0	0	1	0	1	1	0	0	"17_7403042_C_A"
17	7403042	"C"	"A"	"ACGCCGATCAGCAACT"	0	0	0	3	0	3	3	0	0	"17_7403042_C_A"
17	7403042	"C"	"A"	"GATGAAATCTTATCTG"	0	0	0	1	0	1	1	0	0	"17_7403042_C_A"
17	7403042	"C"	"A"	"TATTACCCAAACTGCT"	0	0	0	10	0	10	10	9.09090909090909	0	"17_7403042_C_A"
17	7403042	"C"	"A"	"TATCTCAGTCTAACGT"	0	0	0	7	0	7	7	0	0	"17_7403042_C_A"
17	7403042	"C"	"A"	"TCAACGAAGTGTCTCA"	0	0	0	2	0	2	2	0	0	"17_7403042_C_A"
17	7403042	"C"	"A"	"CCACGGAAGGCCCTCA"	0	0	0	2	0	2	2	0	0	"17_7403042_C_A"
17	7403042	"C"	"A"	"TGCCCATGTAGCTGCC"	0	0	0	5	0	5	5	0	0	"17_7403042_C_A"
17	7403042	"C"	"A"	"GATGAGGGTTGCGTTA"	0	0	0	8	0	8	8	0	0	"17_7403042_C_A"
17	7403042	"C"	"A"	"ATCATCTCATCGACGC"	0	0	0	4	0	4	4	0	0	"17_7403042_C_A"
17	7403042	"C"	"A"	"TCAGCAACAGGAATGC"	0	0	0	5	0	5	5	0	0	"17_7403042_C_A"
17	7403042	"C"	"A"	"ACTATCTAGACAGGCT"	0	0	0	5	0	5	5	0	0	"17_7403042_C_A"
17	7403042	"C"	"A"	"GATGAGGCAAAGAATC"	0	0	0	1	0	1	1	0	0	"17_7403042_C_A"
17	7403042	"C"	"A"	"ACTGAACAGGCTCAGA"	0	0	0	1	0	1	1	0	0	"17_7403042_C_A"
17	7403042	"C"	"A"	"CCCAGTTGTCATCCCT"	0	0	0	22	0	22	22	4.34782608695652	0	"17_7403042_C_A"
17	7403042	"C"	"A"	"CCCAGTTGTCATGCAT"	0	2	0	15	2	15	17	0	0.117647058823529	"17_7403042_C_A"
17	7403042	"C"	"A"	"TGCTGCTTCCTGCAGG"	0	4	0	1	4	1	5	0	0.8	"17_7403042_C_A"
17	7403042	"C"	"A"	"ACTGAACTCTGATACG"	0	0	0	19	0	19	19	0	0	"17_7403042_C_A"
17	7403042	"C"	"A"	"TGGGAAGAGGGAAACA"	0	0	0	6	0	6	6	0	0	"17_7403042_C_A"
17	7403042	"C"	"A"	"ACTATCTAGATCCCAT"	0	3	0	3	3	3	6	0	0.5	"17_7403042_C_A"
17	7403042	"C"	"A"	"GCATGATCATACAGCT"	0	4	0	25	4	25	29	3.33333333333333	0.137931034482759	"17_7403042_C_A"
17	7403042	"C"	"A"	"GAGTCCGTCGGAATCT"	0	0	0	4	0	4	4	0	0	"17_7403042_C_A"
17	7403042	"C"	"A"	"TGAGCCGCAAGAAAGG"	0	0	0	2	0	2	2	0	0	"17_7403042_C_A"
17	7403042	"C"	"A"	"TGAGGGAAGAAACCGC"	0	0	0	51	0	51	51	3.77358490566038	0	"17_7403042_C_A"
17	7403042	"C"	"A"	"AGGGTGACATCGGAAG"	0	0	0	1	0	1	1	0	0	"17_7403042_C_A"
17	7403042	"C"	"A"	"AGGGTGATCAGCGACC"	0	0	0	9	0	9	9	10	0	"17_7403042_C_A"
17	7403042	"C"	"A"	"AGGGTGATCATGCTCC"	0	0	0	1	0	1	1	0	0	"17_7403042_C_A"
17	7403042	"C"	"A"	"CACCAGGGTAGCGTGA"	0	0	0	4	0	4	4	0	0	"17_7403042_C_A"
17	7403042	"C"	"A"	"TCAGCAATCACGAAGG"	0	0	0	2	0	2	2	0	0	"17_7403042_C_A"
17	7403042	"C"	"A"	"GCAATCACATCACCCT"	0	0	0	2	0	2	2	0	0	"17_7403042_C_A"
17	7403042	"C"	"A"	"ACGGAGAGTGGTGTAG"	0	0	0	21	0	21	21	0	0	"17_7403042_C_A"
17	7403042	"C"	"A"	"TATCTCACAGGGATTG"	0	0	0	5	0	5	5	0	0	"17_7403042_C_A"
17	7403042	"C"	"A"	"ATCGAGTCAAGAAGAG"	0	0	0	1	0	1	1	0	0	"17_7403042_C_A"
17	7403042	"C"	"A"	"TGGGCGTAGTACGTTC"	0	0	0	5	0	5	5	0	0	"17_7403042_C_A"
17	7403042	"C"	"A"	"ACGGCCAGTAATCACC"	0	0	0	14	0	14	14	0	0	"17_7403042_C_A"
17	7403042	"C"	"A"	"ATCATCTGTGAGTATA"	0	0	0	10	0	10	10	0	0	"17_7403042_C_A"
17	7403042	"C"	"A"	"AGGTCATAGGGCACTA"	0	0	0	2	0	2	2	0	0	"17_7403042_C_A"
17	7403042	"C"	"A"	"AGGTCATAGTGCCATT"	0	0	0	8	0	8	8	0	0	"17_7403042_C_A"
17	7403042	"C"	"A"	"GCAAACTCATGCTGGC"	0	0	0	12	0	12	12	0	0	"17_7403042_C_A"
17	7403042	"C"	"A"	"ACGTCAAAGACTTGAA"	0	0	0	8	0	8	8	0	0	"17_7403042_C_A"
17	7403042	"C"	"A"	"TGCGTGGTCTACTATC"	0	0	0	1	0	1	1	0	0	"17_7403042_C_A"
17	7403042	"C"	"A"	"TGCTACCCAGCTGGCT"	0	2	0	25	2	25	27	3.57142857142857	0.0740740740740741	"17_7403042_C_A"
17	7403042	"C"	"A"	"CCCAGTTGTTCGCGAC"	0	0	0	2	0	2	2	0	0	"17_7403042_C_A"
17	7403042	"C"	"A"	"TGGACGCCACCGCTAG"	0	0	0	3	0	3	3	0	0	"17_7403042_C_A"
17	7403042	"C"	"A"	"ACTGAGTAGATGCGAC"	0	0	0	6	0	6	6	0	0	"17_7403042_C_A"
17	7403042	"C"	"A"	"TGGCGCAAGCGCTCCA"	0	0	0	3	0	3	3	0	0	"17_7403042_C_A"
17	7403042	"C"	"A"	"GCACATAAGTGTTTGC"	0	0	0	14	0	14	14	6.66666666666667	0	"17_7403042_C_A"
17	7403042	"C"	"A"	"GCAATCACATCAGTCA"	0	0	0	9	0	9	9	0	0	"17_7403042_C_A"
17	7403042	"C"	"A"	"AGGTCATCACGAAATA"	0	0	0	1	0	1	1	0	0	"17_7403042_C_A"
17	7403042	"C"	"A"	"GATTCAGGTACACCGC"	0	0	0	2	0	2	2	0	0	"17_7403042_C_A"
17	7403042	"C"	"A"	"ATCATGGAGCCGTCGT"	0	0	0	5	0	5	5	0	0	"17_7403042_C_A"
17	7403042	"C"	"A"	"GCATACAGTCTAACGT"	0	0	0	2	0	2	2	0	0	"17_7403042_C_A"
17	7403042	"C"	"A"	"ATAAGAGGTTGTCTTT"	0	0	0	11	0	11	11	0	0	"17_7403042_C_A"
17	7403042	"C"	"A"	"ACTGCTCTCACTTCAT"	0	0	0	22	0	22	22	0	0	"17_7403042_C_A"
17	7403042	"C"	"A"	"TCAGGTAGTCAGAATA"	0	0	0	5	0	5	5	0	0	"17_7403042_C_A"
17	7403042	"C"	"A"	"ACTGCTCTCTTCAACT"	0	0	0	46	0	46	46	0	0	"17_7403042_C_A"
17	7403042	"C"	"A"	"AGGGTGATCTCAACTT"	0	1	0	3	1	3	4	0	0.25	"17_7403042_C_A"
17	7403042	"C"	"A"	"GATTCAGAGCTGCGAA"	0	0	0	26	0	26	26	3.7037037037037	0	"17_7403042_C_A"
17	7403042	"C"	"A"	"ATCATGGAGCAGACTG"	0	0	0	3	0	3	3	0	0	"17_7403042_C_A"
17	7403042	"C"	"A"	"TGCACCTTCGAATGGG"	0	0	0	17	0	17	17	0	0	"17_7403042_C_A"
17	7403042	"C"	"A"	"TGCACCTTCTCGGACG"	0	0	0	1	0	1	1	0	0	"17_7403042_C_A"
17	7403042	"C"	"A"	"TGCCAAAGTAAGGGAA"	0	1	0	44	1	44	45	0	0.0222222222222222	"17_7403042_C_A"
17	7403042	"C"	"A"	"CCACGGAAGAACTCGG"	0	0	0	4	0	4	4	0	0	"17_7403042_C_A"
17	7403042	"C"	"A"	"AGGTCATGTCACACGC"	0	0	0	2	0	2	2	0	0	"17_7403042_C_A"
17	7403042	"C"	"A"	"TGGGCGTGTGCACTTA"	0	0	0	8	0	8	8	0	0	"17_7403042_C_A"
17	7403042	"C"	"A"	"TATGCCCAGATCGATA"	0	0	0	4	0	4	4	0	0	"17_7403042_C_A"
17	7403042	"C"	"A"	"GATGCTACACTTCTGC"	0	0	0	2	0	2	2	0	0	"17_7403042_C_A"
17	7403042	"C"	"A"	"GCAATCATCCAGTATG"	0	0	0	12	0	12	12	0	0	"17_7403042_C_A"
17	7403042	"C"	"A"	"ACTGTCCCAGCTGTAT"	0	0	0	7	0	7	7	0	0	"17_7403042_C_A"
17	7403042	"C"	"A"	"CACCTTGAGGCTCTTA"	0	0	0	3	0	3	3	0	0	"17_7403042_C_A"
17	7403042	"C"	"A"	"TGCGGGTGTAAGTGTA"	0	0	0	4	0	4	4	0	0	"17_7403042_C_A"
17	7403042	"C"	"A"	"ACTATCTAGAATTCCC"	0	0	0	10	0	10	10	0	0	"17_7403042_C_A"
17	7403042	"C"	"A"	"CCCAATCAGCACACAG"	0	0	0	4	0	4	4	0	0	"17_7403042_C_A"
17	7403042	"C"	"A"	"CCCAGTTAGAAACCGC"	0	1	0	11	1	11	12	0	0.0833333333333333	"17_7403042_C_A"
17	7403042	"C"	"A"	"AGTGAGGAGTTGAGTA"	0	0	0	2	0	2	2	0	0	"17_7403042_C_A"
17	7403042	"C"	"A"	"TGCTGCTAGCGCCTTG"	0	0	0	8	0	8	8	0	0	"17_7403042_C_A"
17	7403042	"C"	"A"	"TGGACGCCACGGCTAC"	0	0	0	6	0	6	6	0	0	"17_7403042_C_A"
17	7403042	"C"	"A"	"GCAGTTATCCTCCTAG"	0	0	0	6	0	6	6	0	0	"17_7403042_C_A"
17	7403042	"C"	"A"	"GCATACACATACAGCT"	0	0	0	9	0	9	9	10	0	"17_7403042_C_A"
17	7403042	"C"	"A"	"TCACAAGGTTAGATGA"	0	0	0	6	0	6	6	0	0	"17_7403042_C_A"
17	7403042	"C"	"A"	"TGCGCAGTCTTAGCCC"	0	0	0	16	0	16	16	0	0	"17_7403042_C_A"
17	7403042	"C"	"A"	"TGGCGCAAGGCAGTCA"	0	0	0	2	0	2	2	0	0	"17_7403042_C_A"
17	7403042	"C"	"A"	"TGGCGCAAGGCATTGG"	0	0	0	9	0	9	9	0	0	"17_7403042_C_A"
17	7403042	"C"	"A"	"ATAAGAGAGTGGACGT"	0	0	0	2	0	2	2	0	0	"17_7403042_C_A"
17	7403042	"C"	"A"	"ACTGAGTGTTCACCTC"	0	0	0	1	0	1	1	0	0	"17_7403042_C_A"
17	7403042	"C"	"A"	"TCAGGTACAACAACCT"	0	0	0	2	0	2	2	0	0	"17_7403042_C_A"
17	7403042	"C"	"A"	"GAGTCCGGTTCAGACT"	0	0	0	1	0	1	1	0	0	"17_7403042_C_A"
17	7403042	"C"	"A"	"TAGGCATAGGGTCGAT"	0	0	0	1	0	1	1	0	0	"17_7403042_C_A"
17	7403042	"C"	"A"	"TAGGCATCAATGGAGC"	0	0	0	36	0	36	36	2.7027027027027	0	"17_7403042_C_A"
17	7403042	"C"	"A"	"GATCGATAGGGATCTG"	0	0	0	8	0	8	8	0	0	"17_7403042_C_A"
17	7403042	"C"	"A"	"GATCGATGTGCCTGCA"	0	0	0	2	0	2	2	0	0	"17_7403042_C_A"
17	7403042	"C"	"A"	"ACTGCTCTCTTCGGTC"	0	0	0	6	0	6	6	0	0	"17_7403042_C_A"
17	7403042	"C"	"A"	"TAGTTGGAGGCGATAC"	0	0	0	2	0	2	2	0	0	"17_7403042_C_A"
17	7403042	"C"	"A"	"ACGCCAGAGACGACGT"	0	0	0	4	0	4	4	0	0	"17_7403042_C_A"
17	7403042	"C"	"A"	"ATCCGAATCACAGGCC"	0	0	0	8	0	8	8	0	0	"17_7403042_C_A"
17	7403042	"C"	"A"	"ACGCCGACAAGCCGCT"	0	0	0	19	0	19	19	5	0	"17_7403042_C_A"
17	7403042	"C"	"A"	"ACGCCGACAATAGCAA"	0	0	0	2	0	2	2	0	0	"17_7403042_C_A"
17	7403042	"C"	"A"	"ATCCGAATCCGCAGTG"	0	0	0	14	0	14	14	6.66666666666667	0	"17_7403042_C_A"
17	7403042	"C"	"A"	"AGGTCCGAGATGAGAG"	0	0	0	1	0	1	1	0	0	"17_7403042_C_A"
17	7403042	"C"	"A"	"AGGTCCGAGTACGATA"	0	0	0	2	0	2	2	0	0	"17_7403042_C_A"
17	7403042	"C"	"A"	"TCAATCTTCGATGAGG"	0	0	0	7	0	7	7	0	0	"17_7403042_C_A"
17	7403042	"C"	"A"	"TCACAAGCACGAAATA"	0	0	0	2	0	2	2	0	0	"17_7403042_C_A"
17	7403042	"C"	"A"	"ACGGGCTCACCACCAG"	0	4	0	0	4	0	4	0	1	"17_7403042_C_A"
17	7403042	"C"	"A"	"TGCGGGTTCAGCTTAG"	0	0	0	12	0	12	12	0	0	"17_7403042_C_A"
17	7403042	"C"	"A"	"TGCGGGTTCGAGCCCA"	0	0	0	14	0	14	14	0	0	"17_7403042_C_A"
17	7403042	"C"	"A"	"TGCGGGTTCTTACCTA"	0	0	0	2	0	2	2	0	0	"17_7403042_C_A"
17	7403042	"C"	"A"	"GGCGTGTTCGGCATCG"	0	0	0	1	0	1	1	0	0	"17_7403042_C_A"
17	7403042	"C"	"A"	"CCCAGTTGTTTGACAC"	0	2	0	15	2	15	17	5.55555555555556	0.117647058823529	"17_7403042_C_A"
17	7403042	"C"	"A"	"TGGACGCGTCCTCCAT"	0	5	0	1	5	1	6	0	0.833333333333333	"17_7403042_C_A"
17	7403042	"C"	"A"	"AGTTGGTCATAGTAAG"	0	0	0	5	0	5	5	0	0	"17_7403042_C_A"
17	7403042	"C"	"A"	"AGTTGGTTCAGGCAAG"	0	0	0	13	0	13	13	0	0	"17_7403042_C_A"
17	7403042	"C"	"A"	"ATCATCTGTGTGACGA"	0	0	0	22	0	22	22	8.33333333333333	0	"17_7403042_C_A"
17	7403042	"C"	"A"	"ACTGATGGTTCAGTAC"	0	0	0	7	0	7	7	0	0	"17_7403042_C_A"
17	7403042	"C"	"A"	"ACTGATGGTTCCCGAG"	0	0	0	2	0	2	2	0	0	"17_7403042_C_A"
17	7403042	"C"	"A"	"GAGTCCGAGCAGGCTA"	0	0	0	1	0	1	1	0	0	"17_7403042_C_A"
17	7403042	"C"	"A"	"CGGGTCATCGCCGTGA"	0	0	0	31	0	31	31	3.125	0	"17_7403042_C_A"
17	7403042	"C"	"A"	"CGGGTCATCTCGGACG"	0	0	0	1	0	1	1	0	0	"17_7403042_C_A"
17	7403042	"C"	"A"	"GGGACCTAGCTGATAA"	0	0	0	11	0	11	11	8.33333333333333	0	"17_7403042_C_A"
17	7403042	"C"	"A"	"CGGTTAAAGAGTCTGG"	0	0	0	4	0	4	4	0	0	"17_7403042_C_A"
17	7403042	"C"	"A"	"GGGACCTAGGTGCAAC"	0	0	0	5	0	5	5	0	0	"17_7403042_C_A"
17	7403042	"C"	"A"	"GATCGATGTTATCCGA"	0	0	0	2	0	2	2	0	0	"17_7403042_C_A"
17	7403042	"C"	"A"	"GGGAGATTCAAGGTAA"	0	0	0	1	0	1	1	0	0	"17_7403042_C_A"
17	7403042	"C"	"A"	"ACGCCAGCATTCGACA"	0	0	0	5	0	5	5	0	0	"17_7403042_C_A"
17	7403042	"C"	"A"	"ACGCCAGGTGCGATAG"	0	1	0	2	1	2	3	0	0.333333333333333	"17_7403042_C_A"
17	7403042	"C"	"A"	"GGGATGAAGCTCCTCT"	0	1	0	23	1	23	24	7.69230769230769	0.0416666666666667	"17_7403042_C_A"
17	7403042	"C"	"A"	"TGGGAAGCAAGAAGAG"	0	0	0	20	0	20	20	4.76190476190476	0	"17_7403042_C_A"
17	7403042	"C"	"A"	"CCACCTATCATGGTCA"	0	0	0	1	0	1	1	0	0	"17_7403042_C_A"
17	7403042	"C"	"A"	"CACCTTGTCATGCAAC"	0	0	0	4	0	4	4	0	0	"17_7403042_C_A"
17	7403042	"C"	"A"	"ATCGAGTCACACAGAG"	0	0	0	3	0	3	3	0	0	"17_7403042_C_A"
17	7403042	"C"	"A"	"TATGCCCCAGGAACGT"	0	0	0	5	0	5	5	0	0	"17_7403042_C_A"
17	7403042	"C"	"A"	"TATTACCAGTCTCAAC"	0	0	0	3	0	3	3	0	0	"17_7403042_C_A"
17	7403042	"C"	"A"	"TGCGCAGCAAGGACAC"	0	0	0	11	0	11	11	8.33333333333333	0	"17_7403042_C_A"
17	7403042	"C"	"A"	"GACGGCTAGCGCTTAT"	0	1	0	53	1	53	54	1.81818181818182	0.0185185185185185	"17_7403042_C_A"
17	7403042	"C"	"A"	"ACGGGCTCATGGAATA"	0	0	0	3	0	3	3	0	0	"17_7403042_C_A"
17	7403042	"C"	"A"	"TGCGGGTGTGGCAAAC"	0	0	0	4	0	4	4	0	0	"17_7403042_C_A"
17	7403042	"C"	"A"	"TCAGCAAAGAATAGGG"	0	0	0	7	0	7	7	0	0	"17_7403042_C_A"
17	7403042	"C"	"A"	"TCAGCAACAAAGTCAA"	0	2	0	3	2	3	5	0	0.4	"17_7403042_C_A"
17	7403042	"C"	"A"	"CCATTCGGTCTTCGTC"	0	0	0	10	0	10	10	0	0	"17_7403042_C_A"
17	7403042	"C"	"A"	"AGTGAGGAGAATAGGG"	0	0	0	2	0	2	2	0	0	"17_7403042_C_A"
17	7403042	"C"	"A"	"AGTGAGGGTATCAGTC"	0	0	0	2	0	2	2	0	0	"17_7403042_C_A"
17	7403042	"C"	"A"	"CCCATACCACATGTGT"	0	0	0	2	0	2	2	0	0	"17_7403042_C_A"
17	7403042	"C"	"A"	"TGGACGCTCTTGCCGT"	0	0	0	3	0	3	3	0	0	"17_7403042_C_A"
17	7403042	"C"	"A"	"ACTGAGTCAACTGCGC"	0	0	0	9	0	9	9	0	0	"17_7403042_C_A"
17	7403042	"C"	"A"	"ACTGATGAGATCTGAA"	0	0	0	5	0	5	5	0	0	"17_7403042_C_A"
17	7403042	"C"	"A"	"AGTTGGTTCGGTCTAA"	0	0	0	3	0	3	3	0	0	"17_7403042_C_A"
17	7403042	"C"	"A"	"CGGGTCAGTCCGACGT"	0	0	0	5	0	5	5	0	0	"17_7403042_C_A"
17	7403042	"C"	"A"	"TAGGCATAGACACTAA"	0	0	0	5	0	5	5	0	0	"17_7403042_C_A"
17	7403042	"C"	"A"	"TGAGCATTCCGTTGCT"	0	0	0	4	0	4	4	0	0	"17_7403042_C_A"
17	7403042	"C"	"A"	"GGACAAGCATGGGACA"	0	0	0	6	0	6	6	0	0	"17_7403042_C_A"
17	7403042	"C"	"A"	"GGACAAGGTGCCTGGT"	0	0	0	3	0	3	3	0	0	"17_7403042_C_A"
17	7403042	"C"	"A"	"GGACAAGTCTTGCAAG"	0	0	0	5	0	5	5	0	0	"17_7403042_C_A"
17	7403042	"C"	"A"	"CGTAGCGGTGATGCCC"	0	0	0	17	0	17	17	0	0	"17_7403042_C_A"
17	7403042	"C"	"A"	"GGACAGACATCACAAC"	0	0	0	10	0	10	10	9.09090909090909	0	"17_7403042_C_A"
17	7403042	"C"	"A"	"GGACAGACATCCAACA"	0	0	0	2	0	2	2	0	0	"17_7403042_C_A"
17	7403042	"C"	"A"	"GGACAGATCATATCGG"	0	0	0	1	0	1	1	0	0	"17_7403042_C_A"
17	7403042	"C"	"A"	"CGTAGGCGTTCGTTGA"	0	0	0	8	0	8	8	0	0	"17_7403042_C_A"
17	7403042	"C"	"A"	"GGGAGATTCTACTTAC"	0	0	0	11	0	11	11	8.33333333333333	0	"17_7403042_C_A"
17	7403042	"C"	"A"	"GGAGCAAAGGGATGGG"	0	0	0	14	0	14	14	0	0	"17_7403042_C_A"
17	7403042	"C"	"A"	"AGGTCATCAGGGTACA"	0	0	0	2	0	2	2	0	0	"17_7403042_C_A"
17	7403042	"C"	"A"	"CACCTTGCATCCCATC"	0	0	0	3	0	3	3	0	0	"17_7403042_C_A"
17	7403042	"C"	"A"	"TCATTTGGTTCACGGC"	0	0	0	1	0	1	1	0	0	"17_7403042_C_A"
17	7403042	"C"	"A"	"CCACCTATCGCCATAA"	0	0	0	18	0	18	18	0	0	"17_7403042_C_A"
17	7403042	"C"	"A"	"GGATGTTCAGCTATTG"	0	0	0	1	0	1	1	0	0	"17_7403042_C_A"
17	7403042	"C"	"A"	"AGGTCCGCACAGAGGT"	0	0	0	3	0	3	3	0	0	"17_7403042_C_A"
17	7403042	"C"	"A"	"ACGGGCTAGGTGTGGT"	0	0	0	1	0	1	1	0	0	"17_7403042_C_A"
17	7403042	"C"	"A"	"ACGGGCTAGGTTACCT"	0	3	0	2	3	2	5	0	0.6	"17_7403042_C_A"
17	7403042	"C"	"A"	"AGTAGTCAGGAGCGTT"	0	0	0	14	0	14	14	6.66666666666667	0	"17_7403042_C_A"
17	7403042	"C"	"A"	"TCACAAGTCGGCTTGG"	0	0	0	1	0	1	1	0	0	"17_7403042_C_A"
17	7403042	"C"	"A"	"GACGTTAAGCTAAACA"	0	0	0	2	0	2	2	0	0	"17_7403042_C_A"
17	7403042	"C"	"A"	"GACTAACAGCCGCCTA"	0	0	0	6	0	6	6	0	0	"17_7403042_C_A"
17	7403042	"C"	"A"	"AGTAGTCTCCAGTAGT"	0	0	0	21	0	21	21	0	0	"17_7403042_C_A"
17	7403042	"C"	"A"	"AGTCTTTTCCTCGCAT"	0	0	0	1	0	1	1	0	0	"17_7403042_C_A"
17	7403042	"C"	"A"	"GGCGTGTTCCTGCTTG"	0	0	0	12	0	12	12	7.69230769230769	0	"17_7403042_C_A"
17	7403042	"C"	"A"	"AGTGTCAAGGGTATCG"	0	0	0	3	0	3	3	0	0	"17_7403042_C_A"
17	7403042	"C"	"A"	"CCCATACTCATGTAGC"	0	0	0	1	0	1	1	0	0	"17_7403042_C_A"
17	7403042	"C"	"A"	"ACTGAGTGTGAGGGAG"	0	0	0	1	0	1	1	0	0	"17_7403042_C_A"
17	7403042	"C"	"A"	"AGTTGGTCAGGTCTCG"	0	0	0	1	0	1	1	0	0	"17_7403042_C_A"
17	7403042	"C"	"A"	"GAGGTGAAGCGGCTTC"	0	1	0	57	1	57	58	1.69491525423729	0.0172413793103448	"17_7403042_C_A"
17	7403042	"C"	"A"	"TCAGGATTCCTACAGA"	0	0	0	14	0	14	14	6.66666666666667	0	"17_7403042_C_A"
17	7403042	"C"	"A"	"TCAGGTAAGTATGACA"	0	0	0	8	0	8	8	0	0	"17_7403042_C_A"
17	7403042	"C"	"A"	"TCAGGTACAATTGCTG"	0	0	0	2	0	2	2	0	0	"17_7403042_C_A"
17	7403042	"C"	"A"	"AAGCCGCCAAGTCATC"	0	0	0	3	0	3	3	0	0	"17_7403042_C_A"
17	7403042	"C"	"A"	"CACCACTGTTCCTCCA"	0	0	0	7	0	7	7	0	0	"17_7403042_C_A"
17	7403042	"C"	"A"	"CACCAGGAGATCCGAG"	0	0	0	3	0	3	3	0	0	"17_7403042_C_A"
17	7403042	"C"	"A"	"GGACAGATCCAGTAGT"	0	0	0	14	0	14	14	6.66666666666667	0	"17_7403042_C_A"
17	7403042	"C"	"A"	"GGACAGATCGCGATCG"	0	0	0	2	0	2	2	0	0	"17_7403042_C_A"
17	7403042	"C"	"A"	"CACCTTGCAAGCCATT"	0	0	0	4	0	4	4	0	0	"17_7403042_C_A"
17	7403042	"C"	"A"	"CCACCTAGTTGCTCCT"	0	0	0	15	0	15	15	6.25	0	"17_7403042_C_A"
17	7403042	"C"	"A"	"GCTGCTTTCTCGTTTA"	0	0	0	32	0	32	32	3.03030303030303	0	"17_7403042_C_A"
17	7403042	"C"	"A"	"TCATTTGTCCCTAACC"	0	0	0	5	0	5	5	0	0	"17_7403042_C_A"
17	7403042	"C"	"A"	"TCCACACAGGTCATCT"	0	0	0	12	0	12	12	0	0	"17_7403042_C_A"
17	7403042	"C"	"A"	"TCCACACAGTTAAGTG"	0	0	0	3	0	3	3	0	0	"17_7403042_C_A"
17	7403042	"C"	"A"	"GACGGCTGTCCTGCTT"	0	0	0	3	0	3	3	0	0	"17_7403042_C_A"
17	7403042	"C"	"A"	"GCTGGGTTCTTGAGGT"	0	0	0	6	0	6	6	0	0	"17_7403042_C_A"
17	7403042	"C"	"A"	"AGTAGTCCAGACGTAG"	0	0	0	8	0	8	8	0	0	"17_7403042_C_A"
17	7403042	"C"	"A"	"AGTAGTCCATCGGTTA"	0	0	0	7	0	7	7	0	0	"17_7403042_C_A"
17	7403042	"C"	"A"	"GCTTCCACATTGCGGC"	0	0	0	29	0	29	29	0	0	"17_7403042_C_A"
17	7403042	"C"	"A"	"GACTAACAGGGTTTCT"	0	0	0	15	0	15	15	0	0	"17_7403042_C_A"
17	7403042	"C"	"A"	"GACTAACGTCTTCGTC"	0	0	0	5	0	5	5	0	0	"17_7403042_C_A"
17	7403042	"C"	"A"	"GGCGTGTGTGTATGGG"	0	0	0	16	0	16	16	0	0	"17_7403042_C_A"
17	7403042	"C"	"A"	"GGCTCGAAGGCGTACA"	0	0	0	8	0	8	8	0	0	"17_7403042_C_A"
17	7403042	"C"	"A"	"AGTGTCAAGTGGGATC"	0	0	0	7	0	7	7	0	0	"17_7403042_C_A"
17	7403042	"C"	"A"	"AGTGTCACACCGAAAG"	0	0	0	12	0	12	12	0	0	"17_7403042_C_A"
17	7403042	"C"	"A"	"GGGAATGGTCAAAGAT"	0	0	0	4	0	4	4	0	0	"17_7403042_C_A"
17	7403042	"C"	"A"	"CCCATACTCTTAGAGC"	0	0	0	1	0	1	1	0	0	"17_7403042_C_A"
17	7403042	"C"	"A"	"GAGGTGAGTGTTCGAT"	0	0	0	3	0	3	3	0	0	"17_7403042_C_A"
17	7403042	"C"	"A"	"CGGCTAGAGGCGCTCT"	0	0	0	2	0	2	2	0	0	"17_7403042_C_A"
17	7403042	"C"	"A"	"TTGGCAAAGGGCATGT"	0	0	0	11	0	11	11	0	0	"17_7403042_C_A"
17	7403042	"C"	"A"	"TAGGCATAGCCACTAT"	0	0	0	10	0	10	10	0	0	"17_7403042_C_A"
17	7403042	"C"	"A"	"ACGATGTGTCGCTTTC"	0	0	0	4	0	4	4	0	0	"17_7403042_C_A"
17	7403042	"C"	"A"	"ACGATGTTCGATAGAA"	0	0	0	4	0	4	4	0	0	"17_7403042_C_A"
17	7403042	"C"	"A"	"TAGTGGTGTTGTCGCG"	0	0	0	6	0	6	6	0	0	"17_7403042_C_A"
17	7403042	"C"	"A"	"CACCAGGCACATGTGT"	0	0	0	10	0	10	10	0	0	"17_7403042_C_A"
17	7403042	"C"	"A"	"AAGGCAGCACGGTGTC"	0	0	0	1	0	1	1	0	0	"17_7403042_C_A"
17	7403042	"C"	"A"	"CCACCTACAGGTGCCT"	0	0	0	14	0	14	14	6.66666666666667	0	"17_7403042_C_A"
17	7403042	"C"	"A"	"TCATTTGGTCTAGCCG"	0	0	0	9	0	9	9	10	0	"17_7403042_C_A"
17	7403042	"C"	"A"	"CGCGGTAGTTGACGTT"	0	3	0	4	3	4	7	0	0.428571428571429	"17_7403042_C_A"
17	7403042	"C"	"A"	"GGAGCAAGTGCACCAC"	0	0	0	8	0	8	8	0	0	"17_7403042_C_A"
17	7403042	"C"	"A"	"GGAGCAATCGGACAAG"	0	0	0	2	0	2	2	0	0	"17_7403042_C_A"
17	7403042	"C"	"A"	"TTTCCTCGTAAACGCG"	0	0	0	8	0	8	8	0	0	"17_7403042_C_A"
17	7403042	"C"	"A"	"TTTCCTCTCGCATGGC"	0	0	0	3	0	3	3	0	0	"17_7403042_C_A"
17	7403042	"C"	"A"	"GGATGTTTCGCCTGTT"	0	2	0	7	2	7	9	0	0.222222222222222	"17_7403042_C_A"
17	7403042	"C"	"A"	"GGATGTTTCTAACTGG"	0	0	0	7	0	7	7	0	0	"17_7403042_C_A"
17	7403042	"C"	"A"	"AGGTCCGTCCTGCCAT"	0	0	0	10	0	10	10	9.09090909090909	0	"17_7403042_C_A"
17	7403042	"C"	"A"	"AGGTCCGTCGTAGGAG"	0	0	0	15	0	15	15	6.25	0	"17_7403042_C_A"
17	7403042	"C"	"A"	"GACGTGCTCTTGCAAG"	0	0	0	11	0	11	11	8.33333333333333	0	"17_7403042_C_A"
17	7403042	"C"	"A"	"TACTCATTCCGTACAA"	0	0	0	11	0	11	11	0	0	"17_7403042_C_A"
17	7403042	"C"	"A"	"GCTTCCAAGGCGATAC"	0	0	0	26	0	26	26	3.7037037037037	0	"17_7403042_C_A"
17	7403042	"C"	"A"	"ACGGGCTTCGAGGTAG"	0	0	0	3	0	3	3	0	0	"17_7403042_C_A"
17	7403042	"C"	"A"	"ACGGGTCAGTTGCAGG"	0	0	0	1	0	1	1	0	0	"17_7403042_C_A"
17	7403042	"C"	"A"	"ACGGGTCCATCTGGTA"	0	0	0	5	0	5	5	0	0	"17_7403042_C_A"
17	7403042	"C"	"A"	"GACTACACAGTACACT"	0	0	0	17	0	17	17	5.55555555555556	0	"17_7403042_C_A"
17	7403042	"C"	"A"	"CGGACACAGTGCGTGA"	0	2	0	1	2	1	3	0	0.666666666666667	"17_7403042_C_A"
17	7403042	"C"	"A"	"AGTGGGAGTCCAAGTT"	0	0	0	10	0	10	10	0	0	"17_7403042_C_A"
17	7403042	"C"	"A"	"AGTGTCACACTTAACG"	0	0	0	17	0	17	17	5.55555555555556	0	"17_7403042_C_A"
17	7403042	"C"	"A"	"GGCTGGTAGCCTATGT"	0	0	0	1	0	1	1	0	0	"17_7403042_C_A"
17	7403042	"C"	"A"	"CGGAGTCCACGGCTAC"	0	2	0	72	2	72	74	2.63157894736842	0.027027027027027	"17_7403042_C_A"
17	7403042	"C"	"A"	"GGGAATGGTTTGACAC"	0	0	0	4	0	4	4	0	0	"17_7403042_C_A"
17	7403042	"C"	"A"	"TTGCGTCAGATGTAAC"	0	0	0	1	0	1	1	0	0	"17_7403042_C_A"
17	7403042	"C"	"A"	"AACTTTCCAAGTTAAG"	0	0	0	2	0	2	2	0	0	"17_7403042_C_A"
17	7403042	"C"	"A"	"GTGCTTCAGAAGGTGA"	0	0	0	7	0	7	7	0	0	"17_7403042_C_A"
17	7403042	"C"	"A"	"CCCTCCTGTACCCAAT"	0	4	0	7	4	7	11	0	0.363636363636364	"17_7403042_C_A"
17	7403042	"C"	"A"	"CCGGGATTCTGATTCT"	0	0	0	5	0	5	6	0	0	"17_7403042_C_A"
17	7403042	"C"	"A"	"ACGATGTTCTTGTTTG"	0	0	0	2	0	2	2	0	0	"17_7403042_C_A"
17	7403042	"C"	"A"	"CCGGTAGGTGAGGGTT"	0	0	0	13	0	13	13	0	0	"17_7403042_C_A"
17	7403042	"C"	"A"	"CCAATCCCACCAGTTA"	0	0	0	2	0	2	2	0	0	"17_7403042_C_A"
17	7403042	"C"	"A"	"GCATGATGTTGTACAC"	0	0	0	15	0	15	15	6.25	0	"17_7403042_C_A"
17	7403042	"C"	"A"	"TCATTTGCAAGTAATG"	0	0	0	28	0	28	28	0	0	"17_7403042_C_A"
17	7403042	"C"	"A"	"CGCGGTAGTTATGCGT"	0	3	0	10	3	10	13	0	0.230769230769231	"17_7403042_C_A"
17	7403042	"C"	"A"	"CGTCAGGTCTCATTCA"	0	0	0	5	0	5	5	0	0	"17_7403042_C_A"
17	7403042	"C"	"A"	"GGGATGACACGTCTCT"	0	0	0	3	0	3	3	0	0	"17_7403042_C_A"
17	7403042	"C"	"A"	"GGGATGATCGATCCCT"	0	0	0	9	0	9	9	0	0	"17_7403042_C_A"
17	7403042	"C"	"A"	"GGGCATCAGATGGGTC"	0	0	0	18	0	18	18	10	0	"17_7403042_C_A"
17	7403042	"C"	"A"	"TGGTTAGCAAACGCGA"	0	0	0	1	0	1	1	0	0	"17_7403042_C_A"
17	7403042	"C"	"A"	"TGGTTAGCACGGATAG"	0	0	0	13	0	13	13	7.14285714285714	0	"17_7403042_C_A"
17	7403042	"C"	"A"	"CAGAATCTCCAAACAC"	0	0	0	5	0	5	5	0	0	"17_7403042_C_A"
17	7403042	"C"	"A"	"CAGAATCTCGTTTATC"	0	0	0	2	0	2	2	0	0	"17_7403042_C_A"
17	7403042	"C"	"A"	"CCAGCGAGTACCGGCT"	0	0	0	3	0	3	3	0	0	"17_7403042_C_A"
17	7403042	"C"	"A"	"TCGAGGCTCTCTAAGG"	0	0	0	2	0	2	2	0	0	"17_7403042_C_A"
17	7403042	"C"	"A"	"TCGCGAGCAGGAACGT"	0	0	0	17	0	17	17	5.55555555555556	0	"17_7403042_C_A"
17	7403042	"C"	"A"	"TCGCGAGGTAAGGGAA"	0	0	0	22	0	22	22	0	0	"17_7403042_C_A"
17	7403042	"C"	"A"	"ACGGGTCTCGTCTGAA"	0	0	0	34	0	34	34	0	0	"17_7403042_C_A"
17	7403042	"C"	"A"	"CCATTCGGTATAGGGC"	0	3	0	4	3	4	7	0	0.428571428571429	"17_7403042_C_A"
17	7403042	"C"	"A"	"GACTGCGAGGATGCGT"	0	0	0	6	0	6	6	0	0	"17_7403042_C_A"
17	7403042	"C"	"A"	"GGCTCGAGTCCTCTTG"	0	0	0	1	0	1	1	0	0	"17_7403042_C_A"
17	7403042	"C"	"A"	"GGCTGGTAGCCAACAG"	0	0	0	4	0	4	4	0	0	"17_7403042_C_A"
17	7403042	"C"	"A"	"GGCTCGATCGGTGTCG"	0	0	0	23	0	23	24	0	0	"17_7403042_C_A"
17	7403042	"C"	"A"	"CGGAGCTTCAGTGTTG"	0	0	0	14	0	14	14	6.66666666666667	0	"17_7403042_C_A"
17	7403042	"C"	"A"	"AACTCTTTCTCGATGA"	0	0	0	7	0	7	7	0	0	"17_7403042_C_A"
17	7403042	"C"	"A"	"CGGAGTCCAGGATCGA"	0	0	0	9	0	9	9	0	0	"17_7403042_C_A"
17	7403042	"C"	"A"	"CGGAGTCCATCCGTGG"	0	0	0	10	0	10	10	9.09090909090909	0	"17_7403042_C_A"
17	7403042	"C"	"A"	"TAGCCGGCAATCTACG"	0	0	0	4	0	4	4	0	0	"17_7403042_C_A"
17	7403042	"C"	"A"	"TAGCCGGGTAGGGTAC"	0	0	0	10	0	10	10	0	0	"17_7403042_C_A"
17	7403042	"C"	"A"	"ACGATGTCAAGTACCT"	0	0	0	2	0	2	2	0	0	"17_7403042_C_A"
17	7403042	"C"	"A"	"ACGATGTCATCCGTGG"	0	0	0	14	0	14	14	0	0	"17_7403042_C_A"
17	7403042	"C"	"A"	"TGAGCATTCACAGTAC"	0	0	0	1	0	1	1	0	0	"17_7403042_C_A"
17	7403042	"C"	"A"	"CCGGTAGGTCCGTTAA"	0	0	0	19	0	19	19	5	0	"17_7403042_C_A"
17	7403042	"C"	"A"	"AGGGATGAGCAGCCTC"	0	0	0	9	0	9	9	0	0	"17_7403042_C_A"
17	7403042	"C"	"A"	"AGGGATGAGCCCAATT"	0	0	0	9	0	9	9	0	0	"17_7403042_C_A"
17	7403042	"C"	"A"	"AGGGATGTCCTGCCAT"	0	0	0	1	0	1	1	0	0	"17_7403042_C_A"
17	7403042	"C"	"A"	"TCAGGTATCGTGACAT"	0	0	0	12	0	12	12	0	0	"17_7403042_C_A"
17	7403042	"C"	"A"	"CGCGGTACATTGGGCC"	0	0	0	1	0	1	1	0	0	"17_7403042_C_A"
17	7403042	"C"	"A"	"CGCGGTAGTGCGGTAA"	0	0	0	3	0	3	3	0	0	"17_7403042_C_A"
17	7403042	"C"	"A"	"CACCACTGTGCGAAAC"	0	0	0	17	0	17	17	0	0	"17_7403042_C_A"
17	7403042	"C"	"A"	"GCTGCTTGTTCTCATT"	0	0	0	13	0	13	13	0	0	"17_7403042_C_A"
17	7403042	"C"	"A"	"TCTGAGACATGACGGA"	0	0	0	4	0	4	4	0	0	"17_7403042_C_A"
17	7403042	"C"	"A"	"GCTGGGTCATCGATGT"	0	0	0	2	0	2	2	0	0	"17_7403042_C_A"
17	7403042	"C"	"A"	"GACGCGTTCAGTTAGC"	0	1	0	11	1	11	12	0	0.0833333333333333	"17_7403042_C_A"
17	7403042	"C"	"A"	"GACGCGTTCTTAACCT"	0	0	0	1	0	1	1	0	0	"17_7403042_C_A"
17	7403042	"C"	"A"	"TACTCATGTCATACTG"	0	0	0	4	0	4	4	0	0	"17_7403042_C_A"
17	7403042	"C"	"A"	"TCGAGGCTCGATCCCT"	0	0	0	26	0	26	26	3.7037037037037	0	"17_7403042_C_A"
17	7403042	"C"	"A"	"TTCTCAATCGTAGGTT"	0	0	0	5	0	5	5	0	0	"17_7403042_C_A"
17	7403042	"C"	"A"	"TTCTCCTTCGCATGGC"	0	0	0	17	0	17	17	5.55555555555556	0	"17_7403042_C_A"
17	7403042	"C"	"A"	"GACTAACCAGCTGTGC"	0	0	0	2	0	2	2	0	0	"17_7403042_C_A"
17	7403042	"C"	"A"	"CGGACTGCATGGTTGT"	0	0	0	10	0	10	10	0	0	"17_7403042_C_A"
17	7403042	"C"	"A"	"GACTACATCCGCTGTT"	0	0	0	3	0	3	3	0	0	"17_7403042_C_A"
17	7403042	"C"	"A"	"GGCTCGAGTGGCGAAT"	0	1	0	7	1	7	8	0	0.125	"17_7403042_C_A"
17	7403042	"C"	"A"	"GACTGCGAGCTAAGAT"	0	0	0	10	0	10	10	9.09090909090909	0	"17_7403042_C_A"
17	7403042	"C"	"A"	"TAGACCATCCCTCTTT"	0	0	0	2	0	2	2	0	0	"17_7403042_C_A"
17	7403042	"C"	"A"	"GACTGCGGTACGAAAT"	0	0	0	13	0	13	14	0	0	"17_7403042_C_A"
17	7403042	"C"	"A"	"TTGCGTCAGACATAAC"	0	0	0	1	0	1	1	0	0	"17_7403042_C_A"
17	7403042	"C"	"A"	"AACTGGTTCTTGGGTA"	0	0	0	12	0	12	12	0	0	"17_7403042_C_A"
17	7403042	"C"	"A"	"CCCTCCTGTCTCATCC"	0	0	0	4	0	4	4	0	0	"17_7403042_C_A"
17	7403042	"C"	"A"	"CGGTTAAGTCGGGTCT"	0	0	0	5	0	5	5	0	0	"17_7403042_C_A"
17	7403042	"C"	"A"	"AGGGTGACAAACTGCT"	0	0	0	4	0	4	4	0	0	"17_7403042_C_A"
17	7403042	"C"	"A"	"CACCACTCACATCCAA"	0	0	0	1	0	1	1	0	0	"17_7403042_C_A"
17	7403042	"C"	"A"	"CGTAGCGGTTCGTCTC"	0	0	0	6	0	6	6	0	0	"17_7403042_C_A"
17	7403042	"C"	"A"	"TCTCTAATCTACCTGC"	0	0	0	8	0	8	8	0	0	"17_7403042_C_A"
17	7403042	"C"	"A"	"TTTACTGCACGAAAGC"	0	0	0	12	0	12	12	0	0	"17_7403042_C_A"
17	7403042	"C"	"A"	"TTTACTGCACTTGGAT"	0	0	0	1	0	1	1	0	0	"17_7403042_C_A"
17	7403042	"C"	"A"	"TTTACTGTCCCGACTT"	0	0	0	6	0	6	6	0	0	"17_7403042_C_A"
17	7403042	"C"	"A"	"TTTCCTCCAAGAGGCT"	0	0	0	3	0	3	3	0	0	"17_7403042_C_A"
17	7403042	"C"	"A"	"CGCGGTATCTCTGTCG"	0	0	0	13	0	13	14	6.66666666666667	0	"17_7403042_C_A"
17	7403042	"C"	"A"	"CGCGTTTTCTGCGTAA"	0	0	0	3	0	3	3	0	0	"17_7403042_C_A"
17	7403042	"C"	"A"	"CGCGTTTTCTTCTGGC"	0	0	0	1	0	1	1	0	0	"17_7403042_C_A"
17	7403042	"C"	"A"	"CCACGGACAGACAAGC"	0	0	0	3	0	3	3	0	0	"17_7403042_C_A"
17	7403042	"C"	"A"	"CCACTACAGAGTGAGA"	0	0	0	11	0	11	11	8.33333333333333	0	"17_7403042_C_A"
17	7403042	"C"	"A"	"GGATTACTCGCGATCG"	0	0	0	2	0	2	2	0	0	"17_7403042_C_A"
17	7403042	"C"	"A"	"GGCAATTGTGTGAATA"	0	0	0	23	0	23	23	0	0	"17_7403042_C_A"
17	7403042	"C"	"A"	"GGCAATTGTTCAGCGC"	0	0	0	3	0	3	3	0	0	"17_7403042_C_A"
17	7403042	"C"	"A"	"GGCGACTAGGCAATTA"	0	0	0	1	0	1	1	0	0	"17_7403042_C_A"
17	7403042	"C"	"A"	"GGCGTGTGTATTAGCC"	0	0	0	13	0	13	13	0	0	"17_7403042_C_A"
17	7403042	"C"	"A"	"AACTCCCAGTCATGCT"	0	0	0	2	0	2	2	0	0	"17_7403042_C_A"
17	7403042	"C"	"A"	"CGGACTGGTCATATCG"	0	0	0	41	0	41	41	6.81818181818182	0	"17_7403042_C_A"
17	7403042	"C"	"A"	"CGGACTGTCAACCATG"	0	0	0	7	0	7	7	0	0	"17_7403042_C_A"
17	7403042	"C"	"A"	"AACTCTTTCGAGCCCA"	0	0	0	16	0	16	16	0	0	"17_7403042_C_A"
17	7403042	"C"	"A"	"AACTGGTAGCGCCTCA"	0	0	0	11	0	11	11	8.33333333333333	0	"17_7403042_C_A"
17	7403042	"C"	"A"	"TTGCCGTCAGCTTAAC"	0	0	0	2	0	2	2	0	0	"17_7403042_C_A"
17	7403042	"C"	"A"	"TTGCCGTTCCACGCAG"	0	0	0	10	0	10	10	9.09090909090909	0	"17_7403042_C_A"
17	7403042	"C"	"A"	"TTGCCGTTCGCGTTTC"	0	0	0	14	0	14	14	0	0	"17_7403042_C_A"
17	7403042	"C"	"A"	"CAACTAGTCGCTGATA"	0	0	0	7	0	7	8	0	0	"17_7403042_C_A"
17	7403042	"C"	"A"	"AAGACCTAGAGGTACC"	0	0	0	12	0	12	12	0	0	"17_7403042_C_A"
17	7403042	"C"	"A"	"TTGGCAATCCGCTGTT"	0	2	0	6	2	6	8	0	0.25	"17_7403042_C_A"
17	7403042	"C"	"A"	"TTGTAGGAGATGTCGG"	0	0	0	2	0	2	2	0	0	"17_7403042_C_A"
17	7403042	"C"	"A"	"TTGTAGGCAAATTGCC"	0	0	0	5	0	5	5	0	0	"17_7403042_C_A"
17	7403042	"C"	"A"	"CACATTTGTAGATTAG"	0	0	0	15	0	15	15	6.25	0	"17_7403042_C_A"
17	7403042	"C"	"A"	"TTGTAGGGTCATGCCG"	0	0	0	28	0	28	28	3.44827586206897	0	"17_7403042_C_A"
17	7403042	"C"	"A"	"TTTACTGAGCTAGTGG"	0	0	0	2	0	2	2	0	0	"17_7403042_C_A"
17	7403042	"C"	"A"	"TCATTACAGGATATAC"	0	0	0	6	0	6	6	0	0	"17_7403042_C_A"
17	7403042	"C"	"A"	"CTGTTTAGTCGATTGT"	0	0	0	3	0	3	3	0	0	"17_7403042_C_A"
17	7403042	"C"	"A"	"CTTAACTCAACACCTA"	0	0	0	2	0	2	2	0	0	"17_7403042_C_A"
17	7403042	"C"	"A"	"CTTAACTTCACCCGAG"	0	0	0	2	0	2	2	0	0	"17_7403042_C_A"
17	7403042	"C"	"A"	"AATCCAGGTCATATCG"	0	0	0	13	0	13	13	0	0	"17_7403042_C_A"
17	7403042	"C"	"A"	"AATCGGTCATATGGTC"	0	0	0	4	0	4	4	0	0	"17_7403042_C_A"
17	7403042	"C"	"A"	"AATCGGTGTATGCTTG"	0	0	0	2	0	2	2	0	0	"17_7403042_C_A"
17	7403042	"C"	"A"	"CAGAGAGAGTCCATAC"	0	0	0	1	0	1	1	0	0	"17_7403042_C_A"
17	7403042	"C"	"A"	"GGCAATTAGTAAGTAC"	0	0	0	3	0	3	3	0	0	"17_7403042_C_A"
17	7403042	"C"	"A"	"CAGATCACAATAAGCA"	0	0	0	4	0	4	4	0	0	"17_7403042_C_A"
17	7403042	"C"	"A"	"CAGATCAGTACCTACA"	0	0	0	4	0	4	4	0	0	"17_7403042_C_A"
17	7403042	"C"	"A"	"CAGATCAGTTGCCTCT"	0	0	0	2	0	2	2	0	0	"17_7403042_C_A"
17	7403042	"C"	"A"	"GTGCAGCAGGCTACGA"	0	0	0	6	0	6	6	0	0	"17_7403042_C_A"
17	7403042	"C"	"A"	"GACTACATCTAACTGG"	0	0	0	32	0	32	32	0	0	"17_7403042_C_A"
17	7403042	"C"	"A"	"TAGACCAGTCCTAGCG"	0	0	0	3	0	3	3	0	0	"17_7403042_C_A"
17	7403042	"C"	"A"	"TAGACCAGTGGTACAG"	0	0	0	3	0	3	3	0	0	"17_7403042_C_A"
17	7403042	"C"	"A"	"GAACGGATCTGGGCCA"	0	0	0	1	0	1	1	0	0	"17_7403042_C_A"
17	7403042	"C"	"A"	"TAGAGCTAGACAAGCC"	0	0	0	2	0	2	2	0	0	"17_7403042_C_A"
17	7403042	"C"	"A"	"GTGCATAAGGTGGGTT"	0	0	0	11	0	11	11	0	0	"17_7403042_C_A"
17	7403042	"C"	"A"	"GTGCATACAAGGACAC"	0	0	0	9	0	9	9	0	0	"17_7403042_C_A"
17	7403042	"C"	"A"	"GTGCGGTCAGCTGCTG"	0	0	0	6	0	6	6	0	0	"17_7403042_C_A"
17	7403042	"C"	"A"	"CAAGAAAAGTGCTGCC"	0	0	0	22	0	22	22	4.34782608695652	0	"17_7403042_C_A"
17	7403042	"C"	"A"	"CACATAGAGGGCTTGA"	0	0	0	2	0	2	2	0	0	"17_7403042_C_A"
17	7403042	"C"	"A"	"TTGTAGGGTAGCAAAT"	0	0	0	6	0	6	6	0	0	"17_7403042_C_A"
17	7403042	"C"	"A"	"CAAGATCAGTGTTGAA"	0	0	0	10	0	10	10	0	0	"17_7403042_C_A"
17	7403042	"C"	"A"	"CTGTGCTGTTCCACGG"	0	0	0	6	0	6	6	0	0	"17_7403042_C_A"
17	7403042	"C"	"A"	"CACCACTCAGACTCGC"	0	0	0	25	0	25	25	0	0	"17_7403042_C_A"
17	7403042	"C"	"A"	"GACAGAGTCTCAACTT"	0	0	0	2	0	2	2	0	0	"17_7403042_C_A"
17	7403042	"C"	"A"	"GACCAATCAGTATAAG"	0	0	0	9	0	9	9	0	0	"17_7403042_C_A"
17	7403042	"C"	"A"	"GACCAATGTCGAGATG"	0	0	0	2	0	2	2	0	0	"17_7403042_C_A"
17	7403042	"C"	"A"	"GACCAATGTGCAACGA"	0	0	0	6	0	6	6	0	0	"17_7403042_C_A"
17	7403042	"C"	"A"	"GACCAATTCTCAAGTG"	0	0	0	7	0	7	7	0	0	"17_7403042_C_A"
17	7403042	"C"	"A"	"GACCAATTCTTGAGGT"	0	0	0	2	0	2	2	0	0	"17_7403042_C_A"
17	7403042	"C"	"A"	"GACCTGGAGGCATGGT"	0	0	0	1	0	1	1	0	0	"17_7403042_C_A"
17	7403042	"C"	"A"	"GACCTGGGTCTAACGT"	0	0	0	4	0	4	4	0	0	"17_7403042_C_A"
17	7403042	"C"	"A"	"TCTTCGGCATGTTCCC"	0	0	0	14	0	14	14	6.66666666666667	0	"17_7403042_C_A"
17	7403042	"C"	"A"	"TCTTTCCAGACCGGAT"	0	0	0	11	0	11	12	0	0	"17_7403042_C_A"
17	7403042	"C"	"A"	"TGAAAGAAGCGCCTCA"	0	5	0	19	5	19	24	4	0.208333333333333	"17_7403042_C_A"
17	7403042	"C"	"A"	"TTCTCAAAGAAGCCCA"	0	0	0	5	0	5	5	0	0	"17_7403042_C_A"
17	7403042	"C"	"A"	"ACCTTTACATGGTCAT"	0	0	0	2	0	2	2	0	0	"17_7403042_C_A"
17	7403042	"C"	"A"	"TACTTACCAAGGGTCA"	0	0	0	3	0	3	3	0	0	"17_7403042_C_A"
17	7403042	"C"	"A"	"TACTTACTCTTCTGGC"	0	0	0	30	0	30	30	0	0	"17_7403042_C_A"
17	7403042	"C"	"A"	"GACTAACTCGGCCGAT"	0	0	0	6	0	6	6	0	0	"17_7403042_C_A"
17	7403042	"C"	"A"	"GTGCAGCAGTCACGCC"	0	0	0	3	0	3	3	0	0	"17_7403042_C_A"
17	7403042	"C"	"A"	"AACTCTTAGTACGCGA"	0	0	0	1	0	1	1	0	0	"17_7403042_C_A"
17	7403042	"C"	"A"	"ACGATACGTAGGGACT"	0	0	0	9	0	9	9	0	0	"17_7403042_C_A"
17	7403042	"C"	"A"	"GTGCATAAGAATGTGT"	0	0	0	5	0	5	5	0	0	"17_7403042_C_A"
17	7403042	"C"	"A"	"CATCGAAGTCACAAGG"	0	0	0	8	0	8	8	0	0	"17_7403042_C_A"
17	7403042	"C"	"A"	"ACGATACTCATAGCAC"	0	0	0	5	0	5	5	0	0	"17_7403042_C_A"
17	7403042	"C"	"A"	"ACGATACTCCACGTTC"	0	0	0	4	0	4	4	0	0	"17_7403042_C_A"
17	7403042	"C"	"A"	"AACTTTCTCTGAAAGA"	0	0	0	1	0	1	1	0	0	"17_7403042_C_A"
17	7403042	"C"	"A"	"CATGCCTGTTTGGGCC"	0	0	0	7	0	7	7	0	0	"17_7403042_C_A"
17	7403042	"C"	"A"	"CTGTGCTGTTAGATGA"	0	0	0	28	0	28	28	0	0	"17_7403042_C_A"
17	7403042	"C"	"A"	"ACGCAGCGTTTGTTGG"	0	0	0	14	0	14	14	0	0	"17_7403042_C_A"
17	7403042	"C"	"A"	"ACGCAGCTCATCACCC"	0	0	0	9	0	9	9	10	0	"17_7403042_C_A"
17	7403042	"C"	"A"	"CATTATCGTTTGACAC"	0	0	0	2	0	2	2	0	0	"17_7403042_C_A"
17	7403042	"C"	"A"	"CATTCGCTCGTATCAG"	0	0	0	15	0	15	15	0	0	"17_7403042_C_A"
17	7403042	"C"	"A"	"CCAATCCAGGACACCA"	0	0	0	1	0	1	1	0	0	"17_7403042_C_A"
17	7403042	"C"	"A"	"GTCCTCAGTTACCAGT"	0	0	0	3	0	3	3	0	0	"17_7403042_C_A"
17	7403042	"C"	"A"	"GTCCTCATCCCTAATT"	0	0	0	1	0	1	1	0	0	"17_7403042_C_A"
17	7403042	"C"	"A"	"GTCGGGTAGATCACGG"	0	0	0	8	0	8	8	0	0	"17_7403042_C_A"
17	7403042	"C"	"A"	"GTCGGGTCACGAGAGT"	0	0	0	3	0	3	3	0	0	"17_7403042_C_A"
17	7403042	"C"	"A"	"GTCGGGTTCGCGTTTC"	0	0	0	2	0	2	2	0	0	"17_7403042_C_A"
17	7403042	"C"	"A"	"GTCTCGTGTCGGGTCT"	0	0	0	4	0	4	4	0	0	"17_7403042_C_A"
17	7403042	"C"	"A"	"GGATTACAGTGCGATG"	0	0	0	17	0	17	17	5.55555555555556	0	"17_7403042_C_A"
17	7403042	"C"	"A"	"GGATTACGTCTTGTCC"	0	0	0	5	0	5	5	0	0	"17_7403042_C_A"
17	7403042	"C"	"A"	"CGCTATCGTCTCCCTA"	0	0	0	2	0	2	2	0	0	"17_7403042_C_A"
17	7403042	"C"	"A"	"CGCTATCGTTCGCTAA"	0	0	0	1	0	1	1	0	0	"17_7403042_C_A"
17	7403042	"C"	"A"	"CGCTATCTCTGGGCCA"	0	0	0	6	0	6	6	0	0	"17_7403042_C_A"
17	7403042	"C"	"A"	"CCATGTCAGTCCTCCT"	0	0	0	9	0	9	9	0	0	"17_7403042_C_A"
17	7403042	"C"	"A"	"CCATGTCTCGGCTACG"	0	0	0	6	0	6	6	0	0	"17_7403042_C_A"
17	7403042	"C"	"A"	"CCATTCGCAATGAATG"	0	0	0	3	0	3	3	0	0	"17_7403042_C_A"
17	7403042	"C"	"A"	"AACTCCCAGGCCATAG"	0	0	0	3	0	3	3	0	0	"17_7403042_C_A"
17	7403042	"C"	"A"	"TACTTGTCAGTGGGAT"	0	0	0	1	0	1	1	0	0	"17_7403042_C_A"
17	7403042	"C"	"A"	"TTCTTAGGTATTACCG"	0	0	0	7	0	7	7	0	0	"17_7403042_C_A"
17	7403042	"C"	"A"	"ACGAGGATCGTTTGCC"	0	0	0	16	0	16	16	0	0	"17_7403042_C_A"
17	7403042	"C"	"A"	"AACTCTTGTAAGAGGA"	0	0	0	8	0	8	8	0	0	"17_7403042_C_A"
17	7403042	"C"	"A"	"CACACCTCACACAGAG"	0	0	0	8	0	8	9	0	0	"17_7403042_C_A"
17	7403042	"C"	"A"	"GTGCATAAGCTAGCCC"	0	0	0	5	0	5	5	0	0	"17_7403042_C_A"
17	7403042	"C"	"A"	"CACACTCGTCATCGGC"	0	0	0	4	0	4	4	0	0	"17_7403042_C_A"
17	7403042	"C"	"A"	"CACAGTACAAACTGCT"	0	0	0	7	0	7	7	0	0	"17_7403042_C_A"
17	7403042	"C"	"A"	"CACAGTACACAGCGTC"	0	0	0	11	0	11	11	0	0	"17_7403042_C_A"
17	7403042	"C"	"A"	"CATGACATCGTTTAGG"	0	0	0	8	0	8	8	0	0	"17_7403042_C_A"
17	7403042	"C"	"A"	"CACATAGAGATCGATA"	0	0	0	4	0	4	4	0	0	"17_7403042_C_A"
17	7403042	"C"	"A"	"CTGCGGAAGGGTATCG"	0	0	0	10	0	10	10	0	0	"17_7403042_C_A"
17	7403042	"C"	"A"	"CATGGCGAGCCAACAG"	0	0	0	5	0	5	5	0	0	"17_7403042_C_A"
17	7403042	"C"	"A"	"GTGCTTCTCTAACTGG"	0	0	0	14	0	14	14	0	0	"17_7403042_C_A"
17	7403042	"C"	"A"	"GTGTGCGAGGATCGCA"	0	0	0	7	0	7	7	0	0	"17_7403042_C_A"
17	7403042	"C"	"A"	"CTGTTTAAGCGATAGC"	0	3	0	0	3	0	3	0	1	"17_7403042_C_A"
17	7403042	"C"	"A"	"CTGTTTAAGCTATGCT"	0	5	0	0	5	0	5	0	1	"17_7403042_C_A"
17	7403042	"C"	"A"	"TCATTACAGTTCGATC"	0	0	0	2	0	2	2	0	0	"17_7403042_C_A"
17	7403042	"C"	"A"	"TCATTACGTTAAGAAC"	0	0	0	12	0	12	12	0	0	"17_7403042_C_A"
17	7403042	"C"	"A"	"ACTGTCCGTAGAGGAA"	0	0	0	3	0	3	3	0	0	"17_7403042_C_A"
17	7403042	"C"	"A"	"ACTGTCCGTGTGGCTC"	0	0	0	9	0	9	9	10	0	"17_7403042_C_A"
17	7403042	"C"	"A"	"TCCCGATAGTCCCACG"	0	0	0	7	0	7	7	0	0	"17_7403042_C_A"
17	7403042	"C"	"A"	"TCCCGATGTTCACGGC"	0	0	0	1	0	1	1	0	0	"17_7403042_C_A"
17	7403042	"C"	"A"	"AATCGGTTCGGAATCT"	0	0	0	4	0	4	4	0	0	"17_7403042_C_A"
17	7403042	"C"	"A"	"TCGAGGCAGTTTGCGT"	0	0	0	4	0	4	4	0	0	"17_7403042_C_A"
17	7403042	"C"	"A"	"GCGACCATCTTGAGAC"	0	0	0	2	0	2	2	0	0	"17_7403042_C_A"
17	7403042	"C"	"A"	"GCGAGAAAGAGCTGCA"	0	0	0	9	0	9	9	0	0	"17_7403042_C_A"
17	7403042	"C"	"A"	"GCGAGAAAGATCCGAG"	0	0	0	22	0	22	22	8.33333333333333	0	"17_7403042_C_A"
17	7403042	"C"	"A"	"CAGATCAGTTGGAGGT"	0	0	0	6	0	6	6	0	0	"17_7403042_C_A"
17	7403042	"C"	"A"	"TTTGTCACATACGCTA"	0	0	0	19	0	19	21	0	0	"17_7403042_C_A"
17	7403042	"C"	"A"	"TTTGTCAGTCAATGTC"	0	0	0	4	0	4	4	0	0	"17_7403042_C_A"
17	7403042	"C"	"A"	"TTTGTCATCCGGCACA"	0	0	0	9	0	9	9	0	0	"17_7403042_C_A"
17	7403042	"C"	"A"	"AACTCCCCAAACGCGA"	0	0	0	11	0	11	11	8.33333333333333	0	"17_7403042_C_A"
17	7403042	"C"	"A"	"ACGATACAGGTAGCTG"	0	0	0	13	0	13	13	7.14285714285714	0	"17_7403042_C_A"
17	7403042	"C"	"A"	"ACGATACCAATCGAAA"	0	0	0	26	0	26	26	7.14285714285714	0	"17_7403042_C_A"
17	7403042	"C"	"A"	"TCGGTAACACGAAAGC"	0	0	0	2	0	2	2	0	0	"17_7403042_C_A"
17	7403042	"C"	"A"	"GAATAAGCACGCGAAA"	0	0	0	4	0	4	4	0	0	"17_7403042_C_A"
17	7403042	"C"	"A"	"CACAGTACATGTCTCC"	0	0	0	35	0	35	35	0	0	"17_7403042_C_A"
17	7403042	"C"	"A"	"TCGTAGACACGCATCG"	0	0	0	12	0	12	12	0	0	"17_7403042_C_A"
17	7403042	"C"	"A"	"TCGTAGAGTCGCGGTT"	0	0	0	3	0	3	3	0	0	"17_7403042_C_A"
17	7403042	"C"	"A"	"TCGTAGAGTGGCCCTA"	0	0	0	1	0	1	1	0	0	"17_7403042_C_A"
17	7403042	"C"	"A"	"CTGTGCTCAGCAGTTT"	0	0	0	9	0	9	9	10	0	"17_7403042_C_A"
17	7403042	"C"	"A"	"TCTCATAAGCCGATTT"	0	0	0	2	0	2	2	0	0	"17_7403042_C_A"
17	7403042	"C"	"A"	"TCTCATAAGGATATAC"	0	0	0	20	0	20	20	0	0	"17_7403042_C_A"
17	7403042	"C"	"A"	"TCTCATACACACCGAC"	0	0	0	1	0	1	1	0	0	"17_7403042_C_A"
17	7403042	"C"	"A"	"TCTCATAGTCACCCAG"	0	0	0	1	0	1	1	0	0	"17_7403042_C_A"
17	7403042	"C"	"A"	"AGCGGTCGTTAGGGTG"	0	0	0	4	0	4	4	0	0	"17_7403042_C_A"
17	7403042	"C"	"A"	"TCTGAGAAGTTCGCAT"	0	0	0	39	0	39	39	2.5	0	"17_7403042_C_A"
17	7403042	"C"	"A"	"CGAACATCATCAGTCA"	0	0	0	5	0	5	5	0	0	"17_7403042_C_A"
17	7403042	"C"	"A"	"TCTGAGAGTCAGAAGC"	0	0	0	5	0	5	5	0	0	"17_7403042_C_A"
17	7403042	"C"	"A"	"TCTGGAAAGACTACAA"	0	0	0	15	0	15	15	6.25	0	"17_7403042_C_A"
17	7403042	"C"	"A"	"TCTTCGGCAGATGAGC"	0	0	0	35	0	35	35	0	0	"17_7403042_C_A"
17	7403042	"C"	"A"	"TCTTCGGCATGTCGAT"	0	0	0	3	0	3	3	0	0	"17_7403042_C_A"
17	7403042	"C"	"A"	"TACTCATAGTGTTAGA"	0	0	0	3	0	3	3	0	0	"17_7403042_C_A"
17	7403042	"C"	"A"	"TACTCATCATTCCTGC"	0	0	0	3	0	3	3	0	0	"17_7403042_C_A"
17	7403042	"C"	"A"	"TACTCATGTCAATGTC"	0	0	0	12	0	12	12	7.69230769230769	0	"17_7403042_C_A"
17	7403042	"C"	"A"	"ACCTTTACACGGCTAC"	0	0	0	3	0	3	3	0	0	"17_7403042_C_A"
17	7403042	"C"	"A"	"AGCTCCTCACACCGAC"	0	2	0	19	2	19	21	4.54545454545455	0.0952380952380952	"17_7403042_C_A"
17	7403042	"C"	"A"	"TGAAAGACAGCTCCGA"	0	0	0	2	0	2	2	0	0	"17_7403042_C_A"
17	7403042	"C"	"A"	"TGAAAGATCATGTCCC"	0	0	0	16	0	16	16	0	0	"17_7403042_C_A"
17	7403042	"C"	"A"	"GCTTCCAGTGACAAAT"	0	0	0	9	0	9	9	0	0	"17_7403042_C_A"
17	7403042	"C"	"A"	"TACTTACTCACTATTC"	0	0	0	3	0	3	3	0	0	"17_7403042_C_A"
17	7403042	"C"	"A"	"TACTTGTAGGATGGTC"	0	0	0	4	0	4	4	0	0	"17_7403042_C_A"
17	7403042	"C"	"A"	"TACTTGTCAATCTACG"	0	0	0	9	0	9	9	0	0	"17_7403042_C_A"
17	7403042	"C"	"A"	"CATCAGATCAACACAC"	0	0	0	14	0	14	14	0	0	"17_7403042_C_A"
17	7403042	"C"	"A"	"GTGCAGCCACCCTATC"	0	0	0	14	0	14	14	0	0	"17_7403042_C_A"
17	7403042	"C"	"A"	"GTGCAGCCATCTATGG"	0	0	0	3	0	3	3	0	0	"17_7403042_C_A"
17	7403042	"C"	"A"	"GGAAAGCTCCCATTTA"	0	0	0	1	0	1	1	0	0	"17_7403042_C_A"
17	7403042	"C"	"A"	"GGAACTTAGTATCTCG"	0	0	0	1	0	1	1	0	0	"17_7403042_C_A"
17	7403042	"C"	"A"	"GGAACTTCATCAGTCA"	0	2	0	14	2	14	16	0	0.125	"17_7403042_C_A"
17	7403042	"C"	"A"	"GGAACTTCATTCTCAT"	0	0	0	4	0	4	4	0	0	"17_7403042_C_A"
17	7403042	"C"	"A"	"GGAACTTTCAACCAAC"	0	6	0	23	6	23	29	0	0.206896551724138	"17_7403042_C_A"
17	7403042	"C"	"A"	"GGAACTTTCGAATGGG"	0	0	0	5	0	5	5	0	0	"17_7403042_C_A"
17	7403042	"C"	"A"	"GGAATAAGTACAGTGG"	0	0	0	2	0	2	2	0	0	"17_7403042_C_A"
17	7403042	"C"	"A"	"GGAATAAGTGCAGACA"	0	0	0	5	0	5	5	0	0	"17_7403042_C_A"
17	7403042	"C"	"A"	"GGAATAAGTTAAAGTG"	0	0	0	1	0	1	1	0	0	"17_7403042_C_A"
17	7403042	"C"	"A"	"AGGCCGTTCTATCGCC"	0	0	0	8	0	8	8	0	0	"17_7403042_C_A"
17	7403042	"C"	"A"	"AGGCCGTTCTGCCCTA"	0	2	0	28	2	28	31	6.06060606060606	0.0666666666666667	"17_7403042_C_A"
17	7403042	"C"	"A"	"CGATGTATCTTATCTG"	0	0	0	6	0	6	6	0	0	"17_7403042_C_A"
17	7403042	"C"	"A"	"CGCCAAGGTACTTCTT"	0	0	0	5	0	5	5	0	0	"17_7403042_C_A"
17	7403042	"C"	"A"	"CGCGGTAAGACTAAGT"	0	0	0	10	0	10	10	9.09090909090909	0	"17_7403042_C_A"
17	7403042	"C"	"A"	"GTCCTCACAGCAGTTT"	0	0	0	1	0	1	1	0	0	"17_7403042_C_A"
17	7403042	"C"	"A"	"AAAGCAAAGCGTTCCG"	0	0	0	5	0	5	5	0	0	"17_7403042_C_A"
17	7403042	"C"	"A"	"AAAGCAAAGGGCTTCC"	0	0	0	2	0	2	2	0	0	"17_7403042_C_A"
17	7403042	"C"	"A"	"AAAGCAAAGTACGCGA"	0	0	0	9	0	9	9	0	0	"17_7403042_C_A"
17	7403042	"C"	"A"	"CAAGGCCAGAGGTAGA"	0	0	0	2	0	2	2	0	0	"17_7403042_C_A"
17	7403042	"C"	"A"	"CAAGGCCAGTGAATTG"	0	0	0	15	0	15	15	0	0	"17_7403042_C_A"
17	7403042	"C"	"A"	"CAAGGCCCACACCGAC"	0	0	0	15	0	15	15	6.25	0	"17_7403042_C_A"
17	7403042	"C"	"A"	"CAAGGCCCAGCTCGCA"	0	0	0	11	0	11	11	0	0	"17_7403042_C_A"
17	7403042	"C"	"A"	"CAAGGCCGTATCGCAT"	0	0	0	3	0	3	3	0	0	"17_7403042_C_A"
17	7403042	"C"	"A"	"CGCTATCCATCTCCCA"	0	0	0	13	0	13	13	7.14285714285714	0	"17_7403042_C_A"
17	7403042	"C"	"A"	"CGCTATCGTCCTAGCG"	0	0	0	9	0	9	9	0	0	"17_7403042_C_A"
17	7403042	"C"	"A"	"GTCTTCGTCATGTCTT"	0	0	0	2	0	2	2	0	0	"17_7403042_C_A"
17	7403042	"C"	"A"	"AACCGCGCACCCATTC"	0	0	0	3	0	3	3	0	0	"17_7403042_C_A"
17	7403042	"C"	"A"	"AACGTTGAGGCGACAT"	0	0	0	3	0	3	3	0	0	"17_7403042_C_A"
17	7403042	"C"	"A"	"CGCTGGAAGCCCGAAA"	0	0	0	19	0	19	19	5	0	"17_7403042_C_A"
17	7403042	"C"	"A"	"CGCTTCAGTGATGATA"	0	0	0	3	0	3	3	0	0	"17_7403042_C_A"
17	7403042	"C"	"A"	"GTGAAGGGTGTCCTCT"	0	0	0	10	0	10	10	0	0	"17_7403042_C_A"
17	7403042	"C"	"A"	"CACACAATCTTGACGA"	0	0	0	8	0	8	8	0	0	"17_7403042_C_A"
17	7403042	"C"	"A"	"GGAAAGCCAGCTCGCA"	0	0	0	16	0	16	16	0	0	"17_7403042_C_A"
17	7403042	"C"	"A"	"TCGGTAAAGTACCGGA"	0	0	0	8	0	8	8	0	0	"17_7403042_C_A"
17	7403042	"C"	"A"	"CACACCTAGAGCCTAG"	0	0	0	1	0	1	1	0	0	"17_7403042_C_A"
17	7403042	"C"	"A"	"CAGCAGCGTATGAAAC"	0	0	0	5	0	5	5	0	0	"17_7403042_C_A"
17	7403042	"C"	"A"	"CACACCTGTAGCGTCC"	0	0	0	8	0	8	8	0	0	"17_7403042_C_A"
17	7403042	"C"	"A"	"CACACCTGTCCAGTAT"	0	0	0	3	0	3	3	0	0	"17_7403042_C_A"
17	7403042	"C"	"A"	"CACACTCAGAGTCTGG"	0	0	0	10	0	10	10	0	0	"17_7403042_C_A"
17	7403042	"C"	"A"	"CACACTCAGCCAGTAG"	0	0	0	2	0	2	2	0	0	"17_7403042_C_A"
17	7403042	"C"	"A"	"CACAGTACAGTCAGCC"	0	0	0	6	0	6	6	0	0	"17_7403042_C_A"
17	7403042	"C"	"A"	"CTGCCTATCCTGCTTG"	0	0	0	8	0	8	8	0	0	"17_7403042_C_A"
17	7403042	"C"	"A"	"GTGCTTCCACCATGTA"	0	0	0	7	0	7	7	0	0	"17_7403042_C_A"
17	7403042	"C"	"A"	"GTGCTTCTCGGCTACG"	0	0	0	18	0	18	18	0	0	"17_7403042_C_A"
17	7403042	"C"	"A"	"CTGGTCTGTCAACATC"	0	0	0	1	0	1	1	0	0	"17_7403042_C_A"
17	7403042	"C"	"A"	"CTGTGCTAGGCCCGTT"	0	0	0	2	0	2	2	0	0	"17_7403042_C_A"
17	7403042	"C"	"A"	"GTGTGCGCATTGGGCC"	0	0	0	5	0	5	5	0	0	"17_7403042_C_A"
17	7403042	"C"	"A"	"CTGTTTAAGCTAAGAT"	0	0	0	3	0	3	3	0	0	"17_7403042_C_A"
17	7403042	"C"	"A"	"CTGTTTACATTCCTGC"	0	0	0	2	0	2	2	0	0	"17_7403042_C_A"
17	7403042	"C"	"A"	"GTGTTAGCATGATCCA"	0	1	0	17	1	17	18	5.26315789473684	0.0555555555555556	"17_7403042_C_A"
17	7403042	"C"	"A"	"GTTAAGCAGGCATGTG"	0	0	0	1	0	1	1	0	0	"17_7403042_C_A"
17	7403042	"C"	"A"	"AAGTCTGGTCATATCG"	0	0	0	9	0	9	9	10	0	"17_7403042_C_A"
17	7403042	"C"	"A"	"CGTCCATAGTCTTGCA"	0	0	0	3	0	3	3	0	0	"17_7403042_C_A"
17	7403042	"C"	"A"	"CGTCCATGTCTAGTGT"	0	0	0	3	0	3	3	0	0	"17_7403042_C_A"
17	7403042	"C"	"A"	"CGTCCATGTTCACGGC"	0	0	0	1	0	1	1	0	0	"17_7403042_C_A"
17	7403042	"C"	"A"	"GGGCATCAGGCTCAGA"	0	0	0	9	0	9	9	0	0	"17_7403042_C_A"
17	7403042	"C"	"A"	"GGGCATCAGTATTGGA"	0	0	0	4	0	4	4	0	0	"17_7403042_C_A"
17	7403042	"C"	"A"	"ATCGAGTGTCTAAACC"	0	0	0	26	0	26	26	7.14285714285714	0	"17_7403042_C_A"
17	7403042	"C"	"A"	"TCGAGGCAGATGAGAG"	0	0	0	5	0	5	5	0	0	"17_7403042_C_A"
17	7403042	"C"	"A"	"TCGAGGCAGTTAACGA"	0	0	0	4	0	4	4	0	0	"17_7403042_C_A"
17	7403042	"C"	"A"	"ATCTACTAGCCCGAAA"	0	0	0	7	0	7	7	0	0	"17_7403042_C_A"
17	7403042	"C"	"A"	"ATCTACTGTACTTGAC"	0	1	0	25	1	25	26	0	0.0384615384615385	"17_7403042_C_A"
17	7403042	"C"	"A"	"ATCTACTTCTGATACG"	0	0	0	2	0	2	2	0	0	"17_7403042_C_A"
17	7403042	"C"	"A"	"ATCTGCCAGGCCCTTG"	0	0	0	5	0	5	5	0	0	"17_7403042_C_A"
17	7403042	"C"	"A"	"TCGCGTTAGAAGGGTA"	0	0	0	10	0	10	10	0	0	"17_7403042_C_A"
17	7403042	"C"	"A"	"TCGCGTTTCTGTGCAA"	0	0	0	24	0	24	24	0	0	"17_7403042_C_A"
17	7403042	"C"	"A"	"TCGCGTTTCTTGCAAG"	0	0	0	1	0	1	1	0	0	"17_7403042_C_A"
17	7403042	"C"	"A"	"TCGGGACAGGACAGAA"	0	0	0	5	0	5	5	0	0	"17_7403042_C_A"
17	7403042	"C"	"A"	"GGAAAGCTCCAGAGGA"	0	0	0	2	0	2	2	0	0	"17_7403042_C_A"
17	7403042	"C"	"A"	"CAGCATAAGACAGAGA"	0	0	0	4	0	4	4	0	0	"17_7403042_C_A"
17	7403042	"C"	"A"	"CAGCATAGTAGGGACT"	0	0	0	4	0	4	4	0	0	"17_7403042_C_A"
17	7403042	"C"	"A"	"TCGTACCAGATACACA"	0	0	0	1	0	1	1	0	0	"17_7403042_C_A"
17	7403042	"C"	"A"	"TCGTACCAGTGAACAT"	0	1	0	6	1	6	7	0	0.142857142857143	"17_7403042_C_A"
17	7403042	"C"	"A"	"TCGTACCGTGCAGTAG"	0	0	0	20	0	20	20	0	0	"17_7403042_C_A"
17	7403042	"C"	"A"	"TCGTACCTCGCGATCG"	0	0	0	18	0	18	18	5.26315789473684	0	"17_7403042_C_A"
17	7403042	"C"	"A"	"TCGTAGAAGGTGATTA"	0	0	0	8	0	8	8	0	0	"17_7403042_C_A"
17	7403042	"C"	"A"	"TCTATTGAGACCTAGG"	0	0	0	12	0	12	12	0	0	"17_7403042_C_A"
17	7403042	"C"	"A"	"GCTGCAGGTATTACCG"	0	0	0	18	0	18	18	5.26315789473684	0	"17_7403042_C_A"
17	7403042	"C"	"A"	"GCTGCAGGTCCGTCAG"	0	0	0	4	0	4	4	0	0	"17_7403042_C_A"
17	7403042	"C"	"A"	"GCTGCGAGTCTTGATG"	0	0	0	1	0	1	1	0	0	"17_7403042_C_A"
17	7403042	"C"	"A"	"GCTGCGATCGCCGTGA"	0	0	0	3	0	3	3	0	0	"17_7403042_C_A"
17	7403042	"C"	"A"	"GACAGAGTCAACCATG"	0	0	0	2	0	2	2	0	0	"17_7403042_C_A"
17	7403042	"C"	"A"	"GACAGAGTCCTTGGTC"	0	0	0	12	0	12	12	0	0	"17_7403042_C_A"
17	7403042	"C"	"A"	"TACGGGCGTTCGTGAT"	0	0	0	4	0	4	4	0	0	"17_7403042_C_A"
17	7403042	"C"	"A"	"TACGGTACACCAGGCT"	0	0	0	13	0	13	13	0	0	"17_7403042_C_A"
17	7403042	"C"	"A"	"TACGGTATCGTGGACC"	0	0	0	1	0	1	1	0	0	"17_7403042_C_A"
17	7403042	"C"	"A"	"AGCGTCGTCTTGTCAT"	0	0	0	5	0	5	5	0	0	"17_7403042_C_A"
17	7403042	"C"	"A"	"AGCTCCTAGCTTCGCG"	0	0	0	10	0	10	10	0	0	"17_7403042_C_A"
17	7403042	"C"	"A"	"ATTCTACTCTGGGCCA"	0	0	0	3	0	3	3	0	0	"17_7403042_C_A"
17	7403042	"C"	"A"	"ATTGGTGAGCGTAGTG"	0	0	0	4	0	4	4	0	0	"17_7403042_C_A"
17	7403042	"C"	"A"	"ATTGGTGTCATGCAAC"	0	0	0	11	0	11	11	0	0	"17_7403042_C_A"
17	7403042	"C"	"A"	"TTCTCCTTCTGCGTAA"	0	0	0	2	0	2	2	0	0	"17_7403042_C_A"
17	7403042	"C"	"A"	"TACTTACTCATCACCC"	0	0	0	7	0	7	7	0	0	"17_7403042_C_A"
17	7403042	"C"	"A"	"ACGAGGACAGCATGAG"	0	0	0	8	0	8	8	0	0	"17_7403042_C_A"
17	7403042	"C"	"A"	"TTCTTAGCACAAGACG"	0	0	0	5	0	5	5	0	0	"17_7403042_C_A"
17	7403042	"C"	"A"	"GTATCTTTCTGCGACG"	0	0	0	37	0	37	37	5.12820512820513	0	"17_7403042_C_A"
17	7403042	"C"	"A"	"CTCTGGTGTCTGATCA"	0	0	0	6	0	6	6	0	0	"17_7403042_C_A"
17	7403042	"C"	"A"	"TCGGGACTCAACACGT"	0	4	0	10	4	10	14	6.66666666666667	0.285714285714286	"17_7403042_C_A"
17	7403042	"C"	"A"	"TTGCCGTAGGCTCATT"	0	0	0	5	0	5	5	0	0	"17_7403042_C_A"
17	7403042	"C"	"A"	"CAACCTCAGCAGGCTA"	0	0	0	6	0	6	6	0	0	"17_7403042_C_A"
17	7403042	"C"	"A"	"CAACCTCCATCAGTCA"	0	0	0	14	0	14	14	0	0	"17_7403042_C_A"
17	7403042	"C"	"A"	"CAACCTCGTGAGGGAG"	0	0	0	1	0	1	1	0	0	"17_7403042_C_A"
17	7403042	"C"	"A"	"GTCACGGTCGCCATAA"	0	0	0	2	0	2	2	0	0	"17_7403042_C_A"
17	7403042	"C"	"A"	"GTCATTTGTAAGCACG"	0	0	0	8	0	8	8	0	0	"17_7403042_C_A"
17	7403042	"C"	"A"	"CAAGAAAGTCTGATCA"	0	1	0	33	1	33	34	0	0.0294117647058824	"17_7403042_C_A"
17	7403042	"C"	"A"	"CAAGAAATCAATCACG"	0	0	0	14	0	14	14	6.66666666666667	0	"17_7403042_C_A"
17	7403042	"C"	"A"	"CAAGAAATCACTTATC"	0	0	0	3	0	3	3	0	0	"17_7403042_C_A"
17	7403042	"C"	"A"	"GTCCTCAAGCTCCTTC"	0	0	0	9	0	9	9	0	0	"17_7403042_C_A"
17	7403042	"C"	"A"	"GTCCTCACAGACAAAT"	0	0	0	1	0	1	1	0	0	"17_7403042_C_A"
17	7403042	"C"	"A"	"AAAGATGCACAGGTTT"	0	0	0	4	0	4	4	0	0	"17_7403042_C_A"
17	7403042	"C"	"A"	"CTCGAGGTCGAATCCA"	0	0	0	9	0	9	9	0	0	"17_7403042_C_A"
17	7403042	"C"	"A"	"CTCGGAGCATCACGTA"	0	0	0	1	0	1	1	0	0	"17_7403042_C_A"
17	7403042	"C"	"A"	"AAAGCAACAGGATCGA"	0	0	0	6	0	6	6	0	0	"17_7403042_C_A"
17	7403042	"C"	"A"	"AAAGCAAGTTACGCGC"	0	0	0	2	0	2	2	0	0	"17_7403042_C_A"
17	7403042	"C"	"A"	"AAAGCAATCAGTGCAT"	0	5	0	14	5	14	19	0	0.263157894736842	"17_7403042_C_A"
17	7403042	"C"	"A"	"GTCTTCGAGGTGCACA"	0	0	0	2	0	2	2	0	0	"17_7403042_C_A"
17	7403042	"C"	"A"	"AACACGTAGGCTAGCA"	0	0	0	1	0	1	1	0	0	"17_7403042_C_A"
17	7403042	"C"	"A"	"AACACGTCATACGCTA"	0	0	0	5	0	5	5	0	0	"17_7403042_C_A"
17	7403042	"C"	"A"	"AACCATGGTACCGGCT"	0	0	0	8	0	8	8	0	0	"17_7403042_C_A"
17	7403042	"C"	"A"	"AACGTTGAGTGTTTGC"	0	0	0	12	0	12	12	0	0	"17_7403042_C_A"
17	7403042	"C"	"A"	"AACGTTGGTCCGTGAC"	0	0	0	6	0	6	6	0	0	"17_7403042_C_A"
17	7403042	"C"	"A"	"AACTCAGTCGAACTGT"	0	3	0	8	3	8	11	0	0.272727272727273	"17_7403042_C_A"
17	7403042	"C"	"A"	"TTTGTCAAGTAGCGGT"	0	0	0	23	0	23	23	0	0	"17_7403042_C_A"
17	7403042	"C"	"A"	"CTCTACGCAACTTGAC"	0	0	0	9	0	9	9	0	0	"17_7403042_C_A"
17	7403042	"C"	"A"	"CTCTACGCATGAGCGA"	0	0	0	8	0	8	8	0	0	"17_7403042_C_A"
17	7403042	"C"	"A"	"CTCTGGTCAGACGCAA"	0	0	0	5	0	5	5	0	0	"17_7403042_C_A"
17	7403042	"C"	"A"	"TTGACTTAGCTTATCG"	0	0	0	4	0	4	4	0	0	"17_7403042_C_A"
17	7403042	"C"	"A"	"TCGGTAAAGATGTTAG"	0	0	0	8	0	8	8	0	0	"17_7403042_C_A"
17	7403042	"C"	"A"	"AGATCTGAGTTAAGTG"	0	0	0	2	0	2	2	0	0	"17_7403042_C_A"
17	7403042	"C"	"A"	"CTGAAACTCTGAGGGA"	0	1	0	16	1	16	17	5.55555555555556	0.0588235294117647	"17_7403042_C_A"
17	7403042	"C"	"A"	"CTGAAGTTCATTTGGG"	0	0	0	8	0	8	8	0	0	"17_7403042_C_A"
17	7403042	"C"	"A"	"CTGATAGTCCATGAAC"	0	0	0	4	0	4	4	0	0	"17_7403042_C_A"
17	7403042	"C"	"A"	"CACACTCCACCGAAAG"	0	0	0	2	0	2	2	0	0	"17_7403042_C_A"
17	7403042	"C"	"A"	"CTGCCTACAATGCCAT"	0	0	0	2	0	2	2	0	0	"17_7403042_C_A"
17	7403042	"C"	"A"	"CTGCCTATCGGTCCGA"	0	2	0	11	2	11	14	6.66666666666667	0.153846153846154	"17_7403042_C_A"
17	7403042	"C"	"A"	"CTGCTGTAGTCGAGTG"	0	0	0	1	0	1	1	0	0	"17_7403042_C_A"
17	7403042	"C"	"A"	"CTGCTGTGTTGTACAC"	0	0	0	1	0	1	1	0	0	"17_7403042_C_A"
17	7403042	"C"	"A"	"CTGTGCTCAATCAGAA"	0	0	0	3	0	3	3	0	0	"17_7403042_C_A"
17	7403042	"C"	"A"	"AGCCTAAAGGTAGCCA"	0	0	0	31	0	31	31	0	0	"17_7403042_C_A"
17	7403042	"C"	"A"	"CCGTGGACATGAACCT"	0	0	0	5	0	5	5	0	0	"17_7403042_C_A"
17	7403042	"C"	"A"	"CCGTGGAGTAAACCTC"	0	0	0	12	0	12	13	0	0	"17_7403042_C_A"
17	7403042	"C"	"A"	"CCGTGGATCCTTGGTC"	0	0	0	3	0	3	3	0	0	"17_7403042_C_A"
17	7403042	"C"	"A"	"GCATGTAGTCGAACAG"	0	0	0	16	0	16	16	0	0	"17_7403042_C_A"
17	7403042	"C"	"A"	"AAGTCTGGTGTGGCTC"	0	0	0	9	0	9	9	10	0	"17_7403042_C_A"
17	7403042	"C"	"A"	"AATCCAGAGAGCCTAG"	0	0	0	6	0	6	6	0	0	"17_7403042_C_A"
17	7403042	"C"	"A"	"GTTCATTTCCCTTGTG"	0	0	0	9	0	9	10	0	0	"17_7403042_C_A"
17	7403042	"C"	"A"	"GTTCGGGTCCGCGTTT"	0	0	0	11	0	11	11	0	0	"17_7403042_C_A"
17	7403042	"C"	"A"	"GTTCTCGAGGAGTCTG"	0	0	0	12	0	12	12	0	0	"17_7403042_C_A"
17	7403042	"C"	"A"	"CAGAATCGTACCCAAT"	0	0	0	2	0	2	2	0	0	"17_7403042_C_A"
17	7403042	"C"	"A"	"GTTTCTAAGGAACTGC"	0	0	0	16	0	16	16	0	0	"17_7403042_C_A"
17	7403042	"C"	"A"	"ACACCAACACCACGTG"	0	0	0	5	0	5	5	0	0	"17_7403042_C_A"
17	7403042	"C"	"A"	"ACACCAATCCTATTCA"	0	0	0	1	0	1	1	0	0	"17_7403042_C_A"
17	7403042	"C"	"A"	"ACACCCTCACTGCCAG"	0	0	0	1	0	1	1	0	0	"17_7403042_C_A"
17	7403042	"C"	"A"	"ACACCCTTCCGAGCCA"	0	3	0	15	3	15	18	10	0.166666666666667	"17_7403042_C_A"
17	7403042	"C"	"A"	"ACACCCTTCTGGAGCC"	0	0	0	3	0	3	3	0	0	"17_7403042_C_A"
17	7403042	"C"	"A"	"CAGCAGCAGCGTTCCG"	0	0	0	2	0	2	2	0	0	"17_7403042_C_A"
17	7403042	"C"	"A"	"CTCTGGTCAGTGACAG"	0	0	0	2	0	2	2	0	0	"17_7403042_C_A"
17	7403042	"C"	"A"	"GGAAAGCAGTTAGCGG"	0	0	0	3	0	3	3	0	0	"17_7403042_C_A"
17	7403042	"C"	"A"	"AGATCTGCAAGAAGAG"	0	0	0	9	0	9	9	0	0	"17_7403042_C_A"
17	7403042	"C"	"A"	"TAAGTGCAGGGTGTTG"	0	0	0	5	0	5	5	0	0	"17_7403042_C_A"
17	7403042	"C"	"A"	"TAAGTGCCACTACAGT"	0	0	0	6	0	6	6	0	0	"17_7403042_C_A"
17	7403042	"C"	"A"	"TACACGATCTCGTTTA"	0	0	0	5	0	5	5	0	0	"17_7403042_C_A"
17	7403042	"C"	"A"	"GAATGAAAGATAGTCA"	0	0	0	6	0	6	6	0	0	"17_7403042_C_A"
17	7403042	"C"	"A"	"GAATGAAAGCGTAATA"	0	0	0	5	0	5	5	0	0	"17_7403042_C_A"
17	7403042	"C"	"A"	"AGATTGCTCTACTTAC"	0	0	0	5	0	5	5	0	0	"17_7403042_C_A"
17	7403042	"C"	"A"	"GCTGCAGCAGACAAAT"	0	0	0	2	0	2	2	0	0	"17_7403042_C_A"
17	7403042	"C"	"A"	"GACAGAGAGATCTGAA"	0	0	0	15	0	15	15	0	0	"17_7403042_C_A"
17	7403042	"C"	"A"	"GACAGAGCACATAACC"	0	0	0	43	0	43	44	0	0	"17_7403042_C_A"
17	7403042	"C"	"A"	"GACAGAGCATTACGAC"	0	0	0	3	0	3	3	0	0	"17_7403042_C_A"
17	7403042	"C"	"A"	"CTCGAAATCCTGTACC"	0	0	0	4	0	4	4	0	0	"17_7403042_C_A"
17	7403042	"C"	"A"	"AGCGGTCGTAAGAGGA"	0	1	0	3	1	3	4	0	0.25	"17_7403042_C_A"
17	7403042	"C"	"A"	"AGCGGTCGTAATCGTC"	0	0	0	1	0	1	1	0	0	"17_7403042_C_A"
17	7403042	"C"	"A"	"CCTTTCTTCGATCCCT"	0	0	0	10	0	10	10	0	0	"17_7403042_C_A"
17	7403042	"C"	"A"	"CGAACATAGTTCCACA"	0	0	0	2	0	2	2	0	0	"17_7403042_C_A"
17	7403042	"C"	"A"	"AGCGTATAGAGGTTGC"	0	0	0	3	0	3	3	0	0	"17_7403042_C_A"
17	7403042	"C"	"A"	"AGCGTCGAGAGAGCTC"	0	0	0	9	0	9	9	0	0	"17_7403042_C_A"
17	7403042	"C"	"A"	"AGCGTCGGTCTAAACC"	0	0	0	5	0	5	5	0	0	"17_7403042_C_A"
17	7403042	"C"	"A"	"AGCGTCGGTGTAATGA"	0	0	0	3	0	3	3	0	0	"17_7403042_C_A"
17	7403042	"C"	"A"	"ACCGTAACAGGATTGG"	0	0	0	9	0	9	9	0	0	"17_7403042_C_A"
17	7403042	"C"	"A"	"ACCGTAATCGGAATCT"	0	0	0	1	0	1	1	0	0	"17_7403042_C_A"
17	7403042	"C"	"A"	"CATATTCGTTCTGAAC"	0	0	0	2	0	2	2	0	0	"17_7403042_C_A"
17	7403042	"C"	"A"	"ACCTTTAGTAGCGTGA"	0	0	0	2	0	2	2	0	0	"17_7403042_C_A"
17	7403042	"C"	"A"	"ACCTTTAGTCAACATC"	0	0	0	39	0	39	39	4.8780487804878	0	"17_7403042_C_A"
17	7403042	"C"	"A"	"ACGAGGACAAGCCTAT"	0	0	0	17	0	17	17	0	0	"17_7403042_C_A"
17	7403042	"C"	"A"	"CATCAGAGTCTTCGTC"	0	1	0	1	1	1	2	0	0.5	"17_7403042_C_A"
17	7403042	"C"	"A"	"TCGGGACCAAATTGCC"	0	0	0	5	0	5	5	0	0	"17_7403042_C_A"
17	7403042	"C"	"A"	"GTATCTTGTTCACCTC"	0	0	0	4	0	4	4	0	0	"17_7403042_C_A"
17	7403042	"C"	"A"	"CAGCAGCCACACCGCA"	0	0	0	17	0	17	17	0	0	"17_7403042_C_A"
17	7403042	"C"	"A"	"GAACCTAAGCCAGGAT"	0	0	0	1	0	1	1	0	0	"17_7403042_C_A"
17	7403042	"C"	"A"	"TGACTAGTCGAACTGT"	0	0	0	2	0	2	2	0	0	"17_7403042_C_A"
17	7403042	"C"	"A"	"CATCGAATCTCGATGA"	0	0	0	9	0	9	9	0	0	"17_7403042_C_A"
17	7403042	"C"	"A"	"CATCGGGTCCTTCAAT"	0	0	0	2	0	2	2	0	0	"17_7403042_C_A"
17	7403042	"C"	"A"	"CATGACAGTAGGGACT"	0	0	0	13	0	13	13	0	0	"17_7403042_C_A"
17	7403042	"C"	"A"	"TGAGCATGTAGCTCCG"	0	0	0	1	0	1	1	0	0	"17_7403042_C_A"
17	7403042	"C"	"A"	"CGATGTATCTAACGGT"	0	0	0	2	0	2	2	0	0	"17_7403042_C_A"
17	7403042	"C"	"A"	"CGATGTATCTGTCTCG"	0	0	0	1	0	1	1	0	0	"17_7403042_C_A"
17	7403042	"C"	"A"	"GTCATTTGTGAACCTT"	0	0	0	1	0	1	1	0	0	"17_7403042_C_A"
17	7403042	"C"	"A"	"CATGGCGCACAAGACG"	0	0	0	2	0	2	2	0	0	"17_7403042_C_A"
17	7403042	"C"	"A"	"CATTATCAGATGCGAC"	0	0	0	9	0	9	9	0	0	"17_7403042_C_A"
17	7403042	"C"	"A"	"AGCAGCCGTTGCCTCT"	0	0	0	2	0	2	2	0	0	"17_7403042_C_A"
17	7403042	"C"	"A"	"CTCGAGGCATGTCTCC"	0	0	0	3	0	3	3	0	0	"17_7403042_C_A"
17	7403042	"C"	"A"	"AAGCCGCCAGATCGGA"	0	0	0	13	0	13	13	0	0	"17_7403042_C_A"
17	7403042	"C"	"A"	"AAGGAGCGTCAGATAA"	0	0	0	5	0	5	5	0	0	"17_7403042_C_A"
17	7403042	"C"	"A"	"GTGTTAGCATGACGGA"	0	0	0	14	0	14	14	0	0	"17_7403042_C_A"
17	7403042	"C"	"A"	"ACCCACTAGACTAAGT"	0	0	0	22	0	22	22	0	0	"17_7403042_C_A"
17	7403042	"C"	"A"	"GCATGTATCGAGCCCA"	0	0	0	1	0	1	1	0	0	"17_7403042_C_A"
17	7403042	"C"	"A"	"CTCGGGAAGCTACCGC"	0	0	0	7	0	7	7	0	0	"17_7403042_C_A"
17	7403042	"C"	"A"	"CTCGGGACATCATCCC"	0	0	0	4	0	4	4	0	0	"17_7403042_C_A"
17	7403042	"C"	"A"	"AAAGCAATCCTCGCAT"	0	0	0	3	0	3	3	0	0	"17_7403042_C_A"
17	7403042	"C"	"A"	"CAAGTTGCATTCTTAC"	0	0	0	1	0	1	1	0	0	"17_7403042_C_A"
17	7403042	"C"	"A"	"CACAAACAGCTGCGAA"	0	0	0	2	0	2	2	0	0	"17_7403042_C_A"
17	7403042	"C"	"A"	"CTCTAATAGTGAAGAG"	0	0	0	2	0	2	2	0	0	"17_7403042_C_A"
17	7403042	"C"	"A"	"TTTGGTTAGACTAGAT"	0	0	0	9	0	9	9	10	0	"17_7403042_C_A"
17	7403042	"C"	"A"	"GTGAAGGCAAGCGAGT"	0	0	0	1	0	1	1	0	0	"17_7403042_C_A"
17	7403042	"C"	"A"	"CACACAAGTGTGGTTT"	0	0	0	2	0	2	2	0	0	"17_7403042_C_A"
17	7403042	"C"	"A"	"GCGCAACAGGATTCGG"	0	5	0	24	5	24	29	0	0.172413793103448	"17_7403042_C_A"
17	7403042	"C"	"A"	"GCGCAACGTATAAACG"	0	2	0	39	2	39	41	4.65116279069767	0.0487804878048781	"17_7403042_C_A"
17	7403042	"C"	"A"	"GCTTGAATCCTTTCTC"	0	0	0	1	0	1	1	0	0	"17_7403042_C_A"
17	7403042	"C"	"A"	"GCGCAACGTCACCCAG"	0	0	0	18	0	18	18	0	0	"17_7403042_C_A"
17	7403042	"C"	"A"	"TGACTAGGTAGAGTGC"	0	0	0	21	0	21	21	4.54545454545455	0	"17_7403042_C_A"
17	7403042	"C"	"A"	"TGACTAGGTGTTTGGT"	0	1	0	9	1	9	10	9.09090909090909	0.1	"17_7403042_C_A"
17	7403042	"C"	"A"	"GAACCTACAAATACAG"	0	1	0	5	1	5	6	0	0.166666666666667	"17_7403042_C_A"
17	7403042	"C"	"A"	"GAACCTACACAACTGT"	0	0	0	3	0	3	3	0	0	"17_7403042_C_A"
17	7403042	"C"	"A"	"TCGGTAACAGACGCAA"	0	0	0	43	0	43	43	2.27272727272727	0	"17_7403042_C_A"
17	7403042	"C"	"A"	"GCGGGTTCACGAAACG"	0	0	0	1	0	1	1	0	0	"17_7403042_C_A"
17	7403042	"C"	"A"	"CTGATCCCACCAGTTA"	0	0	0	5	0	5	5	0	0	"17_7403042_C_A"
17	7403042	"C"	"A"	"CTGATCCTCGGATGGA"	0	0	0	6	0	6	6	0	0	"17_7403042_C_A"
17	7403042	"C"	"A"	"GCTCCTATCTGCGTAA"	0	0	0	11	0	11	11	0	0	"17_7403042_C_A"
17	7403042	"C"	"A"	"GCTCTGTTCCGCATAA"	0	0	0	20	0	20	20	0	0	"17_7403042_C_A"
17	7403042	"C"	"A"	"CTGCTGTAGGCTATCT"	0	0	0	37	0	37	37	7.5	0	"17_7403042_C_A"
17	7403042	"C"	"A"	"AGCAGCCAGCAATATG"	0	1	0	1	1	1	2	0	0.5	"17_7403042_C_A"
17	7403042	"C"	"A"	"AGCAGCCAGGCTCAGA"	0	2	0	4	2	4	6	0	0.333333333333333	"17_7403042_C_A"
17	7403042	"C"	"A"	"AGCAGCCGTGGCTCCA"	0	0	0	16	0	16	16	0	0	"17_7403042_C_A"
17	7403042	"C"	"A"	"AAAGATGAGTTGAGAT"	0	6	0	3	6	3	9	0	0.666666666666667	"17_7403042_C_A"
17	7403042	"C"	"A"	"TACGGATAGACTCGGA"	0	0	0	2	0	2	2	0	0	"17_7403042_C_A"
17	7403042	"C"	"A"	"TACGGATCACGTAAGG"	0	0	0	1	0	1	1	0	0	"17_7403042_C_A"
17	7403042	"C"	"A"	"TACGGATTCTCGTATT"	0	0	0	18	0	18	18	5.26315789473684	0	"17_7403042_C_A"
17	7403042	"C"	"A"	"ACCAGTACACGGCTAC"	0	0	0	5	0	5	5	0	0	"17_7403042_C_A"
17	7403042	"C"	"A"	"GTGTTAGCAGCTGTTA"	0	0	0	9	0	9	9	0	0	"17_7403042_C_A"
17	7403042	"C"	"A"	"ACCCACTAGCTAGTGG"	0	0	0	6	0	6	6	0	0	"17_7403042_C_A"
17	7403042	"C"	"A"	"GCCAAATCAATCAGAA"	0	0	0	5	0	5	5	0	0	"17_7403042_C_A"
17	7403042	"C"	"A"	"ACTTACTGTCCGACGT"	0	0	0	6	0	6	6	0	0	"17_7403042_C_A"
17	7403042	"C"	"A"	"ACTTACTTCTGCAGTA"	0	0	0	9	0	9	9	10	0	"17_7403042_C_A"
17	7403042	"C"	"A"	"ACTTGTTAGATCCGAG"	0	0	0	1	0	1	1	0	0	"17_7403042_C_A"
17	7403042	"C"	"A"	"ACTTGTTCATCCTAGA"	0	0	0	4	0	4	4	0	0	"17_7403042_C_A"
17	7403042	"C"	"A"	"AGACGTTAGCAATCTC"	0	0	0	24	0	24	24	7.69230769230769	0	"17_7403042_C_A"
17	7403042	"C"	"A"	"AGACGTTGTTCGGCAC"	0	0	0	32	0	32	32	0	0	"17_7403042_C_A"
17	7403042	"C"	"A"	"AGACGTTTCTAACCGA"	0	0	0	11	0	11	11	8.33333333333333	0	"17_7403042_C_A"
17	7403042	"C"	"A"	"AGAGCGACATCCGCGA"	0	0	0	3	0	3	3	0	0	"17_7403042_C_A"
17	7403042	"C"	"A"	"AGAGCGATCAACGGGA"	0	0	0	5	0	5	5	0	0	"17_7403042_C_A"
17	7403042	"C"	"A"	"AGAGCGATCATGCAAC"	0	0	0	5	0	5	5	0	0	"17_7403042_C_A"
17	7403042	"C"	"A"	"GCTTCCATCAGTACGT"	0	0	0	12	0	12	12	0	0	"17_7403042_C_A"
17	7403042	"C"	"A"	"GCTTGAACATCACGAT"	0	0	0	6	0	6	6	0	0	"17_7403042_C_A"
17	7403042	"C"	"A"	"GCTTGAAGTCTAGTGT"	0	2	0	11	2	11	13	7.14285714285714	0.153846153846154	"17_7403042_C_A"
17	7403042	"C"	"A"	"ATCTGCCTCAAAGTAG"	0	0	0	26	0	26	26	0	0	"17_7403042_C_A"
17	7403042	"C"	"A"	"GCGCAGTCAGATAATG"	0	0	0	36	0	36	37	7.5	0	"17_7403042_C_A"
17	7403042	"C"	"A"	"GCGCAGTCAGCTCCGA"	0	0	0	10	0	10	10	0	0	"17_7403042_C_A"
17	7403042	"C"	"A"	"TGACTAGGTTAGTGGG"	0	0	0	4	0	4	4	0	0	"17_7403042_C_A"
17	7403042	"C"	"A"	"CAACCAAAGGCTAGGT"	0	0	0	4	0	4	4	0	0	"17_7403042_C_A"
17	7403042	"C"	"A"	"TGAGAGGAGACACTAA"	0	0	0	15	0	15	15	0	0	"17_7403042_C_A"
17	7403042	"C"	"A"	"GCTCCTAAGAGTACCG"	0	0	0	5	0	5	5	0	0	"17_7403042_C_A"
17	7403042	"C"	"A"	"GTCACAATCTGGGCCA"	0	1	0	31	1	31	32	5.88235294117647	0.03125	"17_7403042_C_A"
17	7403042	"C"	"A"	"GCTCTGTGTCACACGC"	0	0	0	33	0	33	34	5.55555555555556	0	"17_7403042_C_A"
17	7403042	"C"	"A"	"AAACCTGGTGTGAAAT"	0	0	0	20	0	20	20	4.76190476190476	0	"17_7403042_C_A"
17	7403042	"C"	"A"	"GCTCTGTTCGACGGAA"	0	0	0	7	0	7	7	0	0	"17_7403042_C_A"
17	7403042	"C"	"A"	"GTCATTTGTCAGTGGA"	0	0	0	11	0	11	11	0	0	"17_7403042_C_A"
17	7403042	"C"	"A"	"CGATGTATCAAGCCTA"	0	0	0	29	0	29	29	0	0	"17_7403042_C_A"
17	7403042	"C"	"A"	"GTCATTTGTTTGTGTG"	0	0	0	11	0	11	11	0	0	"17_7403042_C_A"
17	7403042	"C"	"A"	"TACCTATTCCTCGCAT"	0	0	0	1	0	1	1	0	0	"17_7403042_C_A"
17	7403042	"C"	"A"	"CTCGAAAAGTACGCGA"	0	0	0	10	0	10	10	9.09090909090909	0	"17_7403042_C_A"
17	7403042	"C"	"A"	"CTCGAAACAAGCCCAC"	0	0	0	2	0	2	2	0	0	"17_7403042_C_A"
17	7403042	"C"	"A"	"CCTTTCTAGGACTGGT"	0	0	0	5	0	5	5	0	0	"17_7403042_C_A"
17	7403042	"C"	"A"	"CCTTTCTCACAGCGTC"	0	0	0	3	0	3	3	0	0	"17_7403042_C_A"
17	7403042	"C"	"A"	"ACCCACTAGGAACTGC"	0	0	0	9	0	9	9	0	0	"17_7403042_C_A"
17	7403042	"C"	"A"	"ACCCACTGTTCGTGAT"	0	0	0	1	0	1	1	0	0	"17_7403042_C_A"
17	7403042	"C"	"A"	"ACCGTAACACCCATTC"	0	0	0	17	0	17	17	5.55555555555556	0	"17_7403042_C_A"
17	7403042	"C"	"A"	"CGAATGTAGCACGCCT"	0	0	0	9	0	9	9	0	0	"17_7403042_C_A"
17	7403042	"C"	"A"	"CGAATGTGTCTGGTCG"	0	0	0	2	0	2	2	0	0	"17_7403042_C_A"
17	7403042	"C"	"A"	"TTCTACATCTCCGGTT"	0	0	0	15	0	15	15	6.25	0	"17_7403042_C_A"
17	7403042	"C"	"A"	"CGACCTTGTCCGAACC"	0	0	0	9	0	9	9	0	0	"17_7403042_C_A"
17	7403042	"C"	"A"	"TGACAACGTAAGTTCC"	0	0	0	1	0	1	1	0	0	"17_7403042_C_A"
17	7403042	"C"	"A"	"TTCTTAGCAAATCCGT"	0	0	0	15	0	15	15	6.25	0	"17_7403042_C_A"
17	7403042	"C"	"A"	"TGACGGCTCTCTGCTG"	0	0	0	4	0	4	4	0	0	"17_7403042_C_A"
17	7403042	"C"	"A"	"ATTTCTGTCTGCGACG"	0	0	0	7	0	7	7	0	0	"17_7403042_C_A"
17	7403042	"C"	"A"	"GCGCAGTGTACGAAAT"	0	0	0	2	0	2	2	0	0	"17_7403042_C_A"
17	7403042	"C"	"A"	"GCGCAGTTCCACGTTC"	0	0	0	10	0	10	10	0	0	"17_7403042_C_A"
17	7403042	"C"	"A"	"GCGCCAAGTCAAAGCG"	0	0	0	7	0	7	7	0	0	"17_7403042_C_A"
17	7403042	"C"	"A"	"GAACCTATCCCAAGAT"	0	0	0	3	0	3	3	0	0	"17_7403042_C_A"
17	7403042	"C"	"A"	"TGAGAGGGTCTGCAAT"	0	0	0	7	0	7	7	0	0	"17_7403042_C_A"
17	7403042	"C"	"A"	"TGAGAGGGTTAAGTAG"	0	0	0	26	0	26	26	7.14285714285714	0	"17_7403042_C_A"
17	7403042	"C"	"A"	"CTGATCCCAGATCGGA"	0	0	0	4	0	4	4	0	0	"17_7403042_C_A"
17	7403042	"C"	"A"	"GTCACGGCAAGTCTAC"	0	0	0	27	0	27	27	3.57142857142857	0	"17_7403042_C_A"
17	7403042	"C"	"A"	"TACAGTGAGCTGAAAT"	0	2	0	8	2	8	10	9.09090909090909	0.2	"17_7403042_C_A"
17	7403042	"C"	"A"	"AAACCTGTCAGAGCTT"	0	0	0	1	0	1	1	0	0	"17_7403042_C_A"
17	7403042	"C"	"A"	"GACACGCCATACGCCG"	0	0	0	2	0	2	2	0	0	"17_7403042_C_A"
17	7403042	"C"	"A"	"GACACGCTCATTTGGG"	0	0	0	17	0	17	17	0	0	"17_7403042_C_A"
17	7403042	"C"	"A"	"CCTTCGATCGAACGGA"	0	0	0	18	0	18	19	9.52380952380952	0	"17_7403042_C_A"
17	7403042	"C"	"A"	"ACATCAGGTCCATGAT"	0	0	0	15	0	15	15	6.25	0	"17_7403042_C_A"
17	7403042	"C"	"A"	"ACATGGTAGTCTCGGC"	0	0	0	18	0	18	18	5.26315789473684	0	"17_7403042_C_A"
17	7403042	"C"	"A"	"ACCAGTAAGGCAGTCA"	0	0	0	15	0	15	15	0	0	"17_7403042_C_A"
17	7403042	"C"	"A"	"CCGTTCAAGGAACTGC"	0	0	0	4	0	4	4	0	0	"17_7403042_C_A"
17	7403042	"C"	"A"	"GTTAAGCCACGAAGCA"	0	0	0	9	0	9	9	0	0	"17_7403042_C_A"
17	7403042	"C"	"A"	"CTTACCGTCTGCCCTA"	0	0	0	2	0	2	2	0	0	"17_7403042_C_A"
17	7403042	"C"	"A"	"CTCGTACCATTGGCGC"	0	0	0	2	0	2	2	0	0	"17_7403042_C_A"
17	7403042	"C"	"A"	"AAAGTAGGTGGGTATG"	0	0	0	1	0	1	1	0	0	"17_7403042_C_A"
17	7403042	"C"	"A"	"AAATGCCCATAAGACA"	0	0	0	5	0	5	5	0	0	"17_7403042_C_A"
17	7403042	"C"	"A"	"CTCGTACTCTGCTGCT"	0	0	0	1	0	1	1	0	0	"17_7403042_C_A"
17	7403042	"C"	"A"	"TTTGGTTTCAAGATCC"	0	0	0	10	0	10	10	9.09090909090909	0	"17_7403042_C_A"
17	7403042	"C"	"A"	"TTTGTCAAGAGAACAG"	0	0	0	6	0	6	6	0	0	"17_7403042_C_A"
17	7403042	"C"	"A"	"ATTTCTGGTAAGTGTA"	0	0	0	22	0	22	22	4.34782608695652	0	"17_7403042_C_A"
17	7403042	"C"	"A"	"ATTTCTGTCAGTTGAC"	0	0	0	19	0	19	19	0	0	"17_7403042_C_A"
17	7403042	"C"	"A"	"TAAACCGAGCTATGCT"	0	1	0	11	1	11	12	0	0.0833333333333333	"17_7403042_C_A"
17	7403042	"C"	"A"	"TAAACCGAGTGGTAGC"	0	0	0	6	0	6	6	0	0	"17_7403042_C_A"
17	7403042	"C"	"A"	"CAACCAAAGACTAGAT"	0	0	0	37	0	37	37	2.63157894736842	0	"17_7403042_C_A"
17	7403042	"C"	"A"	"AGCTTGACATGGGAAC"	0	0	0	2	0	2	2	0	0	"17_7403042_C_A"
17	7403042	"C"	"A"	"CAACCAACATCCAACA"	0	0	0	1	0	1	1	0	0	"17_7403042_C_A"
17	7403042	"C"	"A"	"ACACTGACACGCCAGT"	0	0	0	1	0	1	1	0	0	"17_7403042_C_A"
17	7403042	"C"	"A"	"ACAGCCGAGATCTGAA"	0	0	0	1	0	1	1	0	0	"17_7403042_C_A"
17	7403042	"C"	"A"	"ACAGCCGAGGTTCCTA"	0	0	0	41	0	41	41	2.38095238095238	0	"17_7403042_C_A"
17	7403042	"C"	"A"	"AGGCCACTCAAGCCTA"	0	0	0	3	0	3	3	0	0	"17_7403042_C_A"
17	7403042	"C"	"A"	"TACAGTGGTACTCAAC"	0	0	0	4	0	4	4	0	0	"17_7403042_C_A"
17	7403042	"C"	"A"	"AGGCCGTCATTCACTT"	0	0	0	11	0	11	11	8.33333333333333	0	"17_7403042_C_A"
17	7403042	"C"	"A"	"CGATGTAAGCACCGTC"	0	0	0	3	0	3	3	0	0	"17_7403042_C_A"
17	7403042	"C"	"A"	"AAACGGGAGCGTGAGT"	0	0	0	5	0	5	5	0	0	"17_7403042_C_A"
17	7403042	"C"	"A"	"GCTGCAGAGGCTCAGA"	0	0	0	13	0	13	13	0	0	"17_7403042_C_A"
17	7403042	"C"	"A"	"AAAGATGAGCTAAGAT"	0	1	0	45	1	45	46	2.12765957446809	0.0217391304347826	"17_7403042_C_A"
17	7403042	"C"	"A"	"CCTTCCCTCGTTTGCC"	0	0	0	18	0	18	18	0	0	"17_7403042_C_A"
17	7403042	"C"	"A"	"ACATCAGGTCAGAAGC"	0	0	0	3	0	3	3	0	0	"17_7403042_C_A"
17	7403042	"C"	"A"	"ACATCAGTCAGTTGAC"	0	0	0	1	0	1	1	0	0	"17_7403042_C_A"
17	7403042	"C"	"A"	"ATGTGTGGTTTGTGTG"	0	0	0	1	0	1	1	0	0	"17_7403042_C_A"
17	7403042	"C"	"A"	"ATTACTCCAAGTCTAC"	0	0	0	2	0	2	2	0	0	"17_7403042_C_A"
17	7403042	"C"	"A"	"CAGTAACCATCTGGTA"	0	0	0	11	0	11	11	0	0	"17_7403042_C_A"
17	7403042	"C"	"A"	"CAGTCCTCATCACAAC"	0	0	0	2	0	2	2	0	0	"17_7403042_C_A"
17	7403042	"C"	"A"	"CAGTCCTGTCGAGTTT"	0	0	0	2	0	2	2	0	0	"17_7403042_C_A"
17	7403042	"C"	"A"	"CATATGGCAACTGCGC"	0	0	0	4	0	4	4	0	0	"17_7403042_C_A"
17	7403042	"C"	"A"	"CTTAGGAAGATCTGCT"	0	0	0	1	0	1	1	0	0	"17_7403042_C_A"
17	7403042	"C"	"A"	"CTTAGGAAGCAAATCA"	0	0	0	6	0	6	6	0	0	"17_7403042_C_A"
17	7403042	"C"	"A"	"CGTCCATTCAGCGACC"	0	0	0	12	0	12	12	0	0	"17_7403042_C_A"
17	7403042	"C"	"A"	"TGGTTCCTCCTAGGGC"	0	0	0	3	0	3	3	0	0	"17_7403042_C_A"
17	7403042	"C"	"A"	"TGTGGTAAGTCATCCA"	0	0	0	4	0	4	4	0	0	"17_7403042_C_A"
17	7403042	"C"	"A"	"TGTGGTACAAGTCTGT"	0	0	0	2	0	2	2	0	0	"17_7403042_C_A"
17	7403042	"C"	"A"	"TGTGGTAGTTTGACAC"	0	0	0	6	0	6	6	0	0	"17_7403042_C_A"
17	7403042	"C"	"A"	"GTACTTTGTCAAACTC"	0	0	0	6	0	6	6	0	0	"17_7403042_C_A"
17	7403042	"C"	"A"	"GTTTCTAGTCCGTGAC"	0	0	0	2	0	2	2	0	0	"17_7403042_C_A"
17	7403042	"C"	"A"	"GTTTCTATCATAAAGG"	0	0	0	19	0	19	19	5	0	"17_7403042_C_A"
17	7403042	"C"	"A"	"CATCAAGCACATGTGT"	0	2	0	25	2	25	27	6.89655172413793	0.0740740740740741	"17_7403042_C_A"
17	7403042	"C"	"A"	"AGAGCTTCATACTACG"	0	0	0	14	0	14	14	0	0	"17_7403042_C_A"
17	7403042	"C"	"A"	"CATCAAGCAGCTGGCT"	0	0	0	9	0	9	9	0	0	"17_7403042_C_A"
17	7403042	"C"	"A"	"GTAGGCCTCACCACCT"	0	0	0	24	0	24	24	4	0	"17_7403042_C_A"
17	7403042	"C"	"A"	"CAGCAGCCAAGTAGTA"	0	0	0	6	0	6	6	0	0	"17_7403042_C_A"
17	7403042	"C"	"A"	"TAAACCGGTGCACGAA"	0	0	0	1	0	1	1	0	0	"17_7403042_C_A"
17	7403042	"C"	"A"	"TAAGAGACAGCCTTTC"	0	0	0	4	0	4	4	0	0	"17_7403042_C_A"
17	7403042	"C"	"A"	"TAAGAGAGTGTAATGA"	0	2	0	2	2	2	4	0	0.5	"17_7403042_C_A"
17	7403042	"C"	"A"	"CAACCAATCCTAGGGC"	0	0	0	9	0	9	9	0	0	"17_7403042_C_A"
17	7403042	"C"	"A"	"GTCACAATCTCCGGTT"	0	0	0	8	0	8	8	0	0	"17_7403042_C_A"
17	7403042	"C"	"A"	"GTCACAATCTGCTGTC"	0	0	0	16	0	16	16	0	0	"17_7403042_C_A"
17	7403042	"C"	"A"	"AGGCCACGTAGCTTGT"	0	0	0	2	0	2	2	0	0	"17_7403042_C_A"
17	7403042	"C"	"A"	"AGGCCACTCATACGGT"	0	0	0	11	0	11	11	8.33333333333333	0	"17_7403042_C_A"
17	7403042	"C"	"A"	"AGATTGCGTGTGACCC"	0	0	0	1	0	1	1	0	0	"17_7403042_C_A"
17	7403042	"C"	"A"	"AGATTGCGTTCCTCCA"	0	4	0	18	4	18	22	0	0.181818181818182	"17_7403042_C_A"
17	7403042	"C"	"A"	"GCTGCAGAGGGTTTCT"	0	0	0	2	0	2	2	0	0	"17_7403042_C_A"
17	7403042	"C"	"A"	"CTCGAAAAGATCCGAG"	0	0	0	6	0	6	6	0	0	"17_7403042_C_A"
17	7403042	"C"	"A"	"ATGTGTGGTGGCAAAC"	0	3	0	19	3	19	22	4.34782608695652	0.136363636363636	"17_7403042_C_A"
17	7403042	"C"	"A"	"CAGCGACCAAAGCAAT"	0	0	0	22	0	22	22	0	0	"17_7403042_C_A"
17	7403042	"C"	"A"	"CAGCGACGTTGCGCAC"	0	2	0	35	2	35	37	0	0.0540540540540541	"17_7403042_C_A"
17	7403042	"C"	"A"	"CAGTAACAGATGCCAG"	0	0	0	7	0	7	7	0	0	"17_7403042_C_A"
17	7403042	"C"	"A"	"ATTATCCTCCATGAGT"	0	0	0	4	0	4	4	0	0	"17_7403042_C_A"
17	7403042	"C"	"A"	"CCGTTCAAGTTGTAGA"	0	0	0	11	0	11	11	0	0	"17_7403042_C_A"
17	7403042	"C"	"A"	"TTCTACAGTCATGCCG"	0	0	0	3	0	3	3	0	0	"17_7403042_C_A"
17	7403042	"C"	"A"	"TTCTACAGTGTGTGCC"	0	0	0	1	0	1	1	0	0	"17_7403042_C_A"
17	7403042	"C"	"A"	"TTCTACATCGAGGTAG"	0	0	0	2	0	2	2	0	0	"17_7403042_C_A"
17	7403042	"C"	"A"	"CATATTCGTACCGAGA"	0	0	0	3	0	3	3	0	0	"17_7403042_C_A"
17	7403042	"C"	"A"	"GTACTCCTCTGGCGAC"	0	0	0	2	0	2	2	0	0	"17_7403042_C_A"
17	7403042	"C"	"A"	"GTACTTTAGACCTAGG"	0	0	0	7	0	7	7	0	0	"17_7403042_C_A"
17	7403042	"C"	"A"	"CTAGCCTCAGGCTCAC"	0	0	0	3	0	3	3	0	0	"17_7403042_C_A"
17	7403042	"C"	"A"	"CATCAAGAGTTGTCGT"	0	0	0	8	0	8	8	0	0	"17_7403042_C_A"
17	7403042	"C"	"A"	"TGACGGCGTCCATCCT"	0	2	0	29	2	29	31	6.06060606060606	0.0645161290322581	"17_7403042_C_A"
17	7403042	"C"	"A"	"AGAGCTTTCAGTCCCT"	0	0	0	6	0	6	6	0	0	"17_7403042_C_A"
17	7403042	"C"	"A"	"AGAGCTTTCATGGTCA"	0	0	0	10	0	10	10	9.09090909090909	0	"17_7403042_C_A"
17	7403042	"C"	"A"	"TGACTAGAGCCCAATT"	0	0	0	2	0	2	2	0	0	"17_7403042_C_A"
17	7403042	"C"	"A"	"TGACTAGAGTCTCAAC"	0	0	0	3	0	3	3	0	0	"17_7403042_C_A"
17	7403042	"C"	"A"	"AGCTTGACATGACATC"	0	0	0	4	0	4	4	0	0	"17_7403042_C_A"
17	7403042	"C"	"A"	"GTCAAGTAGGTGATTA"	0	0	0	18	0	18	18	5.26315789473684	0	"17_7403042_C_A"
17	7403042	"C"	"A"	"GCGCCAAGTTCACGGC"	0	0	0	4	0	4	4	0	0	"17_7403042_C_A"
17	7403042	"C"	"A"	"GCGCGATAGCCAGTAG"	0	0	0	1	0	1	1	0	0	"17_7403042_C_A"
17	7403042	"C"	"A"	"AGATCTGCACGCGAAA"	0	0	0	1	0	1	1	0	0	"17_7403042_C_A"
17	7403042	"C"	"A"	"AGATCTGGTGACGGTA"	0	2	0	9	2	9	11	0	0.181818181818182	"17_7403042_C_A"
17	7403042	"C"	"A"	"AAACCTGCATGGTCTA"	0	0	0	11	0	11	11	0	0	"17_7403042_C_A"
17	7403042	"C"	"A"	"CTCATTAGTTACGGAG"	0	0	0	1	0	1	1	0	0	"17_7403042_C_A"
17	7403042	"C"	"A"	"TACAGTGGTCAAACTC"	0	0	0	4	0	4	4	0	0	"17_7403042_C_A"
17	7403042	"C"	"A"	"CTCCTAGAGCACAGGT"	0	1	0	16	1	16	17	5.55555555555556	0.0588235294117647	"17_7403042_C_A"
17	7403042	"C"	"A"	"TACCTATAGCAGATCG"	0	0	0	2	0	2	2	0	0	"17_7403042_C_A"
17	7403042	"C"	"A"	"ATGTGTGGTACAGACG"	0	0	0	1	0	1	1	0	0	"17_7403042_C_A"
17	7403042	"C"	"A"	"ACATACGCACATGTGT"	0	0	0	9	0	9	9	0	0	"17_7403042_C_A"
17	7403042	"C"	"A"	"TTATGCTAGCACCGCT"	0	0	0	1	0	1	1	0	0	"17_7403042_C_A"
17	7403042	"C"	"A"	"TTCGAAGGTATGAAAC"	0	0	0	3	0	3	3	0	0	"17_7403042_C_A"
17	7403042	"C"	"A"	"TTCGAAGTCAGCGATT"	0	0	0	14	0	14	14	0	0	"17_7403042_C_A"
17	7403042	"C"	"A"	"CCGTTCATCGAGCCCA"	0	0	0	6	0	6	6	0	0	"17_7403042_C_A"
17	7403042	"C"	"A"	"GCCAAATTCCGCTGTT"	0	0	0	3	0	3	3	0	0	"17_7403042_C_A"
17	7403042	"C"	"A"	"GCCAAATTCGAACGGA"	0	0	0	8	0	8	8	0	0	"17_7403042_C_A"
17	7403042	"C"	"A"	"CTTAGGAAGGTAGCTG"	0	0	0	2	0	2	2	0	0	"17_7403042_C_A"
17	7403042	"C"	"A"	"CTCGTACTCAACCATG"	0	1	0	0	1	0	1	0	1	"17_7403042_C_A"
17	7403042	"C"	"A"	"CTCTAATCATGCCCGA"	0	0	0	1	0	1	1	0	0	"17_7403042_C_A"
17	7403042	"C"	"A"	"CTCTAATGTCCGACGT"	0	0	0	10	0	10	10	0	0	"17_7403042_C_A"
17	7403042	"C"	"A"	"CTAGCCTTCCGAATGT"	0	2	0	13	2	13	15	0	0.133333333333333	"17_7403042_C_A"
17	7403042	"C"	"A"	"GGTATTGAGACGCACA"	0	0	0	2	0	2	2	0	0	"17_7403042_C_A"
17	7403042	"C"	"A"	"TGACGGCTCCAAGTAC"	0	0	0	2	0	2	2	0	0	"17_7403042_C_A"
17	7403042	"C"	"A"	"TGACGGCTCTCCAGGG"	0	0	0	10	0	10	10	0	0	"17_7403042_C_A"
17	7403042	"C"	"A"	"AGAGCTTTCTGACCTC"	0	0	0	8	0	8	8	0	0	"17_7403042_C_A"
17	7403042	"C"	"A"	"AGAGTGGAGCGGCTTC"	0	0	0	2	0	2	2	0	0	"17_7403042_C_A"
17	7403042	"C"	"A"	"AGAGTGGAGGGCTTGA"	0	0	0	1	0	1	1	0	0	"17_7403042_C_A"
17	7403042	"C"	"A"	"AGAGTGGCAGTATAAG"	0	0	0	15	0	15	15	6.25	0	"17_7403042_C_A"
17	7403042	"C"	"A"	"AGCTTGAGTCGTCTTC"	0	0	0	4	0	4	4	0	0	"17_7403042_C_A"
17	7403042	"C"	"A"	"AGCTTGATCGGAGCAA"	0	0	0	1	0	1	1	0	0	"17_7403042_C_A"
17	7403042	"C"	"A"	"AGCTTGATCTTCCTTC"	0	0	0	1	0	1	1	0	0	"17_7403042_C_A"
17	7403042	"C"	"A"	"CAGCATAGTGACTCAT"	0	0	0	8	0	8	8	0	0	"17_7403042_C_A"
17	7403042	"C"	"A"	"AAACCTGAGGTGACCA"	0	0	0	8	0	8	8	0	0	"17_7403042_C_A"
17	7403042	"C"	"A"	"CAGCCGAAGGATGCGT"	0	0	0	4	0	4	4	0	0	"17_7403042_C_A"
17	7403042	"C"	"A"	"CAGCCGACAAGCCATT"	0	0	0	16	0	16	16	5.88235294117647	0	"17_7403042_C_A"
17	7403042	"C"	"A"	"CAGCCGAGTCGAGTTT"	0	0	0	2	0	2	2	0	0	"17_7403042_C_A"
17	7403042	"C"	"A"	"CGATCGGTCTAGCACA"	0	0	0	2	0	2	2	0	0	"17_7403042_C_A"
17	7403042	"C"	"A"	"TACAGTGGTGACGGTA"	0	0	0	8	0	8	8	0	0	"17_7403042_C_A"
17	7403042	"C"	"A"	"ATGTGTGAGAAACCGC"	0	0	0	3	0	3	3	0	0	"17_7403042_C_A"
17	7403042	"C"	"A"	"ATGTGTGAGGGTTCCC"	0	0	0	3	0	3	3	0	0	"17_7403042_C_A"
17	7403042	"C"	"A"	"TTAGTTCTCAACACTG"	0	0	0	7	0	7	7	0	0	"17_7403042_C_A"
17	7403042	"C"	"A"	"CAGCCGATCTCCTATA"	0	0	0	18	0	18	18	5.26315789473684	0	"17_7403042_C_A"
17	7403042	"C"	"A"	"CAGGTGCAGCCACTAT"	0	0	0	6	0	6	6	0	0	"17_7403042_C_A"
17	7403042	"C"	"A"	"TTCCCAGGTAAGAGAG"	0	0	0	2	0	2	2	0	0	"17_7403042_C_A"
17	7403042	"C"	"A"	"TTCCCAGGTGCACGAA"	0	0	0	2	0	2	2	0	0	"17_7403042_C_A"
17	7403042	"C"	"A"	"CATATGGGTCTTGATG"	0	0	0	3	0	3	3	0	0	"17_7403042_C_A"
17	7403042	"C"	"A"	"CATATTCCACATGACT"	0	0	0	10	0	10	10	0	0	"17_7403042_C_A"
17	7403042	"C"	"A"	"CATATTCCACTGTGTA"	0	0	0	1	0	1	1	0	0	"17_7403042_C_A"
17	7403042	"C"	"A"	"CATATTCCATCCCATC"	0	0	0	8	0	8	8	0	0	"17_7403042_C_A"
17	7403042	"C"	"A"	"GTTTCTAAGGCATGGT"	0	0	0	2	0	2	2	0	0	"17_7403042_C_A"
17	7403042	"C"	"A"	"GTTTCTACAGCTGCAC"	0	0	0	17	0	17	17	5.55555555555556	0	"17_7403042_C_A"
17	7403042	"C"	"A"	"CTAGAGTTCTAACCGA"	0	1	0	9	1	9	10	0	0.1	"17_7403042_C_A"
17	7403042	"C"	"A"	"GCGACCATCTGAAAGA"	0	0	0	19	0	19	19	0	0	"17_7403042_C_A"
17	7403042	"C"	"A"	"CTAGAGTAGTGCGTGA"	0	0	0	6	0	6	6	0	0	"17_7403042_C_A"
17	7403042	"C"	"A"	"GGGTTGCTCGTACGGC"	0	0	0	25	0	25	25	0	0	"17_7403042_C_A"
17	7403042	"C"	"A"	"CTTAGGATCATCTGCC"	0	0	0	7	0	7	7	0	0	"17_7403042_C_A"
17	7403042	"C"	"A"	"TGTTCCGTCAGCTGGC"	0	0	0	5	0	5	5	0	0	"17_7403042_C_A"
17	7403042	"C"	"A"	"TGTTCCGTCGTACGGC"	0	1	0	8	1	8	9	0	0.111111111111111	"17_7403042_C_A"
17	7403042	"C"	"A"	"AGCTCCTCAGTAGAGC"	0	0	0	2	0	2	2	0	0	"17_7403042_C_A"
17	7403042	"C"	"A"	"CTAGTGAGTCTGATCA"	0	0	0	5	0	5	5	0	0	"17_7403042_C_A"
17	7403042	"C"	"A"	"GTATTCTAGCAGATCG"	0	0	0	3	0	3	3	0	0	"17_7403042_C_A"
17	7403042	"C"	"A"	"GTCAAGTAGATGTGGC"	0	0	0	11	0	11	11	0	0	"17_7403042_C_A"
17	7403042	"C"	"A"	"AGAGTGGGTTGGAGGT"	0	0	0	15	0	15	15	0	0	"17_7403042_C_A"
17	7403042	"C"	"A"	"ACACTGACAAAGAATC"	0	0	0	5	0	5	5	0	0	"17_7403042_C_A"
17	7403042	"C"	"A"	"CCTCTGAGTAACGTTC"	0	0	0	4	0	4	4	0	0	"17_7403042_C_A"
17	7403042	"C"	"A"	"GTCACAAGTCATCGGC"	0	0	0	7	0	7	7	0	0	"17_7403042_C_A"
17	7403042	"C"	"A"	"CGATCGGAGGGCATGT"	0	0	0	9	0	9	9	0	0	"17_7403042_C_A"
17	7403042	"C"	"A"	"ACAGCTAAGGCTATCT"	0	0	0	3	0	3	3	0	0	"17_7403042_C_A"
17	7403042	"C"	"A"	"GGTGAAGCAATCTACG"	0	0	0	11	0	11	11	8.33333333333333	0	"17_7403042_C_A"
17	7403042	"C"	"A"	"TTAGTTCAGAGTGACC"	0	0	0	1	0	1	1	0	0	"17_7403042_C_A"
17	7403042	"C"	"A"	"TTATGCTCACTGAAGG"	0	0	0	3	0	3	3	0	0	"17_7403042_C_A"
17	7403042	"C"	"A"	"CAGGTGCAGGGTCGAT"	0	0	0	2	0	2	2	0	0	"17_7403042_C_A"
17	7403042	"C"	"A"	"GTTAAGCGTCTAGCGC"	0	0	0	6	0	6	6	0	0	"17_7403042_C_A"
17	7403042	"C"	"A"	"GTTCATTAGTGATCGG"	0	0	0	9	0	9	9	0	0	"17_7403042_C_A"
17	7403042	"C"	"A"	"GCCTCTACAGTCAGAG"	0	0	0	6	0	6	6	0	0	"17_7403042_C_A"
17	7403042	"C"	"A"	"GCCTCTAGTGAAGGCT"	0	0	0	5	0	5	5	0	0	"17_7403042_C_A"
17	7403042	"C"	"A"	"GTACTCCCAATGAAAC"	0	2	0	1	2	1	3	0	0.666666666666667	"17_7403042_C_A"
17	7403042	"C"	"A"	"GTACTCCGTCCATGAT"	0	1	0	22	1	22	23	8	0.0434782608695652	"17_7403042_C_A"
17	7403042	"C"	"A"	"GTACTCCTCTACGAGT"	0	0	0	3	0	3	3	0	0	"17_7403042_C_A"
17	7403042	"C"	"A"	"GCGACCAGTAGCTCCG"	0	0	0	1	0	1	1	0	0	"17_7403042_C_A"
17	7403042	"C"	"A"	"GGGTCTGGTAGGGTAC"	0	0	0	5	0	5	5	0	0	"17_7403042_C_A"
17	7403042	"C"	"A"	"CCTACCAAGACTTTCG"	0	0	0	3	0	3	3	0	0	"17_7403042_C_A"
17	7403042	"C"	"A"	"GTAGGCCAGTGAAGAG"	0	0	0	12	0	12	12	7.69230769230769	0	"17_7403042_C_A"
17	7403042	"C"	"A"	"TTAACTCCATTTCACT"	0	0	0	4	0	4	4	0	0	"17_7403042_C_A"
17	7403042	"C"	"A"	"ATCTGCCTCGGTGTTA"	0	0	0	15	0	15	15	6.25	0	"17_7403042_C_A"
17	7403042	"C"	"A"	"ATGAGGGCACTGCCAG"	0	2	0	10	2	10	12	0	0.166666666666667	"17_7403042_C_A"
17	7403042	"C"	"A"	"ATGAGGGGTGTGGTTT"	0	0	0	10	0	10	10	9.09090909090909	0	"17_7403042_C_A"
17	7403042	"C"	"A"	"AGCTCTCTCGCAAACT"	0	0	0	1	0	1	1	0	0	"17_7403042_C_A"
17	7403042	"C"	"A"	"GTCAAGTCATTACCTT"	0	0	0	9	0	9	9	0	0	"17_7403042_C_A"
17	7403042	"C"	"A"	"GTCACAAAGACAAGCC"	0	0	0	23	0	23	23	0	0	"17_7403042_C_A"
17	7403042	"C"	"A"	"ACACTGAAGGCGACAT"	0	0	0	36	0	36	36	0	0	"17_7403042_C_A"
17	7403042	"C"	"A"	"CGAGCCATCACAGGCC"	0	0	0	16	0	16	16	0	0	"17_7403042_C_A"
17	7403042	"C"	"A"	"CCTTACGTCCTCGCAT"	0	0	0	6	0	6	6	0	0	"17_7403042_C_A"
17	7403042	"C"	"A"	"CCTTCCCGTACTCGCG"	0	0	0	13	0	13	13	0	0	"17_7403042_C_A"
17	7403042	"C"	"A"	"ATGGGAGTCTTTAGTC"	0	0	0	5	0	5	5	0	0	"17_7403042_C_A"
17	7403042	"C"	"A"	"TTAGGCACAATAAGCA"	0	0	0	9	0	9	9	0	0	"17_7403042_C_A"
17	7403042	"C"	"A"	"CGTTAGATCTGCCCTA"	0	0	0	4	0	4	4	0	0	"17_7403042_C_A"
17	7403042	"C"	"A"	"TTAGGCATCATTGCGA"	0	0	0	9	0	9	9	0	0	"17_7403042_C_A"
17	7403042	"C"	"A"	"GGTGAAGGTCATTAGC"	0	0	0	7	0	7	7	0	0	"17_7403042_C_A"
17	7403042	"C"	"A"	"GGTGCGTAGCGTGTCC"	0	0	0	27	0	27	27	3.57142857142857	0	"17_7403042_C_A"
17	7403042	"C"	"A"	"CAGCGACAGAGATGAG"	0	2	0	26	2	26	28	0	0.0714285714285714	"17_7403042_C_A"
17	7403042	"C"	"A"	"TTATGCTGTGGTACAG"	0	0	0	13	0	13	13	0	0	"17_7403042_C_A"
17	7403042	"C"	"A"	"TTCCCAGAGCAATATG"	0	0	0	9	0	9	9	0	0	"17_7403042_C_A"
17	7403042	"C"	"A"	"GTAACTGCACATGACT"	0	0	0	52	0	52	52	0	0	"17_7403042_C_A"
17	7403042	"C"	"A"	"ATTCTACTCGAATGGG"	0	0	0	4	0	4	4	0	0	"17_7403042_C_A"
17	7403042	"C"	"A"	"TTCTACACATCGGAAG"	0	0	0	9	0	9	9	0	0	"17_7403042_C_A"
17	7403042	"C"	"A"	"GTACGTACACAGCCCA"	0	0	0	4	0	4	4	0	0	"17_7403042_C_A"
17	7403042	"C"	"A"	"GTACGTATCGGAAACG"	0	0	0	3	0	3	3	0	0	"17_7403042_C_A"
17	7403042	"C"	"A"	"GCCTCTATCACAATGC"	0	0	0	4	0	4	4	0	0	"17_7403042_C_A"
17	7403042	"C"	"A"	"GCGACCAAGCCCAACC"	0	0	0	34	0	34	34	0	0	"17_7403042_C_A"
17	7403042	"C"	"A"	"CTAGAGTAGTGATCGG"	0	0	0	4	0	4	4	0	0	"17_7403042_C_A"
17	7403042	"C"	"A"	"GGGCATCTCTTCCTTC"	0	0	0	3	0	3	3	0	0	"17_7403042_C_A"
17	7403042	"C"	"A"	"CGTCTACTCCAGTATG"	0	1	0	5	1	5	6	0	0.166666666666667	"17_7403042_C_A"
17	7403042	"C"	"A"	"CGTCTACGTGCAGACA"	0	0	0	1	0	1	1	0	0	"17_7403042_C_A"
17	7403042	"C"	"A"	"CTTGGCTCAGCCTATA"	0	0	0	3	0	3	3	0	0	"17_7403042_C_A"
17	7403042	"C"	"A"	"GTAGGCCCATCGGGTC"	0	0	0	1	0	1	1	0	0	"17_7403042_C_A"
17	7403042	"C"	"A"	"CTAGTGACACATAACC"	0	0	0	4	0	4	4	0	0	"17_7403042_C_A"
17	7403042	"C"	"A"	"AGCTCCTTCAAACGGG"	0	0	0	1	0	1	1	0	0	"17_7403042_C_A"
17	7403042	"C"	"A"	"AGCTCCTTCCAAAGTC"	0	0	0	2	0	2	2	0	0	"17_7403042_C_A"
17	7403042	"C"	"A"	"ATGAGGGTCGGTCCGA"	0	0	0	2	0	2	2	0	0	"17_7403042_C_A"
17	7403042	"C"	"A"	"ATGCGATAGACTGTAA"	0	0	0	21	0	21	21	0	0	"17_7403042_C_A"
17	7403042	"C"	"A"	"AGATCTGAGTGACATA"	0	0	0	13	0	13	13	7.14285714285714	0	"17_7403042_C_A"
17	7403042	"C"	"A"	"CCTCTGAAGTATTGGA"	0	0	0	1	0	1	1	0	0	"17_7403042_C_A"
17	7403042	"C"	"A"	"CGAGCACCAGGCAGTA"	0	0	0	5	0	5	6	0	0	"17_7403042_C_A"
17	7403042	"C"	"A"	"CTCAGAACAGCTTAAC"	0	0	0	8	0	8	8	0	0	"17_7403042_C_A"
17	7403042	"C"	"A"	"CTCAGAAGTTGAACTC"	0	0	0	1	0	1	1	0	0	"17_7403042_C_A"
17	7403042	"C"	"A"	"CTCATTAAGGTCGGAT"	0	0	0	6	0	6	6	0	0	"17_7403042_C_A"
17	7403042	"C"	"A"	"ATGGGAGTCACTTACT"	0	0	0	5	0	5	5	0	0	"17_7403042_C_A"
17	7403042	"C"	"A"	"TTAGGCACAAAGGAAG"	0	0	0	1	0	1	1	0	0	"17_7403042_C_A"
17	7403042	"C"	"A"	"GGTGAAGAGCGATGAC"	0	0	0	13	0	13	13	7.14285714285714	0	"17_7403042_C_A"
17	7403042	"C"	"A"	"GTACGTAAGTGAACGC"	0	0	0	19	0	19	19	5	0	"17_7403042_C_A"
17	7403042	"C"	"A"	"CGTTCTGAGAGCTGGT"	0	0	0	6	0	6	6	0	0	"17_7403042_C_A"
17	7403042	"C"	"A"	"CGTTCTGAGTGGAGAA"	0	0	0	7	0	7	7	0	0	"17_7403042_C_A"
17	7403042	"C"	"A"	"TTAGTTCTCCGCTGTT"	0	0	0	3	0	3	3	0	0	"17_7403042_C_A"
17	7403042	"C"	"A"	"ATGTGTGCACTTCGAA"	0	0	0	2	0	2	2	0	0	"17_7403042_C_A"
17	7403042	"C"	"A"	"GTAACGTAGAAGGTGA"	0	0	0	6	0	6	6	0	0	"17_7403042_C_A"
17	7403042	"C"	"A"	"GTAACGTCACCACCAG"	0	0	0	1	0	1	1	0	0	"17_7403042_C_A"
17	7403042	"C"	"A"	"CTAACTTTCTTATCTG"	0	0	0	6	0	6	6	0	0	"17_7403042_C_A"
17	7403042	"C"	"A"	"GTAACTGAGATCGATA"	0	0	0	1	0	1	1	0	0	"17_7403042_C_A"
17	7403042	"C"	"A"	"GTAACTGCACGAAGCA"	0	0	0	7	0	7	7	0	0	"17_7403042_C_A"
17	7403042	"C"	"A"	"TTCTACACACGCTTTC"	0	0	0	2	0	2	2	0	0	"17_7403042_C_A"
17	7403042	"C"	"A"	"CTTTGCGGTCATGCAT"	0	0	0	2	0	2	2	0	0	"17_7403042_C_A"
17	7403042	"C"	"A"	"GCGACCACAATGGACG"	0	0	0	2	0	2	2	0	0	"17_7403042_C_A"
17	7403042	"C"	"A"	"CCTACACAGAATTGTG"	0	0	0	14	0	14	14	6.66666666666667	0	"17_7403042_C_A"
17	7403042	"C"	"A"	"GGGCATCGTTCCGTCT"	0	0	0	2	0	2	2	0	0	"17_7403042_C_A"
17	7403042	"C"	"A"	"CGAGCACTCGTAGGTT"	0	0	0	12	0	12	12	7.69230769230769	0	"17_7403042_C_A"
17	7403042	"C"	"A"	"ATGGGAGGTACGAAAT"	0	0	0	6	0	6	6	0	0	"17_7403042_C_A"
17	7403042	"C"	"A"	"CCTACCACAGTCCTTC"	0	0	0	3	0	3	3	0	0	"17_7403042_C_A"
17	7403042	"C"	"A"	"CGTGTAAAGAAGGTTT"	0	0	0	35	0	35	35	2.77777777777778	0	"17_7403042_C_A"
17	7403042	"C"	"A"	"CTTTGCGAGGGTGTGT"	0	0	0	2	0	2	2	0	0	"17_7403042_C_A"
17	7403042	"C"	"A"	"CTTTGCGCAGCATGAG"	0	0	0	12	0	12	12	0	0	"17_7403042_C_A"
17	7403042	"C"	"A"	"CGTTAGATCGTTTAGG"	0	0	0	2	0	2	2	0	0	"17_7403042_C_A"
17	7403042	"C"	"A"	"GAAACTCCACAACTGT"	0	0	0	57	0	57	57	5	0	"17_7403042_C_A"
17	7403042	"C"	"A"	"CTACCCATCTAACTCT"	0	0	0	8	0	8	8	0	0	"17_7403042_C_A"
17	7403042	"C"	"A"	"CTAGTGAGTTAGTGGG"	0	0	0	1	0	1	1	0	0	"17_7403042_C_A"
17	7403042	"C"	"A"	"AGCTTGAAGCGTTCCG"	0	0	0	3	0	3	3	0	0	"17_7403042_C_A"
17	7403042	"C"	"A"	"CGAGCACCACGTGAGA"	0	0	0	1	0	1	1	0	0	"17_7403042_C_A"
17	7403042	"C"	"A"	"ACACCGGGTTTCGCTC"	0	0	0	2	0	2	2	0	0	"17_7403042_C_A"
17	7403042	"C"	"A"	"TTAGTTCTCCGGGTGT"	0	0	0	76	0	76	76	0	0	"17_7403042_C_A"
17	7403042	"C"	"A"	"CCTCTGATCTGCTTGC"	0	0	0	9	0	9	9	0	0	"17_7403042_C_A"
17	7403042	"C"	"A"	"ATGGGAGTCAACGGGA"	0	0	0	6	0	6	6	0	0	"17_7403042_C_A"
17	7403042	"C"	"A"	"GGTGAAGAGAGTACAT"	0	0	0	7	0	7	7	0	0	"17_7403042_C_A"
17	7403042	"C"	"A"	"CTACACCGTAAAGTCA"	0	0	0	7	0	7	7	0	0	"17_7403042_C_A"
17	7403042	"C"	"A"	"CTACATTAGCGATTCT"	0	0	0	4	0	4	4	0	0	"17_7403042_C_A"
17	7403042	"C"	"A"	"CTAGTGACAGTAGAGC"	0	2	0	17	2	17	19	0	0.105263157894737	"17_7403042_C_A"
17	7403042	"C"	"A"	"TGGTTAGGTCCTAGCG"	0	0	0	1	0	1	1	0	0	"17_7403042_C_A"
17	7403042	"C"	"A"	"CGTTGGGAGCTAAGAT"	0	0	0	12	0	12	12	0	0	"17_7403042_C_A"
17	7403042	"C"	"A"	"GGTGCGTGTGCACTTA"	0	0	0	5	0	5	5	0	0	"17_7403042_C_A"
17	7403042	"C"	"A"	"ATGGGAGCACGCGAAA"	0	0	0	15	0	15	15	0	0	"17_7403042_C_A"
17	7403042	"C"	"A"	"GTAACGTCATAGGATA"	0	0	0	16	0	16	16	5.88235294117647	0	"17_7403042_C_A"
17	7403042	"C"	"A"	"CTAAGACTCGGTGTCG"	0	0	0	2	0	2	2	0	0	"17_7403042_C_A"
17	7403042	"C"	"A"	"CTACACCAGTCTCGGC"	0	0	0	6	0	6	6	0	0	"17_7403042_C_A"
17	7403042	"C"	"A"	"CTACACCCACAGCGTC"	0	0	0	3	0	3	3	0	0	"17_7403042_C_A"
17	7403042	"C"	"A"	"AGCTCCTCACGGTGTC"	0	0	0	1	0	1	1	0	0	"17_7403042_C_A"
17	7403042	"C"	"A"	"CCTACCATCCACGTTC"	0	0	0	11	0	11	11	0	0	"17_7403042_C_A"
17	7403042	"C"	"A"	"TAAACCGCAAGGACAC"	0	0	0	1	0	1	1	0	0	"17_7403042_C_A"
17	7403042	"C"	"A"	"GAAATGATCGATGAGG"	0	0	0	17	0	17	17	0	0	"17_7403042_C_A"
17	7403042	"C"	"A"	"CCTAAAGTCCTGCTTG"	0	0	0	2	0	2	2	0	0	"17_7403042_C_A"
17	7403042	"C"	"A"	"CTCACACAGAGCTGCA"	0	0	0	1	0	1	1	0	0	"17_7403042_C_A"
17	7403042	"C"	"A"	"GGTGTTACACACCGCA"	0	0	0	1	0	1	1	0	0	"17_7403042_C_A"
17	7403042	"C"	"A"	"CTCAGAAAGTCTCAAC"	0	0	0	3	0	3	3	0	0	"17_7403042_C_A"
17	7403042	"C"	"A"	"CGTGAGCCACAGCCCA"	0	0	0	16	0	16	16	0	0	"17_7403042_C_A"
17	7403042	"C"	"A"	"CGTGAGCCAGCCTTTC"	0	0	0	4	0	4	4	0	0	"17_7403042_C_A"
17	7403042	"C"	"A"	"AGCTCCTCACAGCGTC"	0	0	0	7	0	7	7	0	0	"17_7403042_C_A"
17	7403042	"C"	"A"	"GGTATTGTCTGCCAGG"	0	0	0	1	0	1	1	0	0	"17_7403042_C_A"
17	7403042	"C"	"A"	"CTAGTGAAGAGGGATA"	0	0	0	8	0	8	8	0	0	"17_7403042_C_A"
17	7403042	"C"	"A"	"GTAACTGCATGCGCAC"	0	0	0	16	0	16	16	5.88235294117647	0	"17_7403042_C_A"
17	7403042	"C"	"A"	"GAACATCAGCACAGGT"	0	0	0	49	0	49	49	3.92156862745098	0	"17_7403042_C_A"
17	7403042	"C"	"A"	"CTCACACAGAGCTATA"	0	0	0	16	0	16	16	5.88235294117647	0	"17_7403042_C_A"
17	7403042	"C"	"A"	"CCTCAGTGTAGCTCCG"	0	0	0	1	0	1	1	0	0	"17_7403042_C_A"
17	7403042	"C"	"A"	"CGTTGGGGTGAAGGCT"	0	2	0	12	2	12	14	0	0.142857142857143	"17_7403042_C_A"
17	7403042	"C"	"A"	"TTAGGACCATGTCGAT"	0	0	0	9	0	9	9	10	0	"17_7403042_C_A"
17	7403042	"C"	"A"	"ATGGGAGGTCCAGTGC"	0	0	0	9	0	9	9	0	0	"17_7403042_C_A"
17	7403042	"C"	"A"	"TTAGGACGTTAGAACA"	0	0	0	9	0	9	9	0	0	"17_7403042_C_A"
17	7403042	"C"	"A"	"CGTGTAAAGAGATGAG"	0	0	0	2	0	2	2	0	0	"17_7403042_C_A"
17	7403042	"C"	"A"	"CGTCTACTCAGGCAAG"	0	0	0	3	0	3	3	0	0	"17_7403042_C_A"
17	7403042	"C"	"A"	"CGTGTCTAGAAGGTGA"	0	0	0	9	0	9	9	0	0	"17_7403042_C_A"
17	7403042	"C"	"A"	"CCTACCATCTAGAGTC"	0	0	0	2	0	2	2	0	0	"17_7403042_C_A"
17	7403042	"C"	"A"	"CGACCTTGTTCCACAA"	0	0	0	28	0	28	28	3.44827586206897	0	"17_7403042_C_A"
17	7403042	"C"	"A"	"TGGTTAGTCTGTCTAT"	0	0	0	42	0	42	42	2.32558139534884	0	"17_7403042_C_A"
17	7403042	"C"	"A"	"CGTTCTGCATTAGGCT"	0	0	0	1	0	1	1	0	0	"17_7403042_C_A"
17	7403042	"C"	"A"	"CTACATTTCCGCATCT"	0	0	0	1	0	1	1	0	0	"17_7403042_C_A"
17	7403042	"C"	"A"	"CCTCAGTCATGGTTGT"	0	2	0	78	2	78	80	4.76190476190476	0.025	"17_7403042_C_A"
17	7403042	"C"	"A"	"CTCACACCACGGTAAG"	0	0	0	6	0	6	6	0	0	"17_7403042_C_A"
17	7403042	"C"	"A"	"CGTTGGGGTGCAGACA"	0	2	0	8	2	8	10	9.09090909090909	0.2	"17_7403042_C_A"
17	7403042	"C"	"A"	"CGTGTCTGTAGCTTGT"	0	0	0	6	0	6	6	0	0	"17_7403042_C_A"
17	7403042	"C"	"A"	"CCTAAAGCATGCATGT"	0	0	0	9	0	9	9	0	0	"17_7403042_C_A"
17	7403042	"C"	"A"	"CCTATTATCTCGGACG"	0	0	0	1	0	1	1	0	0	"17_7403042_C_A"
17	7403042	"C"	"A"	"GGTATTGCAAACTGTC"	0	0	0	2	0	2	2	0	0	"17_7403042_C_A"
17	7403042	"C"	"A"	"CGACCTTTCGCGCCAA"	0	0	0	4	0	4	4	0	0	"17_7403042_C_A"
17	7403042	"C"	"A"	"TTAGGACCACGGCGTT"	0	0	0	8	0	8	8	0	0	"17_7403042_C_A"
17	7403042	"C"	"A"	"CGTTAGAAGCCCAATT"	0	0	0	8	0	8	8	0	0	"17_7403042_C_A"
17	7403042	"C"	"A"	"CGTTGGGAGGTGATTA"	0	0	0	28	0	28	28	0	0	"17_7403042_C_A"
17	7403042	"C"	"A"	"GAAACTCCAGCTGCTG"	0	0	0	2	0	2	2	0	0	"17_7403042_C_A"
17	7403042	"C"	"A"	"CGACTTCAGCGCTTAT"	0	0	0	9	0	9	9	0	0	"17_7403042_C_A"
17	7403042	"C"	"A"	"CGTCTACTCAAGGTAA"	0	0	0	3	0	3	3	0	0	"17_7403042_C_A"
17	7403042	"C"	"A"	"CGTGTCTGTGCGCTTG"	0	0	0	2	0	2	2	0	0	"17_7403042_C_A"
17	7403042	"C"	"A"	"CTACCCACAAACCCAT"	0	0	0	2	0	2	2	0	0	"17_7403042_C_A"
17	7403042	"C"	"A"	"CGTTGGGGTCACCCAG"	0	0	0	5	0	5	5	0	0	"17_7403042_C_A"
17	7403042	"C"	"A"	"CGACTTCTCGAATGCT"	0	0	0	16	0	16	16	0	0	"17_7403042_C_A"
17	7403042	"C"	"A"	"CGTTAGAGTCATATCG"	0	0	0	3	0	3	3	0	0	"17_7403042_C_A"
17	7403042	"C"	"A"	"GGTATTGGTTAGTGGG"	0	0	0	5	0	5	5	0	0	"17_7403042_C_A"
17	7403042	"C"	"A"	"CCTATTAAGCGCTCCA"	0	0	0	18	0	18	18	5.26315789473684	0	"17_7403042_C_A"
17	7403042	"C"	"A"	"TTAACTCGTACACCGC"	0	0	0	2	0	2	2	0	0	"17_7403042_C_A"
17	7403042	"C"	"A"	"TTAACTCGTCTGATTG"	0	0	0	2	0	2	2	0	0	"17_7403042_C_A"
17	7403042	"C"	"A"	"ATGCGATCAGTGGAGT"	0	0	0	2	0	2	2	0	0	"17_7403042_C_A"
17	7403042	"C"	"A"	"CTAACTTAGAGTAAGG"	0	0	0	2	0	2	2	0	0	"17_7403042_C_A"
17	7403042	"C"	"A"	"CGTGTAAAGTAAGTAC"	0	0	0	1	0	1	1	0	0	"17_7403042_C_A"
17	7403042	"C"	"A"	"CCTATTATCATGCATG"	0	0	0	3	0	3	3	0	0	"17_7403042_C_A"
17	7403042	"C"	"A"	"CGAGAAGCACGCATCG"	0	2	0	6	2	6	8	0	0.25	"17_7403042_C_A"
17	7403042	"C"	"A"	"GGTATTGGTTGCGCAC"	0	0	0	13	0	13	13	0	0	"17_7403042_C_A"
17	7403042	"C"	"A"	"TTAACTCGTGGTTTCA"	0	0	0	3	0	3	3	0	0	"17_7403042_C_A"
17	7403042	"C"	"A"	"ACACCGGAGAGCTTCT"	0	0	0	11	0	11	11	8.33333333333333	0	"17_7403042_C_A"
17	7403042	"C"	"A"	"ACACCGGCACGTGAGA"	0	0	0	4	0	4	4	0	0	"17_7403042_C_A"
17	7403042	"C"	"A"	"TTAACTCTCAGCTCGG"	0	0	0	1	0	1	1	0	0	"17_7403042_C_A"
17	7403042	"C"	"A"	"CGTGTAAGTATGAAAC"	0	0	0	1	0	1	1	0	0	"17_7403042_C_A"
2	119372409	"G"	"A"	"AACTTTCCAAGTTAAG"	0	0	8	0	0	8	8	0	0	"2_119372409_G_A"
2	119372409	"G"	"A"	"AACTGGTGTCGGGTCT"	0	0	3	0	0	3	3	0	0	"2_119372409_G_A"
2	119372409	"G"	"A"	"AACTGGTTCTGAGTGT"	0	0	1	0	0	1	1	0	0	"2_119372409_G_A"
2	119372409	"G"	"A"	"AGGTCATAGGGCACTA"	0	0	7	0	0	7	7	0	0	"2_119372409_G_A"
2	119372409	"G"	"A"	"CGAACATCATCAGTCA"	0	0	5	0	0	5	5	0	0	"2_119372409_G_A"
2	119372409	"G"	"A"	"CGAACATTCTTGCCGT"	0	0	71	0	0	71	71	0	0	"2_119372409_G_A"
2	119372409	"G"	"A"	"AGGTCATAGTGCCATT"	0	0	4	0	0	4	4	0	0	"2_119372409_G_A"
2	119372409	"G"	"A"	"TACCTTACACCGTTGG"	0	0	16	0	0	16	16	0	0	"2_119372409_G_A"
2	119372409	"G"	"A"	"GGACAGACATCCAACA"	0	0	22	0	0	22	22	0	0	"2_119372409_G_A"
2	119372409	"G"	"A"	"AGGGTGATCTCAACTT"	0	0	19	0	0	19	19	9.52380952380952	0	"2_119372409_G_A"
2	119372409	"G"	"A"	"AAGTCTGGTCATATCG"	0	0	1	0	0	1	1	0	0	"2_119372409_G_A"
2	119372409	"G"	"A"	"AAGTCTGGTGTGGCTC"	0	0	29	0	0	29	29	0	0	"2_119372409_G_A"
2	119372409	"G"	"A"	"AACTGGTTCTTGGGTA"	1	0	490	0	1	490	492	0	0.0020366598778004	"2_119372409_G_A"
2	119372409	"G"	"A"	"CGTGTAAGTATGAAAC"	0	0	5	0	0	5	5	0	0	"2_119372409_G_A"
2	119372409	"G"	"A"	"CGAACATGTCTAAACC"	0	0	5	0	0	5	5	0	0	"2_119372409_G_A"
2	119372409	"G"	"A"	"TACCTTATCTGTCTCG"	0	0	285	0	0	285	285	0.34965034965035	0	"2_119372409_G_A"
2	119372409	"G"	"A"	"CCTAAAGTCCTGCTTG"	0	0	7	0	0	7	7	0	0	"2_119372409_G_A"
2	119372409	"G"	"A"	"CCTACACAGAATTGTG"	0	0	175	0	0	175	177	0.561797752808989	0	"2_119372409_G_A"
2	119372409	"G"	"A"	"CCTACACCATGCTAGT"	0	0	104	0	0	104	104	0	0	"2_119372409_G_A"
2	119372409	"G"	"A"	"CGAATGTAGCAGGCTA"	0	0	1	0	0	1	1	0	0	"2_119372409_G_A"
2	119372409	"G"	"A"	"CGAACATAGTTCCACA"	0	0	7	0	0	7	7	0	0	"2_119372409_G_A"
2	119372409	"G"	"A"	"TACCTATCACGGATAG"	0	0	10	0	0	10	10	0	0	"2_119372409_G_A"
2	119372409	"G"	"A"	"TACCTATCACATGGGA"	0	0	2	0	0	2	2	0	0	"2_119372409_G_A"
2	119372409	"G"	"A"	"TTTGTCACATACGCTA"	0	0	50	0	0	50	50	0	0	"2_119372409_G_A"
2	119372409	"G"	"A"	"CCGTGGATCGAGGTAG"	0	0	20	0	0	20	20	0	0	"2_119372409_G_A"
2	119372409	"G"	"A"	"CCGTTCAAGTTGTAGA"	12	0	155	0	12	155	168	0	0.0718562874251497	"2_119372409_G_A"
2	119372409	"G"	"A"	"CCGTTCATCATGTCCC"	0	0	10	0	0	10	10	0	0	"2_119372409_G_A"
2	119372409	"G"	"A"	"CCGTTCATCGAGCCCA"	0	0	12	0	0	12	12	0	0	"2_119372409_G_A"
2	119372409	"G"	"A"	"CCTTCCCGTTATTCTC"	0	0	16	0	0	16	16	0	0	"2_119372409_G_A"
2	119372409	"G"	"A"	"AGCGTATAGAGGTTGC"	0	0	1	0	0	1	1	0	0	"2_119372409_G_A"
2	119372409	"G"	"A"	"GATGCTACACTTCTGC"	0	0	1	0	0	1	1	0	0	"2_119372409_G_A"
2	119372409	"G"	"A"	"CGAATGTAGCACGCCT"	1	0	147	0	1	147	148	0	0.0067567567567567	"2_119372409_G_A"
2	119372409	"G"	"A"	"CCTAAAGGTCTGGAGA"	0	0	8	0	0	8	8	0	0	"2_119372409_G_A"
2	119372409	"G"	"A"	"TTGTAGGTCCTGTAGA"	0	0	19	0	0	19	19	0	0	"2_119372409_G_A"
2	119372409	"G"	"A"	"CGAATGTGTCTGGTCG"	2	0	28	0	2	28	30	0	0.0666666666666667	"2_119372409_G_A"
2	119372409	"G"	"A"	"CCTACCAAGACTTTCG"	0	0	177	0	0	177	178	0	0	"2_119372409_G_A"
2	119372409	"G"	"A"	"TACCTATTCCTCGCAT"	0	0	6	0	0	6	6	0	0	"2_119372409_G_A"
2	119372409	"G"	"A"	"CCTACCACAGTCCTTC"	0	0	8	0	0	8	8	0	0	"2_119372409_G_A"
2	119372409	"G"	"A"	"CCTACCAGTCCGAATT"	0	0	5	0	0	5	5	0	0	"2_119372409_G_A"
2	119372409	"G"	"A"	"CCTACCATCGGTGTCG"	0	0	25	0	0	25	25	0	0	"2_119372409_G_A"
2	119372409	"G"	"A"	"CCTACCATCTAGAGTC"	0	0	18	0	0	18	18	0	0	"2_119372409_G_A"
2	119372409	"G"	"A"	"TACCTTACATCGGTTA"	0	0	3	0	0	3	3	0	0	"2_119372409_G_A"
2	119372409	"G"	"A"	"GGACAGAGTCATTAGC"	0	0	3	0	0	3	3	0	0	"2_119372409_G_A"
2	119372409	"G"	"A"	"GATGAGGTCAGCGATT"	0	0	3	0	0	3	3	0	0	"2_119372409_G_A"
2	119372409	"G"	"A"	"TTGTAGGGTCATGCCG"	0	0	210	0	0	210	210	0.4739336492891	0	"2_119372409_G_A"
2	119372409	"G"	"A"	"GGACGTCTCGTCCGTT"	0	0	14	0	0	14	14	0	0	"2_119372409_G_A"
2	119372409	"G"	"A"	"AGGTCATCAGGGTACA"	0	0	12	0	0	12	12	0	0	"2_119372409_G_A"
2	119372409	"G"	"A"	"CCTCTGAAGCGCCTCA"	0	0	2	0	0	2	2	0	0	"2_119372409_G_A"
2	119372409	"G"	"A"	"TTTGTCAAGTAGCGGT"	0	0	145	0	0	145	145	0	0	"2_119372409_G_A"
2	119372409	"G"	"A"	"CGAATGTGTAGGCATG"	0	0	3	0	0	3	3	0	0	"2_119372409_G_A"
2	119372409	"G"	"A"	"TTTGTCAAGTACACCT"	0	0	1	0	0	1	1	0	0	"2_119372409_G_A"
2	119372409	"G"	"A"	"TTTGTCAGTCAATGTC"	0	0	16	0	0	16	16	0	0	"2_119372409_G_A"
2	119372409	"G"	"A"	"TTTGTCATCCGGCACA"	0	0	4	0	0	4	4	0	0	"2_119372409_G_A"
2	119372409	"G"	"A"	"CCTCTGAGTAACGTTC"	0	0	2	0	0	2	2	0	0	"2_119372409_G_A"
2	119372409	"G"	"A"	"CCTCTGATCTGCTTGC"	0	0	8	0	0	8	8	0	0	"2_119372409_G_A"
2	119372409	"G"	"A"	"CCTTACGAGGCGTACA"	0	0	18	0	0	18	19	0	0	"2_119372409_G_A"
2	119372409	"G"	"A"	"GGACAGATCCAGTAGT"	0	0	1	0	0	1	1	0	0	"2_119372409_G_A"
2	119372409	"G"	"A"	"CCTTTCTCATTCCTGC"	0	0	29	0	0	29	29	0	0	"2_119372409_G_A"
2	119372409	"G"	"A"	"CCTTTCTCACAGCGTC"	0	0	6	0	0	6	6	0	0	"2_119372409_G_A"
2	119372409	"G"	"A"	"GATGAGGCACTTAAGC"	0	0	19	0	0	19	19	0	0	"2_119372409_G_A"
2	119372409	"G"	"A"	"TTGTAGGTCTCGTATT"	0	0	59	0	0	59	59	0	0	"2_119372409_G_A"
2	119372409	"G"	"A"	"GATTCAGAGCTGCGAA"	0	0	86	0	0	86	86	0	0	"2_119372409_G_A"
2	119372409	"G"	"A"	"TTTGTCAAGGAATGGA"	0	0	24	0	0	24	24	0	0	"2_119372409_G_A"
2	119372409	"G"	"A"	"AGGGTGACAAACTGCT"	1	0	62	0	1	62	63	0	0.0158730158730159	"2_119372409_G_A"
2	119372409	"G"	"A"	"AACTGGTAGCGCCTCA"	0	0	233	0	0	233	234	0	0	"2_119372409_G_A"
2	119372409	"G"	"A"	"CGTGTAAAGCGACGTA"	0	0	26	0	0	26	26	0	0	"2_119372409_G_A"
2	119372409	"G"	"A"	"CGTGTAAAGTAAGTAC"	0	0	2	0	0	2	2	0	0	"2_119372409_G_A"
2	119372409	"G"	"A"	"CGTGTAACACGTTGGC"	0	0	1	0	0	1	1	0	0	"2_119372409_G_A"
2	119372409	"G"	"A"	"GGACAGAGTATCGCAT"	0	0	1	0	0	1	1	0	0	"2_119372409_G_A"
2	119372409	"G"	"A"	"CCTTCGATCGCAGGCT"	0	0	13	0	0	13	13	0	0	"2_119372409_G_A"
2	119372409	"G"	"A"	"AGCGTATGTGTTCTTT"	0	0	24	0	0	24	24	0	0	"2_119372409_G_A"
2	119372409	"G"	"A"	"ACGAGGATCGTTTGCC"	5	0	61	0	5	61	67	0	0.0757575757575758	"2_119372409_G_A"
2	119372409	"G"	"A"	"AGGTCATCATGTTGAC"	0	0	62	0	0	62	62	0	0	"2_119372409_G_A"
2	119372409	"G"	"A"	"CCTCAGTTCTCTTGAT"	0	0	9	0	0	9	9	0	0	"2_119372409_G_A"
2	119372409	"G"	"A"	"GATGAGGGTTGCGTTA"	0	0	78	0	0	78	78	0	0	"2_119372409_G_A"
2	119372409	"G"	"A"	"ACGATACTCATAGCAC"	0	0	10	0	0	10	10	0	0	"2_119372409_G_A"
2	119372409	"G"	"A"	"GATTCAGTCAGTTAGC"	0	0	9	0	0	9	9	0	0	"2_119372409_G_A"
2	119372409	"G"	"A"	"GCAAACTAGGGAACGG"	0	0	5	0	0	5	5	0	0	"2_119372409_G_A"
2	119372409	"G"	"A"	"CGAATGTTCAGTCAGT"	0	0	1	0	0	1	1	0	0	"2_119372409_G_A"
2	119372409	"G"	"A"	"CCTACCATCCACGTTC"	0	0	33	0	0	33	33	0	0	"2_119372409_G_A"
2	119372409	"G"	"A"	"CCTAGCTAGGTCATCT"	0	0	4	0	0	4	4	0	0	"2_119372409_G_A"
2	119372409	"G"	"A"	"TTGTAGGGTAGCAAAT"	1	0	256	0	1	256	257	0.387596899224806	0.0038910505836575	"2_119372409_G_A"
2	119372409	"G"	"A"	"CCTAAAGCATGCATGT"	0	0	6	0	0	6	6	0	0	"2_119372409_G_A"
2	119372409	"G"	"A"	"CCTATTAAGAATTGTG"	0	0	6	0	0	6	6	0	0	"2_119372409_G_A"
2	119372409	"G"	"A"	"CCTATTAAGCGCTCCA"	0	0	39	0	0	39	39	2.5	0	"2_119372409_G_A"
2	119372409	"G"	"A"	"ACGATACAGGTAGCTG"	0	0	278	0	0	278	278	0.714285714285714	0	"2_119372409_G_A"
2	119372409	"G"	"A"	"ACGATACCAATCGAAA"	0	0	137	0	0	137	139	0	0	"2_119372409_G_A"
2	119372409	"G"	"A"	"ACGATACGTAGGGACT"	0	0	30	0	0	30	30	0	0	"2_119372409_G_A"
2	119372409	"G"	"A"	"GAGTCCGGTTCAGACT"	0	0	5	0	0	5	5	0	0	"2_119372409_G_A"
2	119372409	"G"	"A"	"GAGTCCGTCGGAATCT"	0	0	23	0	0	23	23	0	0	"2_119372409_G_A"
2	119372409	"G"	"A"	"GATCGATTCATAACCG"	0	0	1	0	0	1	1	0	0	"2_119372409_G_A"
2	119372409	"G"	"A"	"GATCGATTCATGTGGT"	1	0	147	0	1	147	148	0	0.0067567567567567	"2_119372409_G_A"
2	119372409	"G"	"A"	"GATCGATTCTCCAACC"	0	0	1	0	0	1	1	0	0	"2_119372409_G_A"
2	119372409	"G"	"A"	"GATCGATTCTGGAGCC"	0	0	3	0	0	3	3	0	0	"2_119372409_G_A"
2	119372409	"G"	"A"	"GATCGCGGTGAGGGTT"	0	0	23	0	0	23	23	0	0	"2_119372409_G_A"
2	119372409	"G"	"A"	"CCTTCCCGTACTCGCG"	0	0	8	0	0	8	8	0	0	"2_119372409_G_A"
2	119372409	"G"	"A"	"CCTTCGATCATGTGGT"	1	0	4	0	1	4	5	0	0.2	"2_119372409_G_A"
2	119372409	"G"	"A"	"CCTTTCTAGCTAGGCA"	0	0	29	0	0	29	29	0	0	"2_119372409_G_A"
2	119372409	"G"	"A"	"CCTTTCTCACATTCGA"	0	0	14	0	0	14	14	0	0	"2_119372409_G_A"
2	119372409	"G"	"A"	"GATGAGGGTCTCTCTG"	0	0	22	0	0	22	22	0	0	"2_119372409_G_A"
2	119372409	"G"	"A"	"CCTCAGTAGGCTAGAC"	0	0	8	0	0	8	8	0	0	"2_119372409_G_A"
2	119372409	"G"	"A"	"AGGGTGATCAGCGACC"	1	0	72	0	1	72	73	0	0.0136986301369863	"2_119372409_G_A"
2	119372409	"G"	"A"	"TACCTATAGGTGTGGT"	0	0	7	0	0	7	7	0	0	"2_119372409_G_A"
2	119372409	"G"	"A"	"CCGTGGACATGAACCT"	0	0	6	0	0	6	6	0	0	"2_119372409_G_A"
2	119372409	"G"	"A"	"CCGTGGAGTAAACCTC"	0	0	41	0	0	41	41	0	0	"2_119372409_G_A"
2	119372409	"G"	"A"	"CCGTGGATCCTTGGTC"	0	0	20	0	0	20	20	0	0	"2_119372409_G_A"
2	119372409	"G"	"A"	"TTGTAGGAGATGTCGG"	0	0	2	0	0	2	2	0	0	"2_119372409_G_A"
2	119372409	"G"	"A"	"ACGGCCACACAGCGTC"	0	0	4	0	0	4	4	0	0	"2_119372409_G_A"
2	119372409	"G"	"A"	"CGTGTAATCTCCGGTT"	0	0	11	0	0	11	12	0	0	"2_119372409_G_A"
2	119372409	"G"	"A"	"AACTTTCGTATGAATG"	0	0	6	0	0	6	6	0	0	"2_119372409_G_A"
2	119372409	"G"	"A"	"ACGAGGAGTTCTGTTT"	0	0	18	0	0	18	18	0	0	"2_119372409_G_A"
2	119372409	"G"	"A"	"AACTTTCTCCGAAGAG"	0	0	5	0	0	5	5	0	0	"2_119372409_G_A"
2	119372409	"G"	"A"	"AACTTTCTCTGAAAGA"	0	0	5	0	0	5	5	0	0	"2_119372409_G_A"
2	119372409	"G"	"A"	"CCTTTCTTCGATCCCT"	0	0	6	0	0	6	6	0	0	"2_119372409_G_A"
2	119372409	"G"	"A"	"GGAGCAAAGGGATGGG"	0	0	12	0	0	12	12	0	0	"2_119372409_G_A"
2	119372409	"G"	"A"	"GGAGCAACAGTCTTCC"	0	0	21	0	0	21	21	0	0	"2_119372409_G_A"
2	119372409	"G"	"A"	"TTTACTGAGCTAGTGG"	0	0	45	0	0	45	45	0	0	"2_119372409_G_A"
2	119372409	"G"	"A"	"TTTACTGCACAACGTT"	0	0	4	0	0	4	4	0	0	"2_119372409_G_A"
2	119372409	"G"	"A"	"TTTACTGCACGAAAGC"	0	0	13	0	0	13	13	0	0	"2_119372409_G_A"
2	119372409	"G"	"A"	"CGAATGTTCGTACCGG"	0	0	8	0	0	8	8	0	0	"2_119372409_G_A"
2	119372409	"G"	"A"	"TTTCCTCGTAAACGCG"	0	0	14	0	0	14	14	0	0	"2_119372409_G_A"
2	119372409	"G"	"A"	"CCTAGCTTCTCAAGTG"	0	0	16	0	0	16	16	0	0	"2_119372409_G_A"
2	119372409	"G"	"A"	"CCTATTAAGAAGCCCA"	0	0	55	0	0	55	55	0	0	"2_119372409_G_A"
2	119372409	"G"	"A"	"TTTGCGCAGGATTCGG"	0	0	50	0	0	50	51	0	0	"2_119372409_G_A"
2	119372409	"G"	"A"	"TTTGGTTAGACTAGAT"	1	0	7	0	1	7	9	0	0.125	"2_119372409_G_A"
2	119372409	"G"	"A"	"TTTGGTTTCAAGATCC"	0	0	1	0	0	1	1	0	0	"2_119372409_G_A"
2	119372409	"G"	"A"	"GGAGCAAAGCTAACTC"	0	0	3	0	0	3	3	0	0	"2_119372409_G_A"
2	119372409	"G"	"A"	"TTTGTCAAGAGAACAG"	0	0	111	0	0	111	112	0	0	"2_119372409_G_A"
2	119372409	"G"	"A"	"AACCATGCAAGCTGAG"	0	0	3	0	0	3	3	0	0	"2_119372409_G_A"
2	119372409	"G"	"A"	"AGCTCTCCAGGAATGC"	0	0	3	0	0	3	3	0	0	"2_119372409_G_A"
2	119372409	"G"	"A"	"GATCAGTGTTGTACAC"	0	0	2	0	0	2	2	0	0	"2_119372409_G_A"
2	119372409	"G"	"A"	"GATCAGTTCACCTCGT"	0	0	5	0	0	5	5	0	0	"2_119372409_G_A"
2	119372409	"G"	"A"	"GATCGATAGGGATCTG"	0	0	11	0	0	11	11	0	0	"2_119372409_G_A"
2	119372409	"G"	"A"	"GATCGATCATTAGCCA"	0	0	6	0	0	6	6	0	0	"2_119372409_G_A"
2	119372409	"G"	"A"	"GATCGATGTTATCCGA"	0	0	30	0	0	30	30	0	0	"2_119372409_G_A"
2	119372409	"G"	"A"	"CCTTACGTCACGACTA"	0	0	120	0	0	120	120	0.826446280991736	0	"2_119372409_G_A"
2	119372409	"G"	"A"	"GATCTAGCATATGCTG"	0	0	9	0	0	9	9	0	0	"2_119372409_G_A"
2	119372409	"G"	"A"	"GATCTAGGTACCGTTA"	0	0	114	0	0	114	114	0	0	"2_119372409_G_A"
2	119372409	"G"	"A"	"GATGAAACATAGGATA"	0	0	26	0	0	26	26	0	0	"2_119372409_G_A"
2	119372409	"G"	"A"	"GATGAAATCTTATCTG"	0	0	8	0	0	8	8	0	0	"2_119372409_G_A"
2	119372409	"G"	"A"	"GATGAGGCAAAGAATC"	0	0	93	0	0	93	93	0	0	"2_119372409_G_A"
2	119372409	"G"	"A"	"AGGGTGAAGTTGAGTA"	0	0	5	0	0	5	5	0	0	"2_119372409_G_A"
2	119372409	"G"	"A"	"TACAGTGGTGACGGTA"	0	0	9	0	0	9	9	0	0	"2_119372409_G_A"
2	119372409	"G"	"A"	"AACTCTTTCTCGATGA"	0	0	8	0	0	8	8	0	0	"2_119372409_G_A"
2	119372409	"G"	"A"	"TACAGTGGTACTCAAC"	0	0	8	0	0	8	8	0	0	"2_119372409_G_A"
2	119372409	"G"	"A"	"ACGCCGATCAGCAACT"	0	0	13	0	0	13	13	0	0	"2_119372409_G_A"
2	119372409	"G"	"A"	"ACGGAGAGTGGTGTAG"	0	0	21	0	0	21	21	0	0	"2_119372409_G_A"
2	119372409	"G"	"A"	"TTGTAGGAGTTAACGA"	0	0	10	0	0	10	10	0	0	"2_119372409_G_A"
2	119372409	"G"	"A"	"TTGTAGGCAAATTGCC"	0	0	3	0	0	3	3	0	0	"2_119372409_G_A"
2	119372409	"G"	"A"	"AGCGGTCGTTAGGGTG"	0	0	3	0	0	3	3	0	0	"2_119372409_G_A"
2	119372409	"G"	"A"	"AACTTTCGTTAAGGGC"	0	0	8	0	0	8	8	0	0	"2_119372409_G_A"
2	119372409	"G"	"A"	"GACTAACAGCCGCCTA"	0	0	24	0	0	24	24	0	0	"2_119372409_G_A"
2	119372409	"G"	"A"	"GACTAACAGGGTTTCT"	0	0	70	0	0	70	70	0	0	"2_119372409_G_A"
2	119372409	"G"	"A"	"GACTAACCAGCTGTGC"	0	0	5	0	0	5	5	0	0	"2_119372409_G_A"
2	119372409	"G"	"A"	"AGCGTCGAGAGAGCTC"	2	0	60	0	2	60	62	0	0.032258064516129	"2_119372409_G_A"
2	119372409	"G"	"A"	"AGCGTCGCATTAGCCA"	0	0	1	0	0	1	1	0	0	"2_119372409_G_A"
2	119372409	"G"	"A"	"GATTCAGTCACTCCTG"	0	0	3	0	0	3	3	0	0	"2_119372409_G_A"
2	119372409	"G"	"A"	"AAGCCGCTCCACGACG"	5	0	55	0	5	55	60	0	0.0833333333333333	"2_119372409_G_A"
2	119372409	"G"	"A"	"AAGGAGCGTCAGATAA"	0	0	134	0	0	134	136	0	0	"2_119372409_G_A"
2	119372409	"G"	"A"	"TTTACTGCATGGTCTA"	0	0	16	0	0	16	16	0	0	"2_119372409_G_A"
2	119372409	"G"	"A"	"CCTACCAGTTCCACTC"	0	0	11	0	0	11	11	0	0	"2_119372409_G_A"
2	119372409	"G"	"A"	"TTTCCTCGTAGTACCT"	1	0	129	0	1	129	131	0	0.0076923076923076	"2_119372409_G_A"
2	119372409	"G"	"A"	"TTTCCTCTCGCATGGC"	0	0	36	0	0	36	36	0	0	"2_119372409_G_A"
2	119372409	"G"	"A"	"GAGGTGAGTGTTCGAT"	0	0	39	0	0	39	39	0	0	"2_119372409_G_A"
2	119372409	"G"	"A"	"GAGGTGATCATTGCGA"	0	0	50	0	0	50	50	0	0	"2_119372409_G_A"
2	119372409	"G"	"A"	"GAGTCCGAGTGGAGTC"	0	0	22	0	0	22	22	0	0	"2_119372409_G_A"
2	119372409	"G"	"A"	"CCTCAGTCATGGTTGT"	4	0	1793	0	4	1793	1803	0.33167495854063	0.0022259321090706	"2_119372409_G_A"
2	119372409	"G"	"A"	"AGCTCTCAGCCACCTG"	0	0	1	0	0	1	1	0	0	"2_119372409_G_A"
2	119372409	"G"	"A"	"GCACATATCTCAACTT"	0	0	44	0	0	44	45	0	0	"2_119372409_G_A"
2	119372409	"G"	"A"	"GCACTCTAGCTGAACG"	0	0	1	0	0	1	1	0	0	"2_119372409_G_A"
2	119372409	"G"	"A"	"AGCTCTCGTAGCGCAA"	0	0	4	0	0	4	4	0	0	"2_119372409_G_A"
2	119372409	"G"	"A"	"AGCTCTCTCGCAAACT"	0	0	6	0	0	6	6	0	0	"2_119372409_G_A"
2	119372409	"G"	"A"	"CCCTCCTAGCTAGTCT"	0	0	272	0	0	272	272	0	0	"2_119372409_G_A"
2	119372409	"G"	"A"	"AGCTTGACATGGGAAC"	0	0	35	0	0	35	35	0	0	"2_119372409_G_A"
2	119372409	"G"	"A"	"AGCTTGATCGGAGCAA"	0	0	13	0	0	13	13	0	0	"2_119372409_G_A"
2	119372409	"G"	"A"	"GATCGCGGTTCCAACA"	0	0	103	0	0	103	104	0	0	"2_119372409_G_A"
2	119372409	"G"	"A"	"GATCGTACAGACAAAT"	0	0	32	0	0	32	32	0	0	"2_119372409_G_A"
2	119372409	"G"	"A"	"GATCGTATCGGAATCT"	1	0	38	0	1	38	39	0	0.0256410256410256	"2_119372409_G_A"
2	119372409	"G"	"A"	"CCTTCGATCGAACGGA"	1	0	51	0	1	51	53	0	0.0192307692307692	"2_119372409_G_A"
2	119372409	"G"	"A"	"GATGAAAGTCTTCGTC"	0	0	34	0	0	34	34	0	0	"2_119372409_G_A"
2	119372409	"G"	"A"	"AGGGTGAAGTATCTCG"	0	0	7	0	0	7	7	0	0	"2_119372409_G_A"
2	119372409	"G"	"A"	"TACCTATAGCAGATCG"	0	0	1	0	0	1	1	0	0	"2_119372409_G_A"
2	119372409	"G"	"A"	"AGGGATGAGGCAATTA"	0	0	7	0	0	7	7	0	0	"2_119372409_G_A"
2	119372409	"G"	"A"	"TTGCGTCAGATGTAAC"	0	0	3	0	0	3	3	0	0	"2_119372409_G_A"
2	119372409	"G"	"A"	"TTGCGTCGTAAATACG"	0	0	15	0	0	15	15	0	0	"2_119372409_G_A"
2	119372409	"G"	"A"	"TTGGCAAAGGATCGCA"	0	0	4	0	0	4	4	0	0	"2_119372409_G_A"
2	119372409	"G"	"A"	"TTGGCAAAGGGCATGT"	0	0	9	0	0	9	9	0	0	"2_119372409_G_A"
2	119372409	"G"	"A"	"ACGGCCAAGTTCGATC"	0	0	23	0	0	23	23	0	0	"2_119372409_G_A"
2	119372409	"G"	"A"	"GGACAAGGTGGTGTAG"	0	0	8	0	0	8	8	0	0	"2_119372409_G_A"
2	119372409	"G"	"A"	"ACGGCCACATCACAAC"	0	0	476	0	0	476	476	0	0	"2_119372409_G_A"
2	119372409	"G"	"A"	"AGCGGTCGTTTGGGCC"	0	0	33	0	0	33	33	0	0	"2_119372409_G_A"
2	119372409	"G"	"A"	"ACGGCCATCACGCATA"	0	0	4	0	0	4	4	0	0	"2_119372409_G_A"
2	119372409	"G"	"A"	"ACGGGCTCATGGAATA"	0	0	8	0	0	8	8	0	0	"2_119372409_G_A"
2	119372409	"G"	"A"	"ACGGGCTGTTCCAACA"	0	0	4	0	0	4	4	0	0	"2_119372409_G_A"
2	119372409	"G"	"A"	"AAGACCTAGGAATTAC"	0	0	14	0	0	14	14	0	0	"2_119372409_G_A"
2	119372409	"G"	"A"	"TACGGATAGACTCGGA"	0	0	12	0	0	12	12	0	0	"2_119372409_G_A"
2	119372409	"G"	"A"	"AGCTCCTAGAGGTAGA"	0	0	7	0	0	7	7	0	0	"2_119372409_G_A"
2	119372409	"G"	"A"	"AGCTCCTAGCTTCGCG"	0	0	98	0	0	98	99	0	0	"2_119372409_G_A"
2	119372409	"G"	"A"	"AGCTCCTCAAATACAG"	0	0	96	0	0	96	96	2.04081632653061	0	"2_119372409_G_A"
2	119372409	"G"	"A"	"AAGGTTCAGCCAGTTT"	8	0	0	0	8	0	8	0	1	"2_119372409_G_A"
2	119372409	"G"	"A"	"AAGGTTCAGGATATAC"	0	0	107	0	0	107	107	0	0	"2_119372409_G_A"
2	119372409	"G"	"A"	"CCTACCATCATCTGCC"	0	0	4	0	0	4	4	0	0	"2_119372409_G_A"
2	119372409	"G"	"A"	"TTTCCTCCAAGAGGCT"	0	0	10	0	0	10	10	0	0	"2_119372409_G_A"
2	119372409	"G"	"A"	"TTTATGCAGGCATGGT"	0	0	2	0	0	2	2	0	0	"2_119372409_G_A"
2	119372409	"G"	"A"	"GAGGTGAAGCGGCTTC"	3	0	342	0	3	342	345	0	0.008695652173913	"2_119372409_G_A"
2	119372409	"G"	"A"	"AGCTCCTTCCAAAGTC"	0	0	20	0	0	20	21	0	0	"2_119372409_G_A"
2	119372409	"G"	"A"	"CCTATTATCATGCATG"	0	0	9	0	0	9	9	0	0	"2_119372409_G_A"
2	119372409	"G"	"A"	"AACACGTCATACGCTA"	0	0	85	0	0	85	85	0	0	"2_119372409_G_A"
2	119372409	"G"	"A"	"CGCTATCGTTCGCTAA"	0	0	3	0	0	3	3	0	0	"2_119372409_G_A"
2	119372409	"G"	"A"	"CGCTATCTCCACTGGG"	0	0	41	0	0	41	41	0	0	"2_119372409_G_A"
2	119372409	"G"	"A"	"GCACTCTCAACTTGAC"	0	0	4	0	0	4	4	0	0	"2_119372409_G_A"
2	119372409	"G"	"A"	"CCCATACTCTTAGAGC"	1	0	51	0	1	51	52	0	0.0192307692307692	"2_119372409_G_A"
2	119372409	"G"	"A"	"AGCTTGACATGACATC"	0	0	29	0	0	29	29	0	0	"2_119372409_G_A"
2	119372409	"G"	"A"	"CGCTGGATCCGCAAGC"	0	0	6	0	0	6	6	0	0	"2_119372409_G_A"
2	119372409	"G"	"A"	"CGCTTCATCACTTACT"	0	0	11	0	0	11	11	0	0	"2_119372409_G_A"
2	119372409	"G"	"A"	"AGGCCACGTAGCTTGT"	0	0	42	0	0	42	42	0	0	"2_119372409_G_A"
2	119372409	"G"	"A"	"GATCGCGTCACATGCA"	0	0	26	0	0	26	26	0	0	"2_119372409_G_A"
2	119372409	"G"	"A"	"AGGCCGTCATTCACTT"	0	0	62	0	0	62	62	0	0	"2_119372409_G_A"
2	119372409	"G"	"A"	"GATCTAGCACGGTAGA"	0	0	6	0	0	6	6	0	0	"2_119372409_G_A"
2	119372409	"G"	"A"	"GATGAAACAGCTTCGG"	0	0	4	0	0	4	4	0	0	"2_119372409_G_A"
2	119372409	"G"	"A"	"AGGGATGTCGAGAACG"	0	0	5	0	0	5	5	0	0	"2_119372409_G_A"
2	119372409	"G"	"A"	"AGGGATGTCCTGCCAT"	1	0	141	0	1	141	142	0	0.0070422535211267	"2_119372409_G_A"
2	119372409	"G"	"A"	"CCGTGGACAACTGCTA"	0	0	14	0	0	14	14	0	0	"2_119372409_G_A"
2	119372409	"G"	"A"	"TACACGATCTCGTTTA"	0	0	186	0	0	186	186	0	0	"2_119372409_G_A"
2	119372409	"G"	"A"	"CGTGTAAAGAAGGTTT"	0	0	465	0	0	465	466	0.214132762312634	0	"2_119372409_G_A"
2	119372409	"G"	"A"	"CGTGTAAAGAGATGAG"	0	0	9	0	0	9	9	0	0	"2_119372409_G_A"
2	119372409	"G"	"A"	"GGAATAAGTTAAAGTG"	0	0	43	0	0	43	43	0	0	"2_119372409_G_A"
2	119372409	"G"	"A"	"TTGGCAAAGTCAAGCG"	0	0	11	0	0	11	11	0	0	"2_119372409_G_A"
2	119372409	"G"	"A"	"TTGGCAATCCGCTGTT"	0	0	25	0	0	25	25	0	0	"2_119372409_G_A"
2	119372409	"G"	"A"	"AGCGGTCGTAATCGTC"	1	0	15	0	1	15	16	0	0.0625	"2_119372409_G_A"
2	119372409	"G"	"A"	"ACGGCCAGTAATCACC"	0	0	16	0	0	16	16	0	0	"2_119372409_G_A"
2	119372409	"G"	"A"	"GACGTTATCAGTACGT"	0	0	11	0	0	11	11	0	0	"2_119372409_G_A"
2	119372409	"G"	"A"	"AAAGATGCACAGGTTT"	0	0	10	0	0	10	10	0	0	"2_119372409_G_A"
2	119372409	"G"	"A"	"AAAGATGGTCAACTGT"	0	0	11	0	0	11	11	8.33333333333333	0	"2_119372409_G_A"
2	119372409	"G"	"A"	"AAAGATGTCCACGCAG"	0	0	1	0	0	1	1	0	0	"2_119372409_G_A"
2	119372409	"G"	"A"	"AAAGCAAAGCGTTCCG"	0	0	5	0	0	5	5	0	0	"2_119372409_G_A"
2	119372409	"G"	"A"	"TACGGATCACGTAAGG"	0	0	18	0	0	18	18	0	0	"2_119372409_G_A"
2	119372409	"G"	"A"	"AGGTCATGTCACACGC"	0	0	2	0	0	2	2	0	0	"2_119372409_G_A"
2	119372409	"G"	"A"	"AGGTCCGAGATGAGAG"	0	0	13	0	0	13	13	0	0	"2_119372409_G_A"
2	119372409	"G"	"A"	"AGCTCCTCACACCGAC"	1	0	367	0	1	367	369	0	0.0027173913043478	"2_119372409_G_A"
2	119372409	"G"	"A"	"AGCTCCTCACAGCGTC"	0	0	45	0	0	45	45	0	0	"2_119372409_G_A"
2	119372409	"G"	"A"	"AAGTCTGGTTCAGGCC"	0	0	5	0	0	5	5	0	0	"2_119372409_G_A"
2	119372409	"G"	"A"	"AAGTCTGGTTGACGTT"	0	0	4	0	0	4	4	0	0	"2_119372409_G_A"
2	119372409	"G"	"A"	"GCAAACTCATGCTGGC"	0	0	13	0	0	13	13	0	0	"2_119372409_G_A"
2	119372409	"G"	"A"	"AATCCAGAGAGCCTAG"	0	0	72	0	0	72	74	0	0	"2_119372409_G_A"
2	119372409	"G"	"A"	"GCACATAAGTGTTTGC"	0	0	184	0	0	184	185	0	0	"2_119372409_G_A"
2	119372409	"G"	"A"	"GAGTCCGCAACTGCTA"	0	0	48	0	0	48	48	0	0	"2_119372409_G_A"
2	119372409	"G"	"A"	"GCACATACATCCGGGT"	0	0	18	0	0	18	18	0	0	"2_119372409_G_A"
2	119372409	"G"	"A"	"GTACGTACACAGCCCA"	0	0	13	0	0	13	13	0	0	"2_119372409_G_A"
2	119372409	"G"	"A"	"GTACGTATCGGAAACG"	0	0	11	0	0	11	11	0	0	"2_119372409_G_A"
2	119372409	"G"	"A"	"AACCATGCACTGCCAG"	0	0	2	0	0	2	2	0	0	"2_119372409_G_A"
2	119372409	"G"	"A"	"AACCATGGTACCGGCT"	0	0	8	0	0	8	8	0	0	"2_119372409_G_A"
2	119372409	"G"	"A"	"CCCTCCTAGACACGAC"	0	0	10	0	0	10	10	0	0	"2_119372409_G_A"
2	119372409	"G"	"A"	"AACCGCGCACCCATTC"	0	0	4	0	0	4	4	0	0	"2_119372409_G_A"
2	119372409	"G"	"A"	"AACGTTGAGGCGACAT"	0	0	3	0	0	3	3	0	0	"2_119372409_G_A"
2	119372409	"G"	"A"	"AGCTTGATCTGTCTCG"	0	0	4	0	0	4	4	0	0	"2_119372409_G_A"
2	119372409	"G"	"A"	"AGGCCACTCAAGCCTA"	0	0	11	0	0	11	11	0	0	"2_119372409_G_A"
2	119372409	"G"	"A"	"AGGCCACTCATACGGT"	0	0	203	0	0	203	203	0	0	"2_119372409_G_A"
2	119372409	"G"	"A"	"AGGCCGTTCTATCGCC"	0	0	5	0	0	5	5	0	0	"2_119372409_G_A"
2	119372409	"G"	"A"	"CCTTCCCTCGTTTGCC"	2	0	214	0	2	214	217	0	0.0092592592592592	"2_119372409_G_A"
2	119372409	"G"	"A"	"GATCTAGTCGCAAACT"	1	0	403	0	1	403	405	0	0.0024752475247524	"2_119372409_G_A"
2	119372409	"G"	"A"	"TACAGTGAGCTGAAAT"	0	0	1	0	0	1	1	0	0	"2_119372409_G_A"
2	119372409	"G"	"A"	"AACTCTTTCGAGCCCA"	0	0	18	0	0	18	18	5.26315789473684	0	"2_119372409_G_A"
2	119372409	"G"	"A"	"TTGCGTCAGACATAAC"	0	0	10	0	0	10	10	0	0	"2_119372409_G_A"
2	119372409	"G"	"A"	"AGCAGCCGTGGCTCCA"	0	0	196	0	0	196	197	0	0	"2_119372409_G_A"
2	119372409	"G"	"A"	"AGCAGCCGTTGCCTCT"	0	0	14	0	0	14	14	0	0	"2_119372409_G_A"
2	119372409	"G"	"A"	"AGCAGCCTCCGTTGCT"	0	0	8	0	0	8	8	0	0	"2_119372409_G_A"
2	119372409	"G"	"A"	"GGACAAGCATGGGACA"	0	0	1	0	0	1	1	0	0	"2_119372409_G_A"
2	119372409	"G"	"A"	"GGACAAGGTGCCTGGT"	0	0	29	0	0	29	29	0	0	"2_119372409_G_A"
2	119372409	"G"	"A"	"GTCAAGTAGATGTGGC"	0	0	4	0	0	4	4	0	0	"2_119372409_G_A"
2	119372409	"G"	"A"	"GACGTTAGTAGAAAGG"	1	0	9	0	1	9	10	0	0.1	"2_119372409_G_A"
2	119372409	"G"	"A"	"GGACAGAAGGTTCCTA"	0	0	5	0	0	5	5	0	0	"2_119372409_G_A"
2	119372409	"G"	"A"	"GGACAGACACGGTAAG"	1	0	24	0	1	24	26	0	0.04	"2_119372409_G_A"
2	119372409	"G"	"A"	"GGACAGACATCACAAC"	0	0	6	0	0	6	6	0	0	"2_119372409_G_A"
2	119372409	"G"	"A"	"CGTGTCTAGAATTGTG"	0	0	6	0	0	6	6	0	0	"2_119372409_G_A"
2	119372409	"G"	"A"	"ACGGGCTTCGAGGTAG"	0	0	8	0	0	8	8	0	0	"2_119372409_G_A"
2	119372409	"G"	"A"	"AAAGCAAAGGGCTTCC"	0	0	16	0	0	16	16	0	0	"2_119372409_G_A"
2	119372409	"G"	"A"	"AAAGCAAAGTACGCGA"	0	0	34	0	0	34	34	0	0	"2_119372409_G_A"
2	119372409	"G"	"A"	"AAAGCAACAGGATCGA"	0	0	14	0	0	14	14	0	0	"2_119372409_G_A"
2	119372409	"G"	"A"	"AGGTCCGAGTACGATA"	0	0	167	0	0	167	168	0	0	"2_119372409_G_A"
2	119372409	"G"	"A"	"AGGTCCGAGTGTGGCA"	0	0	17	0	0	17	17	0	0	"2_119372409_G_A"
2	119372409	"G"	"A"	"AGCTCCTCAGTAGAGC"	0	0	7	0	0	7	7	0	0	"2_119372409_G_A"
2	119372409	"G"	"A"	"TTTACTGTCCCGACTT"	0	0	12	0	0	12	12	0	0	"2_119372409_G_A"
2	119372409	"G"	"A"	"AAAGTAGCAATGACCT"	0	0	7	0	0	7	7	0	0	"2_119372409_G_A"
2	119372409	"G"	"A"	"AAAGTAGGTGGGTATG"	0	0	5	0	0	5	5	0	0	"2_119372409_G_A"
2	119372409	"G"	"A"	"AAAGTAGTCAAGATCC"	0	0	6	0	0	6	6	0	0	"2_119372409_G_A"
2	119372409	"G"	"A"	"AGCTCTCAGATCCGAG"	0	0	1	0	0	1	1	0	0	"2_119372409_G_A"
2	119372409	"G"	"A"	"CGCTATCGTCTCCCTA"	0	0	2	0	0	2	2	0	0	"2_119372409_G_A"
2	119372409	"G"	"A"	"ACTGAACAGGGATACC"	0	0	49	0	0	49	49	0	0	"2_119372409_G_A"
2	119372409	"G"	"A"	"ACTGAACTCCTTAATC"	5	0	131	0	5	131	137	0	0.0367647058823529	"2_119372409_G_A"
2	119372409	"G"	"A"	"ACTGAACTCGTGACAT"	0	0	10	0	0	10	10	0	0	"2_119372409_G_A"
2	119372409	"G"	"A"	"ACTGAGTCAACTGCGC"	0	0	13	0	0	13	13	0	0	"2_119372409_G_A"
2	119372409	"G"	"A"	"AACCATGGTACCTACA"	0	0	6	0	0	6	6	0	0	"2_119372409_G_A"
2	119372409	"G"	"A"	"GCAGCCACATTCGACA"	0	0	74	0	0	74	75	0	0	"2_119372409_G_A"
2	119372409	"G"	"A"	"GCAGTTAAGAAACCAT"	0	0	15	0	0	15	15	0	0	"2_119372409_G_A"
2	119372409	"G"	"A"	"AACGTTGAGTGTTTGC"	0	0	11	0	0	11	11	0	0	"2_119372409_G_A"
2	119372409	"G"	"A"	"AGGCCACAGATTACCC"	0	0	7	0	0	7	7	0	0	"2_119372409_G_A"
2	119372409	"G"	"A"	"TAAGCGTGTACGCTGC"	0	0	4	0	0	4	4	0	0	"2_119372409_G_A"
2	119372409	"G"	"A"	"AACTCCCCAAACGCGA"	0	0	3	0	0	3	3	0	0	"2_119372409_G_A"
2	119372409	"G"	"A"	"AGGCCGTTCTGCCCTA"	1	0	293	0	1	293	295	0.337837837837838	0.0034013605442176	"2_119372409_G_A"
2	119372409	"G"	"A"	"AGGGATGAGCCCAATT"	0	0	87	0	0	87	87	0	0	"2_119372409_G_A"
2	119372409	"G"	"A"	"AGGGAGTAGTATGACA"	0	0	13	0	0	13	14	0	0	"2_119372409_G_A"
2	119372409	"G"	"A"	"CCGTGGAAGATGTGTA"	0	0	7	0	0	7	7	0	0	"2_119372409_G_A"
2	119372409	"G"	"A"	"TACACGAGTCTCACCT"	0	0	8	0	0	8	8	0	0	"2_119372409_G_A"
2	119372409	"G"	"A"	"CGTGAGCCAGCCTTTC"	0	0	14	0	0	14	14	0	0	"2_119372409_G_A"
2	119372409	"G"	"A"	"GGAATAAGTACAGTGG"	0	0	7	0	0	7	7	0	0	"2_119372409_G_A"
2	119372409	"G"	"A"	"ACGCCGAGTTCATGGT"	1	0	212	0	1	212	213	0	0.0046948356807511	"2_119372409_G_A"
2	119372409	"G"	"A"	"AGCATACGTAGGAGTC"	0	0	5	0	0	5	5	0	0	"2_119372409_G_A"
2	119372409	"G"	"A"	"AGCCTAAAGGTAGCCA"	10	0	344	0	10	344	356	0	0.0282485875706215	"2_119372409_G_A"
2	119372409	"G"	"A"	"AGCCTAACAGCCAGAA"	0	0	9	0	0	9	9	0	0	"2_119372409_G_A"
2	119372409	"G"	"A"	"GGACAAGTCTTGCAAG"	0	0	76	0	0	76	76	0	0	"2_119372409_G_A"
2	119372409	"G"	"A"	"ACGAGGAAGGCAAAGA"	0	0	1	0	0	1	1	0	0	"2_119372409_G_A"
2	119372409	"G"	"A"	"ACGAGGACAAGCCTAT"	0	0	68	0	0	68	68	0	0	"2_119372409_G_A"
2	119372409	"G"	"A"	"ACGAGGACACCAGATT"	0	0	12	0	0	12	12	0	0	"2_119372409_G_A"
2	119372409	"G"	"A"	"ACGAGGACATCCAACA"	0	0	65	0	0	65	66	0	0	"2_119372409_G_A"
2	119372409	"G"	"A"	"GGTGTTAGTAAATGAC"	0	0	15	0	0	15	15	0	0	"2_119372409_G_A"
2	119372409	"G"	"A"	"AAGACCTTCGTTACGA"	0	0	19	0	0	19	20	0	0	"2_119372409_G_A"
2	119372409	"G"	"A"	"AAGCCGCAGCCAGAAC"	0	0	1	0	0	1	1	0	0	"2_119372409_G_A"
2	119372409	"G"	"A"	"AAGCCGCCAAGTCATC"	0	0	4	0	0	4	4	0	0	"2_119372409_G_A"
2	119372409	"G"	"A"	"AAAGCAAGTAAATACG"	0	0	10	0	0	10	10	0	0	"2_119372409_G_A"
2	119372409	"G"	"A"	"AAAGCAATCAGCTCTC"	0	0	5	0	0	5	5	0	0	"2_119372409_G_A"
2	119372409	"G"	"A"	"AGGTCCGCACAGAGGT"	0	0	10	0	0	10	10	0	0	"2_119372409_G_A"
2	119372409	"G"	"A"	"GCAAACTCACTGTTAG"	0	0	344	0	0	344	346	0.288184438040346	0	"2_119372409_G_A"
2	119372409	"G"	"A"	"GGATGTTCAGCTATTG"	0	0	7	0	0	7	7	0	0	"2_119372409_G_A"
2	119372409	"G"	"A"	"GGATGTTTCAGTGTTG"	0	0	208	0	0	208	210	0	0	"2_119372409_G_A"
2	119372409	"G"	"A"	"GGATGTTTCTAACTGG"	0	0	3	0	0	3	3	0	0	"2_119372409_G_A"
2	119372409	"G"	"A"	"AACACGTAGCAGACTG"	0	0	5	0	0	5	5	0	0	"2_119372409_G_A"
2	119372409	"G"	"A"	"GTACGTAAGTGAACGC"	1	0	283	0	1	283	285	0.34965034965035	0.0035211267605633	"2_119372409_G_A"
2	119372409	"G"	"A"	"CCCAGTTGTCATGCAT"	0	0	8	0	0	8	8	0	0	"2_119372409_G_A"
2	119372409	"G"	"A"	"CCCAGTTGTTCGCGAC"	0	0	16	0	0	16	16	0	0	"2_119372409_G_A"
2	119372409	"G"	"A"	"CCCAGTTGTTTGACAC"	0	0	84	0	0	84	85	0	0	"2_119372409_G_A"
2	119372409	"G"	"A"	"CGCTATCTCTGGGCCA"	0	0	49	0	0	49	50	0	0	"2_119372409_G_A"
2	119372409	"G"	"A"	"CGCTGGAAGCCCGAAA"	0	0	305	0	0	305	306	0.325732899022801	0	"2_119372409_G_A"
2	119372409	"G"	"A"	"CGCTGGACAAGCCCAC"	0	0	2	0	0	2	2	0	0	"2_119372409_G_A"
2	119372409	"G"	"A"	"TTCTTAGCACAAGACG"	0	0	21	0	0	21	21	0	0	"2_119372409_G_A"
2	119372409	"G"	"A"	"TTGAACGAGACATAAC"	0	0	5	0	0	5	5	0	0	"2_119372409_G_A"
2	119372409	"G"	"A"	"AACGTTGCAGGGTACA"	0	0	5	0	0	5	5	0	0	"2_119372409_G_A"
2	119372409	"G"	"A"	"AACGTTGGTCCGTGAC"	0	0	32	0	0	32	32	0	0	"2_119372409_G_A"
2	119372409	"G"	"A"	"TAAGCGTGTTCCCGAG"	0	0	14	0	0	14	14	0	0	"2_119372409_G_A"
2	119372409	"G"	"A"	"AACTCCCGTGAAATCA"	0	0	23	0	0	23	23	0	0	"2_119372409_G_A"
2	119372409	"G"	"A"	"AACTCTTAGTACGCGA"	0	0	19	0	0	19	19	0	0	"2_119372409_G_A"
2	119372409	"G"	"A"	"CCGTACTTCTGCGTAA"	0	0	16	0	0	16	16	0	0	"2_119372409_G_A"
2	119372409	"G"	"A"	"AACTCTTGTAAGAGGA"	0	0	147	0	0	147	148	0.671140939597315	0	"2_119372409_G_A"
2	119372409	"G"	"A"	"TTGCCGTTCCACGCAG"	0	0	68	0	0	68	68	0	0	"2_119372409_G_A"
2	119372409	"G"	"A"	"AGCAGCCAGGCTCAGA"	0	0	13	0	0	13	13	0	0	"2_119372409_G_A"
2	119372409	"G"	"A"	"GACGCGTAGAACTCGG"	0	0	6	0	0	6	6	0	0	"2_119372409_G_A"
2	119372409	"G"	"A"	"GACGCGTTCAGTTAGC"	0	0	127	0	0	127	129	0	0	"2_119372409_G_A"
2	119372409	"G"	"A"	"GTATCTTTCTGCGACG"	0	0	79	0	0	79	79	0	0	"2_119372409_G_A"
2	119372409	"G"	"A"	"GTATTCTAGCAGATCG"	0	0	20	0	0	20	20	0	0	"2_119372409_G_A"
2	119372409	"G"	"A"	"GTATTCTGTATGAATG"	0	0	8	0	0	8	8	0	0	"2_119372409_G_A"
2	119372409	"G"	"A"	"AGCGGTCGTAAGAGGA"	0	0	9	0	0	9	9	0	0	"2_119372409_G_A"
2	119372409	"G"	"A"	"GTCAAGTAGGTGATTA"	0	0	52	0	0	52	52	0	0	"2_119372409_G_A"
2	119372409	"G"	"A"	"GTCAAGTCAATAACGA"	2	0	220	0	2	220	222	0.448430493273543	0.009009009009009	"2_119372409_G_A"
2	119372409	"G"	"A"	"GTCAAGTCATTACCTT"	0	0	1	0	0	1	1	0	0	"2_119372409_G_A"
2	119372409	"G"	"A"	"GTCAAGTTCGCGGATC"	0	0	2	0	0	2	2	0	0	"2_119372409_G_A"
2	119372409	"G"	"A"	"GTCACAAAGACAAGCC"	0	0	141	0	0	141	141	0.704225352112676	0	"2_119372409_G_A"
2	119372409	"G"	"A"	"GTAACGTAGAAGGTGA"	0	0	12	0	0	12	12	0	0	"2_119372409_G_A"
2	119372409	"G"	"A"	"GTAACGTCACCACCAG"	0	0	15	0	0	15	15	0	0	"2_119372409_G_A"
2	119372409	"G"	"A"	"GTAACGTCATAGGATA"	0	0	34	0	0	34	34	0	0	"2_119372409_G_A"
2	119372409	"G"	"A"	"AAGCCGCCACCAGCAC"	0	0	180	0	0	180	181	0	0	"2_119372409_G_A"
2	119372409	"G"	"A"	"AAGCCGCCAGATCGGA"	4	0	165	0	4	165	171	0	0.0236686390532544	"2_119372409_G_A"
2	119372409	"G"	"A"	"AAAGCAATCAGTGCAT"	0	0	135	0	0	135	136	0	0	"2_119372409_G_A"
2	119372409	"G"	"A"	"AAAGCAATCCTCGCAT"	0	0	7	0	0	7	7	0	0	"2_119372409_G_A"
2	119372409	"G"	"A"	"GTAACTGCACATGACT"	1	0	502	0	1	502	507	0	0.0019880715705765	"2_119372409_G_A"
2	119372409	"G"	"A"	"GTAACTGCACGAAGCA"	0	0	9	0	0	9	9	0	0	"2_119372409_G_A"
2	119372409	"G"	"A"	"GTAACTGCATGCGCAC"	0	0	54	0	0	54	54	0	0	"2_119372409_G_A"
2	119372409	"G"	"A"	"GGATTACAGTGCGATG"	2	0	191	0	2	191	193	0	0.0103626943005181	"2_119372409_G_A"
2	119372409	"G"	"A"	"ACTGAACAGGCTCAGA"	0	0	7	0	0	7	7	0	0	"2_119372409_G_A"
2	119372409	"G"	"A"	"AGCTCCTTCAAACGGG"	0	0	49	0	0	49	49	0	0	"2_119372409_G_A"
2	119372409	"G"	"A"	"GTTTCTAGTAATTGGA"	0	0	6	0	0	6	6	0	0	"2_119372409_G_A"
2	119372409	"G"	"A"	"GTTTCTAGTCACCTAA"	0	0	21	0	0	21	21	0	0	"2_119372409_G_A"
2	119372409	"G"	"A"	"GTTTCTAGTCCGTGAC"	0	0	15	0	0	15	15	0	0	"2_119372409_G_A"
2	119372409	"G"	"A"	"GTTTCTATCATAAAGG"	7	0	551	0	7	551	561	0	0.0125448028673835	"2_119372409_G_A"
2	119372409	"G"	"A"	"GTTTCTATCGTTACAG"	0	0	2	0	0	2	2	0	0	"2_119372409_G_A"
2	119372409	"G"	"A"	"TAAACCGAGCTATGCT"	0	0	165	0	0	165	167	0.595238095238095	0	"2_119372409_G_A"
2	119372409	"G"	"A"	"TAAACCGAGTGGTAGC"	0	0	81	0	0	81	82	0	0	"2_119372409_G_A"
2	119372409	"G"	"A"	"TAAACCGCAAGGACAC"	0	0	4	0	0	4	4	0	0	"2_119372409_G_A"
2	119372409	"G"	"A"	"TAAGAGACAGCCTTTC"	0	0	4	0	0	4	4	0	0	"2_119372409_G_A"
2	119372409	"G"	"A"	"AACTCAGTCGAACTGT"	0	0	171	0	0	171	171	0	0	"2_119372409_G_A"
2	119372409	"G"	"A"	"TAAGCGTTCTCTGCTG"	0	0	25	0	0	25	25	0	0	"2_119372409_G_A"
2	119372409	"G"	"A"	"TAAGTGCAGGGTGTTG"	0	0	83	0	0	83	83	0	0	"2_119372409_G_A"
2	119372409	"G"	"A"	"TAAGTGCCACTACAGT"	1	0	152	0	1	152	153	0	0.0065359477124183	"2_119372409_G_A"
2	119372409	"G"	"A"	"TTGCCGTTCGCGTTTC"	0	0	5	0	0	5	5	0	0	"2_119372409_G_A"
2	119372409	"G"	"A"	"GGAACTTCATTCTCAT"	0	0	16	0	0	16	16	0	0	"2_119372409_G_A"
2	119372409	"G"	"A"	"CGTGAGCCACAGCCCA"	0	0	42	0	0	42	42	0	0	"2_119372409_G_A"
2	119372409	"G"	"A"	"GGAACTTTCGAATGGG"	0	0	6	0	0	6	6	0	0	"2_119372409_G_A"
2	119372409	"G"	"A"	"ACGCCGACAGTGGGAT"	0	0	15	0	0	15	15	0	0	"2_119372409_G_A"
2	119372409	"G"	"A"	"GACGCGTTCTTAACCT"	0	0	15	0	0	15	15	0	0	"2_119372409_G_A"
2	119372409	"G"	"A"	"GACGGCTAGCGCTTAT"	0	0	317	0	0	317	317	0.314465408805031	0	"2_119372409_G_A"
2	119372409	"G"	"A"	"GACGGCTGTCCTGCTT"	0	0	9	0	0	9	9	0	0	"2_119372409_G_A"
2	119372409	"G"	"A"	"ATTTCTGGTAAGTGTA"	0	0	59	0	0	59	59	0	0	"2_119372409_G_A"
2	119372409	"G"	"A"	"GACGTGCTCTTGCAAG"	0	0	9	0	0	9	9	0	0	"2_119372409_G_A"
2	119372409	"G"	"A"	"GACGTTAAGCTAAACA"	0	0	4	0	0	4	4	0	0	"2_119372409_G_A"
2	119372409	"G"	"A"	"GTTAAGCGTCTAGCGC"	0	0	21	0	0	21	21	0	0	"2_119372409_G_A"
2	119372409	"G"	"A"	"GTTACAGGTAGTGAAT"	0	0	9	0	0	9	9	0	0	"2_119372409_G_A"
2	119372409	"G"	"A"	"GTTACAGGTGTTCTTT"	0	0	8	0	0	8	8	0	0	"2_119372409_G_A"
2	119372409	"G"	"A"	"CGTGTCTGTAGCTTGT"	0	0	42	0	0	42	42	0	0	"2_119372409_G_A"
2	119372409	"G"	"A"	"ACGGGTCAGTTGCAGG"	0	0	8	0	0	8	8	0	0	"2_119372409_G_A"
2	119372409	"G"	"A"	"ACGGGTCGTCACTTCC"	0	0	30	0	0	30	30	0	0	"2_119372409_G_A"
2	119372409	"G"	"A"	"GTAACGTGTAAGTAGT"	0	0	36	0	0	36	36	0	0	"2_119372409_G_A"
2	119372409	"G"	"A"	"GTAACGTGTCAATGTC"	0	0	13	0	0	13	14	0	0	"2_119372409_G_A"
2	119372409	"G"	"A"	"AAGCCGCGTGCACGAA"	0	0	14	0	0	14	15	0	0	"2_119372409_G_A"
2	119372409	"G"	"A"	"GGAGCAATCGGACAAG"	0	0	2	0	0	2	2	0	0	"2_119372409_G_A"
2	119372409	"G"	"A"	"ACTATCTAGACAGGCT"	0	0	36	0	0	36	36	0	0	"2_119372409_G_A"
2	119372409	"G"	"A"	"ACTATCTAGAGACTAT"	1	0	20	0	1	20	21	0	0.0476190476190476	"2_119372409_G_A"
2	119372409	"G"	"A"	"ACTATCTAGATCCCAT"	0	0	25	0	0	25	25	0	0	"2_119372409_G_A"
2	119372409	"G"	"A"	"GTAACTGGTGTGGTTT"	0	0	1	0	0	1	1	0	0	"2_119372409_G_A"
2	119372409	"G"	"A"	"CGCTATCGTCCTAGCG"	0	0	11	0	0	11	11	0	0	"2_119372409_G_A"
2	119372409	"G"	"A"	"GCAATCACATCAGTCA"	0	0	9	0	0	9	9	0	0	"2_119372409_G_A"
2	119372409	"G"	"A"	"CGACCTTAGGTGCTTT"	0	0	15	0	0	15	15	0	0	"2_119372409_G_A"
2	119372409	"G"	"A"	"CGACCTTCAAAGCAAT"	0	0	17	0	0	17	17	0	0	"2_119372409_G_A"
2	119372409	"G"	"A"	"CGACCTTCAGGGTACA"	0	0	20	0	0	20	20	0	0	"2_119372409_G_A"
2	119372409	"G"	"A"	"CGACCTTGTCCGAACC"	0	0	3	0	0	3	3	0	0	"2_119372409_G_A"
2	119372409	"G"	"A"	"GCACTCTCATCCTTGC"	1	0	29	0	1	29	30	0	0.0333333333333333	"2_119372409_G_A"
2	119372409	"G"	"A"	"ACTGAGTGTGAGGGAG"	0	0	6	0	0	6	6	0	0	"2_119372409_G_A"
2	119372409	"G"	"A"	"ACTGAGTGTTACCAGT"	0	0	58	0	0	58	58	0	0	"2_119372409_G_A"
2	119372409	"G"	"A"	"GCAGTTATCCTCCTAG"	0	0	261	0	0	261	262	0.380228136882129	0	"2_119372409_G_A"
2	119372409	"G"	"A"	"GCATACAAGCTTTGGT"	0	0	9	0	0	9	9	0	0	"2_119372409_G_A"
2	119372409	"G"	"A"	"TAAGAGAGTGTAATGA"	0	0	1	0	0	1	1	0	0	"2_119372409_G_A"
2	119372409	"G"	"A"	"AACTCCCAGGCCATAG"	0	0	93	0	0	93	94	0	0	"2_119372409_G_A"
2	119372409	"G"	"A"	"AACTCCCAGTCATGCT"	0	0	4	0	0	4	4	0	0	"2_119372409_G_A"
2	119372409	"G"	"A"	"CCGTACTAGCGAAGGG"	0	0	215	0	0	215	215	0.462962962962963	0	"2_119372409_G_A"
2	119372409	"G"	"A"	"CGTCTACTCTTCGAGA"	1	0	78	0	1	78	79	0	0.0126582278481013	"2_119372409_G_A"
2	119372409	"G"	"A"	"ACTGCTCTCGGCGCTA"	0	0	11	0	0	11	11	0	0	"2_119372409_G_A"
2	119372409	"G"	"A"	"ACTGCTCTCTTCAACT"	0	0	56	0	0	56	56	0	0	"2_119372409_G_A"
2	119372409	"G"	"A"	"ACTGTCCAGAAACGCC"	0	0	20	0	0	20	20	0	0	"2_119372409_G_A"
2	119372409	"G"	"A"	"ACTGTCCCAGCTGTAT"	0	0	133	0	0	133	134	0.740740740740741	0	"2_119372409_G_A"
2	119372409	"G"	"A"	"GGAATAAGTGCAGACA"	0	0	1	0	0	1	1	0	0	"2_119372409_G_A"
2	119372409	"G"	"A"	"ATTGGTGCACATCTTT"	0	0	33	0	0	33	33	2.94117647058824	0	"2_119372409_G_A"
2	119372409	"G"	"A"	"ATTGGTGGTAGCACGA"	0	0	1	0	0	1	1	0	0	"2_119372409_G_A"
2	119372409	"G"	"A"	"GACGTGCAGGCATGTG"	0	0	5	0	0	5	5	0	0	"2_119372409_G_A"
2	119372409	"G"	"A"	"CAGTCCTGTGTTTGGT"	0	0	8	0	0	8	8	0	0	"2_119372409_G_A"
2	119372409	"G"	"A"	"ATTTCTGTCAGTTGAC"	0	0	15	0	0	15	15	0	0	"2_119372409_G_A"
2	119372409	"G"	"A"	"ATTTCTGTCTGCGACG"	0	0	49	0	0	49	50	1.96078431372549	0	"2_119372409_G_A"
2	119372409	"G"	"A"	"CAACCAAAGACTAGAT"	0	0	86	0	0	86	86	0	0	"2_119372409_G_A"
2	119372409	"G"	"A"	"CAACCAAAGCCATCGC"	0	0	111	0	0	111	111	7.5	0	"2_119372409_G_A"
2	119372409	"G"	"A"	"GTTCATTAGTGAACGC"	0	0	1	0	0	1	1	0	0	"2_119372409_G_A"
2	119372409	"G"	"A"	"GTTCATTAGTGATCGG"	0	0	81	0	0	81	81	0	0	"2_119372409_G_A"
2	119372409	"G"	"A"	"GACTAACGTTACTGAC"	0	0	57	0	0	57	57	0	0	"2_119372409_G_A"
2	119372409	"G"	"A"	"ACGGGTCTCAAAGTAG"	0	0	48	0	0	48	48	0	0	"2_119372409_G_A"
2	119372409	"G"	"A"	"ACGGGTCTCGTCTGAA"	0	0	68	0	0	68	68	0	0	"2_119372409_G_A"
2	119372409	"G"	"A"	"GTAACTGAGTTAACGA"	0	0	9	0	0	9	10	0	0	"2_119372409_G_A"
2	119372409	"G"	"A"	"GTAACTGCAAGCTGTT"	0	0	10	0	0	10	10	0	0	"2_119372409_G_A"
2	119372409	"G"	"A"	"GTTCTCGAGTGTACCT"	0	0	7	0	0	7	7	0	0	"2_119372409_G_A"
2	119372409	"G"	"A"	"GTTCTCGTCAAGCCTA"	0	0	19	0	0	19	19	0	0	"2_119372409_G_A"
2	119372409	"G"	"A"	"GTTTCTAAGGCATGGT"	0	0	3	0	0	3	3	0	0	"2_119372409_G_A"
2	119372409	"G"	"A"	"ACTATCTCACACATGT"	0	0	50	0	0	50	51	1.92307692307692	0	"2_119372409_G_A"
2	119372409	"G"	"A"	"GTTTCTAGTAAGAGAG"	0	0	8	0	0	8	8	0	0	"2_119372409_G_A"
2	119372409	"G"	"A"	"CCCAGTTGTCATCCCT"	0	0	277	0	0	277	280	0	0	"2_119372409_G_A"
2	119372409	"G"	"A"	"GCGCAGTAGTGACTCT"	0	0	19	0	0	19	19	0	0	"2_119372409_G_A"
2	119372409	"G"	"A"	"GCGCAGTCAGATAATG"	0	0	78	0	0	78	78	0	0	"2_119372409_G_A"
2	119372409	"G"	"A"	"GCGCAGTCAGCTCCGA"	0	0	21	0	0	21	21	0	0	"2_119372409_G_A"
2	119372409	"G"	"A"	"CCCATACCAATGCCAT"	0	0	12	0	0	12	12	0	0	"2_119372409_G_A"
2	119372409	"G"	"A"	"CCCATACCATGGAATA"	0	0	4	0	0	4	4	0	0	"2_119372409_G_A"
2	119372409	"G"	"A"	"CCCATACCATTCTTAC"	0	0	111	0	0	111	111	0	0	"2_119372409_G_A"
2	119372409	"G"	"A"	"GCGCCAAGTTCACGGC"	0	0	6	0	0	6	6	0	0	"2_119372409_G_A"
2	119372409	"G"	"A"	"GCGCGATAGCCAGTAG"	1	0	120	0	1	120	122	0	0.0082644628099173	"2_119372409_G_A"
2	119372409	"G"	"A"	"CCCTCCTCACGTGAGA"	0	0	23	0	0	23	23	0	0	"2_119372409_G_A"
2	119372409	"G"	"A"	"CCCTCCTGTACCCAAT"	5	0	66	0	5	66	71	0	0.0704225352112676	"2_119372409_G_A"
2	119372409	"G"	"A"	"TAAGCGTCAATAGCGG"	0	0	58	0	0	58	58	0	0	"2_119372409_G_A"
2	119372409	"G"	"A"	"CGTCTACGTCAGAGGT"	0	0	30	0	0	30	30	0	0	"2_119372409_G_A"
2	119372409	"G"	"A"	"CGTCTACTCAGGCAAG"	0	0	8	0	0	8	8	0	0	"2_119372409_G_A"
2	119372409	"G"	"A"	"CCGGTAGGTTGTACAC"	0	0	1	0	0	1	1	0	0	"2_119372409_G_A"
2	119372409	"G"	"A"	"TTGCCGTCAGCTTAAC"	1	0	15	0	1	15	16	0	0.0625	"2_119372409_G_A"
2	119372409	"G"	"A"	"CCGGTAGCATATACGC"	0	0	4	0	0	4	4	0	0	"2_119372409_G_A"
2	119372409	"G"	"A"	"TTGCCGTCACGTAAGG"	0	0	22	0	0	22	22	0	0	"2_119372409_G_A"
2	119372409	"G"	"A"	"CGGACTGGTCATATCG"	0	0	91	0	0	91	91	0	0	"2_119372409_G_A"
2	119372409	"G"	"A"	"CGGACTGTCAACCATG"	0	0	17	0	0	17	17	0	0	"2_119372409_G_A"
2	119372409	"G"	"A"	"CGGACTGTCGGTGTCG"	0	0	5	0	0	5	5	0	0	"2_119372409_G_A"
2	119372409	"G"	"A"	"CGGAGCTCACGGTAAG"	0	0	46	0	0	46	46	0	0	"2_119372409_G_A"
2	119372409	"G"	"A"	"ATTGGTGTCATGCAAC"	0	0	18	0	0	18	18	0	0	"2_119372409_G_A"
2	119372409	"G"	"A"	"GCCTCTATCACAATGC"	0	0	11	0	0	11	11	0	0	"2_119372409_G_A"
2	119372409	"G"	"A"	"CGGAGCTTCAGTGTTG"	0	0	363	0	0	363	364	0	0	"2_119372409_G_A"
2	119372409	"G"	"A"	"CGGAGTCCACGGCTAC"	11	0	117	0	11	117	128	0	0.0859375	"2_119372409_G_A"
2	119372409	"G"	"A"	"CGGAGTCCAGGATCGA"	0	0	9	0	0	9	9	0	0	"2_119372409_G_A"
2	119372409	"G"	"A"	"CGGAGTCCATCCGTGG"	0	0	316	0	0	316	319	0.3125	0	"2_119372409_G_A"
2	119372409	"G"	"A"	"CGTGTCTAGAAGGTGA"	0	0	101	0	0	101	102	0	0	"2_119372409_G_A"
2	119372409	"G"	"A"	"GTCACAAGTCATCGGC"	0	0	141	0	0	141	142	0	0	"2_119372409_G_A"
2	119372409	"G"	"A"	"CGTGTCTGTGCGCTTG"	0	0	24	0	0	24	24	0	0	"2_119372409_G_A"
2	119372409	"G"	"A"	"GACTACACAGTACACT"	0	0	316	0	0	316	316	0	0	"2_119372409_G_A"
2	119372409	"G"	"A"	"AGCGTCGGTCTAAACC"	0	0	20	0	0	20	20	0	0	"2_119372409_G_A"
2	119372409	"G"	"A"	"ACGTCAAAGACTTGAA"	0	0	8	0	0	8	8	0	0	"2_119372409_G_A"
2	119372409	"G"	"A"	"ACTATCTAGAATTCCC"	0	0	12	0	0	12	12	0	0	"2_119372409_G_A"
2	119372409	"G"	"A"	"TACGGGCAGTACATGA"	0	0	21	0	0	21	21	0	0	"2_119372409_G_A"
2	119372409	"G"	"A"	"TACGGGCCACCGAATT"	0	0	5	0	0	5	5	0	0	"2_119372409_G_A"
2	119372409	"G"	"A"	"TACGGGCCAGGGCATA"	1	0	84	0	1	84	85	0	0.0117647058823529	"2_119372409_G_A"
2	119372409	"G"	"A"	"GTTTCTACAGCTGCAC"	1	0	233	0	1	233	234	0	0.0042735042735042	"2_119372409_G_A"
2	119372409	"G"	"A"	"AGGTCCGTCCTGCCAT"	0	0	37	0	0	37	37	0	0	"2_119372409_G_A"
2	119372409	"G"	"A"	"CGTAGCGGTGATGCCC"	0	0	39	0	0	39	39	0	0	"2_119372409_G_A"
2	119372409	"G"	"A"	"CGTAGCGGTGGTCCGT"	0	0	89	0	0	89	89	1.11111111111111	0	"2_119372409_G_A"
2	119372409	"G"	"A"	"CGTAGCGGTTCGTCTC"	0	0	7	0	0	7	7	0	0	"2_119372409_G_A"
2	119372409	"G"	"A"	"CGTAGGCGTGTAATGA"	0	0	16	0	0	16	16	0	0	"2_119372409_G_A"
2	119372409	"G"	"A"	"CGTAGGCGTTCGTTGA"	1	0	76	0	1	76	78	0	0.012987012987013	"2_119372409_G_A"
2	119372409	"G"	"A"	"CGTAGGCTCTGTCCGT"	0	0	9	0	0	9	9	0	0	"2_119372409_G_A"
2	119372409	"G"	"A"	"CGTCACTCAAGGACAC"	0	0	38	0	0	38	38	0	0	"2_119372409_G_A"
2	119372409	"G"	"A"	"CGTCAGGTCTCATTCA"	0	0	13	0	0	13	13	0	0	"2_119372409_G_A"
2	119372409	"G"	"A"	"CGTCCATAGTCTTGCA"	0	0	5	0	0	5	5	0	0	"2_119372409_G_A"
2	119372409	"G"	"A"	"CGTCCATGTCTAGTGT"	0	0	13	0	0	13	13	0	0	"2_119372409_G_A"
2	119372409	"G"	"A"	"CGTCCATGTGTGGTTT"	0	0	87	0	0	87	87	0	0	"2_119372409_G_A"
2	119372409	"G"	"A"	"CGTCCATGTTCACGGC"	0	0	22	0	0	22	22	0	0	"2_119372409_G_A"
2	119372409	"G"	"A"	"CGTCCATTCAGCGACC"	0	0	82	0	0	82	82	0	0	"2_119372409_G_A"
2	119372409	"G"	"A"	"CGTCTACGTGCAGACA"	0	0	1	0	0	1	1	0	0	"2_119372409_G_A"
2	119372409	"G"	"A"	"CGTCTACTCAAGGTAA"	0	0	125	0	0	125	125	0	0	"2_119372409_G_A"
2	119372409	"G"	"A"	"ACGCCAGCAGCTCCGA"	0	0	9	0	0	9	9	0	0	"2_119372409_G_A"
2	119372409	"G"	"A"	"ACGCCAGCATTCGACA"	0	0	7	0	0	7	7	0	0	"2_119372409_G_A"
2	119372409	"G"	"A"	"GGAACTTTCAACCAAC"	5	0	421	0	5	421	427	0	0.0117370892018779	"2_119372409_G_A"
2	119372409	"G"	"A"	"ACGCCGACACGAAGCA"	0	0	2	0	0	2	2	0	0	"2_119372409_G_A"
2	119372409	"G"	"A"	"ATTGGTGAGCGTAGTG"	0	0	8	0	0	8	8	0	0	"2_119372409_G_A"
2	119372409	"G"	"A"	"ACGCCGAGTAAGTAGT"	0	0	11	0	0	11	11	0	0	"2_119372409_G_A"
2	119372409	"G"	"A"	"GTATCTTGTTCACCTC"	0	0	14	0	0	14	14	0	0	"2_119372409_G_A"
2	119372409	"G"	"A"	"CGGAGCTGTACACCGC"	0	0	49	0	0	49	49	0	0	"2_119372409_G_A"
2	119372409	"G"	"A"	"CGGAGCTGTTATGCGT"	0	0	5	0	0	5	5	0	0	"2_119372409_G_A"
2	119372409	"G"	"A"	"TCGCGAGGTAAGGGAA"	0	0	81	0	0	81	81	0	0	"2_119372409_G_A"
2	119372409	"G"	"A"	"CATATGGCAACTGCGC"	0	0	23	0	0	23	23	0	0	"2_119372409_G_A"
2	119372409	"G"	"A"	"CATATGGCACTAAGTC"	0	0	9	0	0	9	9	0	0	"2_119372409_G_A"
2	119372409	"G"	"A"	"CATATGGTCATACGGT"	0	0	4	0	0	4	4	0	0	"2_119372409_G_A"
2	119372409	"G"	"A"	"CGGCTAGAGGCGCTCT"	0	0	11	0	0	11	13	0	0	"2_119372409_G_A"
2	119372409	"G"	"A"	"CGGCTAGGTAGAAGGA"	0	0	9	0	0	9	9	0	0	"2_119372409_G_A"
2	119372409	"G"	"A"	"CGGCTAGTCGTAGGTT"	0	0	53	0	0	53	53	0	0	"2_119372409_G_A"
2	119372409	"G"	"A"	"CGTTAGAAGCCCAATT"	0	0	83	0	0	83	83	0	0	"2_119372409_G_A"
2	119372409	"G"	"A"	"CGTTAGACACAGCGTC"	0	0	3	0	0	3	3	0	0	"2_119372409_G_A"
2	119372409	"G"	"A"	"AGCGTCGTCTTGTCAT"	0	0	2	0	0	2	2	0	0	"2_119372409_G_A"
2	119372409	"G"	"A"	"GTTCTCGAGGAGTCTG"	0	0	43	0	0	43	43	0	0	"2_119372409_G_A"
2	119372409	"G"	"A"	"CGGTTAAAGAGTCTGG"	3	0	99	0	3	99	103	0	0.0294117647058824	"2_119372409_G_A"
2	119372409	"G"	"A"	"CGGTTAAGTCGGGTCT"	0	0	8	0	0	8	8	0	0	"2_119372409_G_A"
2	119372409	"G"	"A"	"CGGTTAAGTTACTGAC"	0	0	16	0	0	16	16	0	0	"2_119372409_G_A"
2	119372409	"G"	"A"	"AGGTCCGCATGGATGG"	0	0	2	0	0	2	2	0	0	"2_119372409_G_A"
2	119372409	"G"	"A"	"CGTAGCGAGTCAAGCG"	0	0	29	0	0	29	29	0	0	"2_119372409_G_A"
2	119372409	"G"	"A"	"GGATGTTGTAATTGGA"	0	0	21	0	0	21	21	0	0	"2_119372409_G_A"
2	119372409	"G"	"A"	"CGTTCTGTCAACACAC"	0	0	5	0	0	5	5	0	0	"2_119372409_G_A"
2	119372409	"G"	"A"	"CGTTGGGAGCTAAGAT"	0	0	13	0	0	13	13	0	0	"2_119372409_G_A"
2	119372409	"G"	"A"	"GGATTACGTCTTGTCC"	0	0	8	0	0	8	8	0	0	"2_119372409_G_A"
2	119372409	"G"	"A"	"AATCCAGAGCACCGTC"	0	0	162	0	0	162	162	0	0	"2_119372409_G_A"
2	119372409	"G"	"A"	"AATCCAGGTCATATCG"	0	0	53	0	0	53	53	0	0	"2_119372409_G_A"
2	119372409	"G"	"A"	"CGACCTTGTTCCACAA"	0	0	28	0	0	28	29	0	0	"2_119372409_G_A"
2	119372409	"G"	"A"	"CGACTTCTCGAATGCT"	0	0	223	0	0	223	223	0	0	"2_119372409_G_A"
2	119372409	"G"	"A"	"CGAGAAGCACGCATCG"	3	0	220	0	3	220	223	0	0.0134529147982063	"2_119372409_G_A"
2	119372409	"G"	"A"	"ACTGAGTGTTCACCTC"	0	0	1	0	0	1	1	0	0	"2_119372409_G_A"
2	119372409	"G"	"A"	"ACTGATGAGAAACCGC"	0	0	3	0	0	3	3	0	0	"2_119372409_G_A"
2	119372409	"G"	"A"	"ACTGATGAGATCTGAA"	0	0	102	0	0	102	103	0	0	"2_119372409_G_A"
2	119372409	"G"	"A"	"ACTGATGGTCCCTACT"	0	0	23	0	0	23	23	0	0	"2_119372409_G_A"
2	119372409	"G"	"A"	"ACGCCAGAGTACGATA"	0	0	2	0	0	2	2	0	0	"2_119372409_G_A"
2	119372409	"G"	"A"	"CCGGTAGGTGAGGGTT"	0	0	57	0	0	57	57	0	0	"2_119372409_G_A"
2	119372409	"G"	"A"	"ACTGCTCCATAGACTC"	0	0	24	0	0	24	24	0	0	"2_119372409_G_A"
2	119372409	"G"	"A"	"ACTGCTCTCACTTCAT"	0	0	170	0	0	170	171	0	0	"2_119372409_G_A"
2	119372409	"G"	"A"	"GTCTTCGTCATGTCTT"	0	0	16	0	0	16	16	0	0	"2_119372409_G_A"
2	119372409	"G"	"A"	"GTGAAGGAGAACTGTA"	0	0	6	0	0	6	6	0	0	"2_119372409_G_A"
2	119372409	"G"	"A"	"GCATGTATCGAGCCCA"	0	0	8	0	0	8	8	0	0	"2_119372409_G_A"
2	119372409	"G"	"A"	"GCCAAATCAATCAGAA"	0	0	84	0	0	84	85	0	0	"2_119372409_G_A"
2	119372409	"G"	"A"	"GCCAAATCAGGTCCAC"	0	0	11	0	0	11	11	0	0	"2_119372409_G_A"
2	119372409	"G"	"A"	"CAGTCCTCATCACAAC"	0	0	64	0	0	64	64	0	0	"2_119372409_G_A"
2	119372409	"G"	"A"	"CAGTCCTGTCGAGTTT"	1	0	84	0	1	84	85	0	0.0117647058823529	"2_119372409_G_A"
2	119372409	"G"	"A"	"CCACTACAGAACAACT"	0	0	1	0	0	1	1	0	0	"2_119372409_G_A"
2	119372409	"G"	"A"	"CCACTACAGAGTGAGA"	1	0	285	0	1	285	286	0.348432055749129	0.0034965034965035	"2_119372409_G_A"
2	119372409	"G"	"A"	"CCACTACAGCCGTCGT"	0	0	61	0	0	61	62	0	0	"2_119372409_G_A"
2	119372409	"G"	"A"	"CCAGCGAGTACCGGCT"	0	0	22	0	0	22	22	0	0	"2_119372409_G_A"
2	119372409	"G"	"A"	"CATATTCCACATGACT"	0	0	47	0	0	47	47	0	0	"2_119372409_G_A"
2	119372409	"G"	"A"	"CATATTCCACTGTGTA"	0	0	6	0	0	6	6	0	0	"2_119372409_G_A"
2	119372409	"G"	"A"	"CAACCAAGTAATAGCA"	0	0	8	0	0	8	8	0	0	"2_119372409_G_A"
2	119372409	"G"	"A"	"CGGGTCAAGCCACGTC"	0	0	2	0	0	2	2	0	0	"2_119372409_G_A"
2	119372409	"G"	"A"	"CGGGTCAGTACTTCTT"	0	0	3	0	0	3	3	0	0	"2_119372409_G_A"
2	119372409	"G"	"A"	"TACGGATTCATATCGG"	0	0	1	0	0	1	1	0	0	"2_119372409_G_A"
2	119372409	"G"	"A"	"TACGGATTCTCGTATT"	0	0	203	0	0	203	203	0	0	"2_119372409_G_A"
2	119372409	"G"	"A"	"CGTTAGAGTCATATCG"	0	0	10	0	0	10	10	0	0	"2_119372409_G_A"
2	119372409	"G"	"A"	"CGTTAGATCTGCCCTA"	0	0	72	0	0	72	72	0	0	"2_119372409_G_A"
2	119372409	"G"	"A"	"CGTTCTGAGAGCTGGT"	0	0	9	0	0	9	9	0	0	"2_119372409_G_A"
2	119372409	"G"	"A"	"CGTAGCGAGGTGCTTT"	0	0	1	0	0	1	1	0	0	"2_119372409_G_A"
2	119372409	"G"	"A"	"CGTTCTGCATTAGGCT"	0	0	2	0	0	2	2	0	0	"2_119372409_G_A"
2	119372409	"G"	"A"	"CCCAGTTAGAAACCGC"	0	0	15	0	0	15	15	0	0	"2_119372409_G_A"
2	119372409	"G"	"A"	"GCGCAACGTTAAGACA"	0	0	7	0	0	7	7	0	0	"2_119372409_G_A"
2	119372409	"G"	"A"	"ACCAGTAAGGCAGTCA"	0	0	23	0	0	23	23	0	0	"2_119372409_G_A"
2	119372409	"G"	"A"	"ACCAGTACAAAGTCAA"	0	0	1	0	0	1	1	0	0	"2_119372409_G_A"
2	119372409	"G"	"A"	"ACCCACTAGACTAAGT"	0	0	59	0	0	59	59	0	0	"2_119372409_G_A"
2	119372409	"G"	"A"	"GCGCAGTGTACGAAAT"	0	0	13	0	0	13	13	0	0	"2_119372409_G_A"
2	119372409	"G"	"A"	"GCGCAGTTCCACGTTC"	0	0	55	0	0	55	55	0	0	"2_119372409_G_A"
2	119372409	"G"	"A"	"GCGCCAAGTCAAAGCG"	0	0	6	0	0	6	6	0	0	"2_119372409_G_A"
2	119372409	"G"	"A"	"ACCCACTAGGAACTGC"	0	0	3	0	0	3	3	0	0	"2_119372409_G_A"
2	119372409	"G"	"A"	"ACCCACTCACCTCGGA"	0	0	6	0	0	6	6	0	0	"2_119372409_G_A"
2	119372409	"G"	"A"	"GCGCGATTCTTCGAGA"	0	0	17	0	0	17	17	0	0	"2_119372409_G_A"
2	119372409	"G"	"A"	"CGCTTCATCCCAACGG"	0	0	21	0	0	21	21	0	0	"2_119372409_G_A"
2	119372409	"G"	"A"	"CCCTCCTGTCTCATCC"	0	0	52	0	0	52	52	0	0	"2_119372409_G_A"
2	119372409	"G"	"A"	"CCGGGATTCTGATTCT"	0	0	43	0	0	43	43	0	0	"2_119372409_G_A"
2	119372409	"G"	"A"	"ACGCCAGCAGATCTGT"	0	0	12	0	0	12	12	0	0	"2_119372409_G_A"
2	119372409	"G"	"A"	"CCGGTAGGTCCGTTAA"	0	0	257	0	0	257	257	0	0	"2_119372409_G_A"
2	119372409	"G"	"A"	"CCGGTAGCAGGATCGA"	0	0	13	0	0	13	13	0	0	"2_119372409_G_A"
2	119372409	"G"	"A"	"ACCGTAATCGGAATCT"	0	0	13	0	0	13	13	0	0	"2_119372409_G_A"
2	119372409	"G"	"A"	"ACCGTAATCGTCCGTT"	0	0	77	0	0	77	77	0	0	"2_119372409_G_A"
2	119372409	"G"	"A"	"ACCTTTACACGGCTAC"	0	0	4	0	0	4	4	0	0	"2_119372409_G_A"
2	119372409	"G"	"A"	"ACCTTTACATGGTCAT"	0	0	3	0	0	3	3	0	0	"2_119372409_G_A"
2	119372409	"G"	"A"	"ACCTTTAGTAGCGTGA"	0	0	7	0	0	7	7	0	0	"2_119372409_G_A"
2	119372409	"G"	"A"	"ACCTTTAGTCAACATC"	0	0	495	0	0	495	496	0.401606425702811	0	"2_119372409_G_A"
2	119372409	"G"	"A"	"ACCTTTATCGGTCCGA"	0	0	16	0	0	16	16	0	0	"2_119372409_G_A"
2	119372409	"G"	"A"	"ACGAGCCAGCTTTGGT"	0	0	3	0	0	3	3	0	0	"2_119372409_G_A"
2	119372409	"G"	"A"	"ACGAGCCAGGGTTCCC"	0	0	7	0	0	7	7	0	0	"2_119372409_G_A"
2	119372409	"G"	"A"	"ACGAGCCTCACCATAG"	0	0	15	0	0	15	15	0	0	"2_119372409_G_A"
2	119372409	"G"	"A"	"GGTGCGTCATATACCG"	0	0	9	0	0	9	9	10	0	"2_119372409_G_A"
2	119372409	"G"	"A"	"GGTGCGTGTAAGAGAG"	0	0	171	0	0	171	172	0	0	"2_119372409_G_A"
2	119372409	"G"	"A"	"GGTGCGTGTGCACTTA"	5	0	13	0	5	13	18	0	0.277777777777778	"2_119372409_G_A"
2	119372409	"G"	"A"	"GGTGCGTTCGGCCGAT"	0	0	11	0	0	11	11	0	0	"2_119372409_G_A"
2	119372409	"G"	"A"	"GTCACAATCTGCTGTC"	0	0	6	0	0	6	6	0	0	"2_119372409_G_A"
2	119372409	"G"	"A"	"GTCACAATCTGGGCCA"	0	0	87	0	0	87	87	0	0	"2_119372409_G_A"
2	119372409	"G"	"A"	"CGGGTCATCGCCGTGA"	0	0	426	0	0	426	427	0.233644859813084	0	"2_119372409_G_A"
2	119372409	"G"	"A"	"CGGGTCATCTCGGACG"	0	0	5	0	0	5	5	0	0	"2_119372409_G_A"
2	119372409	"G"	"A"	"CTCTAATTCACCTCGT"	0	0	11	0	0	11	11	0	0	"2_119372409_G_A"
2	119372409	"G"	"A"	"CTCTACGCAACTTGAC"	0	0	72	0	0	72	72	0	0	"2_119372409_G_A"
2	119372409	"G"	"A"	"CTCTACGCATGAGCGA"	0	0	32	0	0	32	32	0	0	"2_119372409_G_A"
2	119372409	"G"	"A"	"GGAGCAAGTGCACCAC"	0	0	44	0	0	44	45	0	0	"2_119372409_G_A"
2	119372409	"G"	"A"	"CCCAATCTCTCAAACG"	0	0	12	0	0	12	12	0	0	"2_119372409_G_A"
2	119372409	"G"	"A"	"ACGATGTAGGATGCGT"	1	0	201	0	1	201	204	0	0.0049504950495049	"2_119372409_G_A"
2	119372409	"G"	"A"	"ACGATGTCAAGTACCT"	0	0	9	0	0	9	9	0	0	"2_119372409_G_A"
2	119372409	"G"	"A"	"ACGATGTCATCCGTGG"	0	0	107	0	0	107	107	0.925925925925926	0	"2_119372409_G_A"
2	119372409	"G"	"A"	"ACGATGTGTCGCTTTC"	0	0	21	0	0	21	21	0	0	"2_119372409_G_A"
2	119372409	"G"	"A"	"ACGATGTTCGATAGAA"	0	0	2	0	0	2	2	0	0	"2_119372409_G_A"
2	119372409	"G"	"A"	"GTACTCCCAATGAAAC"	0	0	8	0	0	8	8	0	0	"2_119372409_G_A"
2	119372409	"G"	"A"	"GTACTCCGTCCATGAT"	0	0	221	0	0	221	221	0	0	"2_119372409_G_A"
2	119372409	"G"	"A"	"GTACTCCTCTACGAGT"	0	0	17	0	0	17	17	5.55555555555556	0	"2_119372409_G_A"
2	119372409	"G"	"A"	"GTACTCCTCTGGCGAC"	0	0	24	0	0	24	24	0	0	"2_119372409_G_A"
2	119372409	"G"	"A"	"GTACTTTAGACCTAGG"	0	0	4	0	0	4	4	0	0	"2_119372409_G_A"
2	119372409	"G"	"A"	"ACGCAGCTCGTTTATC"	0	0	122	0	0	122	122	0	0	"2_119372409_G_A"
2	119372409	"G"	"A"	"ACGCAGCTCTCGTTTA"	0	0	1	0	0	1	1	0	0	"2_119372409_G_A"
2	119372409	"G"	"A"	"ACGCCAGAGACGACGT"	0	0	21	0	0	21	21	0	0	"2_119372409_G_A"
2	119372409	"G"	"A"	"GGAAAGCTCCAGAGGA"	0	0	9	0	0	9	9	0	0	"2_119372409_G_A"
2	119372409	"G"	"A"	"GGAAAGCTCCCATTTA"	0	0	14	0	0	14	14	0	0	"2_119372409_G_A"
2	119372409	"G"	"A"	"GGAACTTAGTATCTCG"	0	0	8	0	0	8	8	0	0	"2_119372409_G_A"
2	119372409	"G"	"A"	"GGAACTTCATCAGTCA"	0	0	47	0	0	47	47	0	0	"2_119372409_G_A"
2	119372409	"G"	"A"	"ATTCTACTCTGGGCCA"	0	0	35	0	0	35	35	0	0	"2_119372409_G_A"
2	119372409	"G"	"A"	"ATTGGACAGATTACCC"	0	0	7	0	0	7	7	0	0	"2_119372409_G_A"
2	119372409	"G"	"A"	"ACGCCGACAAGCCGCT"	0	0	14	0	0	14	14	0	0	"2_119372409_G_A"
2	119372409	"G"	"A"	"ATTGGTGAGTGGAGTC"	0	0	285	0	0	285	287	0	0	"2_119372409_G_A"
2	119372409	"G"	"A"	"TCGAGGCTCGATCCCT"	3	0	316	0	3	316	319	0.3125	0.0094043887147335	"2_119372409_G_A"
2	119372409	"G"	"A"	"TCGAGGCTCTCTAAGG"	0	0	5	0	0	5	5	0	0	"2_119372409_G_A"
2	119372409	"G"	"A"	"TCGCGAGCAGGAACGT"	0	0	52	0	0	52	52	0	0	"2_119372409_G_A"
2	119372409	"G"	"A"	"CTGCGGAAGAGCCTAG"	0	0	12	0	0	12	12	0	0	"2_119372409_G_A"
2	119372409	"G"	"A"	"TCGCGTTAGAAGGGTA"	0	0	188	0	0	188	188	0.529100529100529	0	"2_119372409_G_A"
2	119372409	"G"	"A"	"TCGCGTTCAAGCCGCT"	0	0	3	0	0	3	3	0	0	"2_119372409_G_A"
2	119372409	"G"	"A"	"TCGCGTTGTTGTGGCC"	0	0	1	0	0	1	1	0	0	"2_119372409_G_A"
2	119372409	"G"	"A"	"TCGCGTTTCTGTGCAA"	0	0	286	0	0	286	288	0	0	"2_119372409_G_A"
2	119372409	"G"	"A"	"TCGCGTTTCTTGCAAG"	0	0	4	0	0	4	4	0	0	"2_119372409_G_A"
2	119372409	"G"	"A"	"GGTGTTACACACCGCA"	0	0	11	0	0	11	11	0	0	"2_119372409_G_A"
2	119372409	"G"	"A"	"GGTGTTACATAAAGGT"	0	0	10	0	0	10	10	0	0	"2_119372409_G_A"
2	119372409	"G"	"A"	"GTCACGGCAAGTCTAC"	7	0	265	0	7	265	273	0.364963503649635	0.0257352941176471	"2_119372409_G_A"
2	119372409	"G"	"A"	"CGTTAGACACCAGATT"	0	0	9	0	0	9	9	0	0	"2_119372409_G_A"
2	119372409	"G"	"A"	"GTCACGGTCGCCATAA"	0	0	6	0	0	6	6	0	0	"2_119372409_G_A"
2	119372409	"G"	"A"	"GTCACGGTCTGTACGA"	0	0	8	0	0	8	8	0	0	"2_119372409_G_A"
2	119372409	"G"	"A"	"GTCATTTGTAAGCACG"	0	0	15	0	0	15	15	0	0	"2_119372409_G_A"
2	119372409	"G"	"A"	"CTCTGGTCAGACGCAA"	0	0	23	0	0	23	23	0	0	"2_119372409_G_A"
2	119372409	"G"	"A"	"ACGATACTCCACGTTC"	0	0	93	0	0	93	94	0	0	"2_119372409_G_A"
2	119372409	"G"	"A"	"GTCATTTGTTTGTGTG"	0	0	27	0	0	27	27	0	0	"2_119372409_G_A"
2	119372409	"G"	"A"	"GTCATTTTCACGGTTA"	0	0	3	0	0	3	3	0	0	"2_119372409_G_A"
2	119372409	"G"	"A"	"GTCCTCAAGAGGGATA"	0	0	93	0	0	93	93	0	0	"2_119372409_G_A"
2	119372409	"G"	"A"	"GTCCTCAAGCTCCTTC"	2	0	260	0	2	260	262	1.13207547169811	0.0076335877862595	"2_119372409_G_A"
2	119372409	"G"	"A"	"GTCCTCACAGACAAAT"	0	0	55	0	0	55	56	0	0	"2_119372409_G_A"
2	119372409	"G"	"A"	"GTCCTCACAGCAGTTT"	0	0	4	0	0	4	4	0	0	"2_119372409_G_A"
2	119372409	"G"	"A"	"GTCCTCAGTATAGGTA"	0	0	12	0	0	12	12	0	0	"2_119372409_G_A"
2	119372409	"G"	"A"	"ACTGAACTCTGATACG"	1	0	194	0	1	194	196	0	0.0051282051282051	"2_119372409_G_A"
2	119372409	"G"	"A"	"ACTGAGTAGATGCGAC"	0	0	1	0	0	1	1	0	0	"2_119372409_G_A"
2	119372409	"G"	"A"	"GTCGGGTAGATCACGG"	0	0	5	0	0	5	5	0	0	"2_119372409_G_A"
2	119372409	"G"	"A"	"CGAGCACCACGTGAGA"	0	0	13	0	0	13	13	0	0	"2_119372409_G_A"
2	119372409	"G"	"A"	"CGAGCACCAGCTTCGG"	0	0	14	0	0	14	14	0	0	"2_119372409_G_A"
2	119372409	"G"	"A"	"CGAGCACCAGGCAGTA"	0	0	108	0	0	108	108	0	0	"2_119372409_G_A"
2	119372409	"G"	"A"	"GCATACACATACAGCT"	0	0	72	0	0	72	72	1.36986301369863	0	"2_119372409_G_A"
2	119372409	"G"	"A"	"GCATACAGTAGAAAGG"	0	0	97	0	0	97	98	0	0	"2_119372409_G_A"
2	119372409	"G"	"A"	"GCATACAGTCTAACGT"	0	0	10	0	0	10	10	0	0	"2_119372409_G_A"
2	119372409	"G"	"A"	"GCATGATCACTACAGT"	0	0	5	0	0	5	5	0	0	"2_119372409_G_A"
2	119372409	"G"	"A"	"GCATGATCATACAGCT"	1	0	188	0	1	188	190	0	0.0052910052910052	"2_119372409_G_A"
2	119372409	"G"	"A"	"GCATGATGTTGTACAC"	0	0	8	0	0	8	8	0	0	"2_119372409_G_A"
2	119372409	"G"	"A"	"GCATGTAGTAGCGTCC"	0	0	11	0	0	11	11	0	0	"2_119372409_G_A"
2	119372409	"G"	"A"	"GTGAAGGCAAGCGAGT"	1	0	99	0	1	99	100	0	0.01	"2_119372409_G_A"
2	119372409	"G"	"A"	"GTGAAGGCAGGACGTA"	0	0	11	0	0	11	11	0	0	"2_119372409_G_A"
2	119372409	"G"	"A"	"GTGAAGGCATTGTGCA"	0	0	1	0	0	1	1	0	0	"2_119372409_G_A"
2	119372409	"G"	"A"	"GCCAAATTCCGCTGTT"	0	0	93	0	0	93	93	1.06382978723404	0	"2_119372409_G_A"
2	119372409	"G"	"A"	"GCCAAATTCCTCAACC"	0	0	8	0	0	8	8	0	0	"2_119372409_G_A"
2	119372409	"G"	"A"	"GCCAAATTCGAACGGA"	3	0	169	0	3	169	172	0	0.0174418604651163	"2_119372409_G_A"
2	119372409	"G"	"A"	"GCCTCTACAGTCAGAG"	1	0	77	0	1	77	78	0	0.0128205128205128	"2_119372409_G_A"
2	119372409	"G"	"A"	"GCCTCTAGTAGCGTCC"	0	0	4	0	0	4	4	0	0	"2_119372409_G_A"
2	119372409	"G"	"A"	"GCCTCTATCTTCCTTC"	0	0	5	0	0	5	5	0	0	"2_119372409_G_A"
2	119372409	"G"	"A"	"CCATGTCAGATACACA"	0	0	30	0	0	30	30	0	0	"2_119372409_G_A"
2	119372409	"G"	"A"	"CCATGTCGTAAAGTCA"	0	0	27	0	0	27	27	0	0	"2_119372409_G_A"
2	119372409	"G"	"A"	"CATATTCCATCCCATC"	0	0	8	0	0	8	8	0	0	"2_119372409_G_A"
2	119372409	"G"	"A"	"CAACCAATCACCATAG"	0	0	1	0	0	1	1	0	0	"2_119372409_G_A"
2	119372409	"G"	"A"	"CTCTAATCATGCCCGA"	1	0	82	0	1	82	83	0	0.0120481927710843	"2_119372409_G_A"
2	119372409	"G"	"A"	"CTCTAATGTCCGACGT"	0	0	9	0	0	9	9	0	0	"2_119372409_G_A"
2	119372409	"G"	"A"	"GCGCAACAGGATTCGG"	0	0	29	0	0	29	29	0	0	"2_119372409_G_A"
2	119372409	"G"	"A"	"GCGCAACAGTCCGTAT"	1	0	67	0	1	67	68	0	0.0147058823529412	"2_119372409_G_A"
2	119372409	"G"	"A"	"GCGCAACGTATAAACG"	0	0	135	0	0	135	135	0	0	"2_119372409_G_A"
2	119372409	"G"	"A"	"GTCATTTGTCAGTGGA"	5	0	102	0	5	102	107	0	0.0467289719626168	"2_119372409_G_A"
2	119372409	"G"	"A"	"GTCATTTGTCCGAATT"	0	0	1	0	0	1	1	0	0	"2_119372409_G_A"
2	119372409	"G"	"A"	"ATCATCTGTGAGTATA"	0	0	90	0	0	90	90	0	0	"2_119372409_G_A"
2	119372409	"G"	"A"	"GCGCAACGTCACCCAG"	0	0	42	0	0	42	42	0	0	"2_119372409_G_A"
2	119372409	"G"	"A"	"ACCAGTAAGCCCAACC"	0	0	5	0	0	5	5	0	0	"2_119372409_G_A"
2	119372409	"G"	"A"	"AGAGCTTCATACTACG"	0	0	191	0	0	191	192	0.518134715025907	0	"2_119372409_G_A"
2	119372409	"G"	"A"	"AGAGCTTTCATGGTCA"	0	0	29	0	0	29	29	0	0	"2_119372409_G_A"
2	119372409	"G"	"A"	"AGAGCTTTCTGACCTC"	0	0	2	0	0	2	2	0	0	"2_119372409_G_A"
2	119372409	"G"	"A"	"AGAGTGGAGCGGCTTC"	0	0	6	0	0	6	6	0	0	"2_119372409_G_A"
2	119372409	"G"	"A"	"AGAGTGGCAGTATAAG"	0	0	188	0	0	188	188	0	0	"2_119372409_G_A"
2	119372409	"G"	"A"	"AGAGTGGGTGTGAAAT"	0	0	1	0	0	1	1	0	0	"2_119372409_G_A"
2	119372409	"G"	"A"	"AGATCTGAGTGACATA"	0	0	215	0	0	215	216	0	0	"2_119372409_G_A"
2	119372409	"G"	"A"	"AGATCTGAGTTAAGTG"	0	0	13	0	0	13	13	0	0	"2_119372409_G_A"
2	119372409	"G"	"A"	"AGATCTGCAAGAAGAG"	0	0	5	0	0	5	5	0	0	"2_119372409_G_A"
2	119372409	"G"	"A"	"TTGAACGAGTTGTAGA"	0	0	3	0	0	3	3	0	0	"2_119372409_G_A"
2	119372409	"G"	"A"	"TTGAACGCATGGTAGG"	0	0	18	0	0	18	18	0	0	"2_119372409_G_A"
2	119372409	"G"	"A"	"TTGACTTAGCTTATCG"	0	0	39	0	0	39	39	0	0	"2_119372409_G_A"
2	119372409	"G"	"A"	"CCGGTAGCAAGACGTG"	0	0	8	0	0	8	8	0	0	"2_119372409_G_A"
2	119372409	"G"	"A"	"CCGGTAGCACATGACT"	0	0	7	0	0	7	7	0	0	"2_119372409_G_A"
2	119372409	"G"	"A"	"ACCGTAACAGGATTGG"	0	0	9	0	0	9	9	0	0	"2_119372409_G_A"
2	119372409	"G"	"A"	"TTGACTTTCTACTTAC"	0	0	12	0	0	12	12	0	0	"2_119372409_G_A"
2	119372409	"G"	"A"	"TTGCCGTAGGCTCATT"	0	0	1	0	0	1	1	0	0	"2_119372409_G_A"
2	119372409	"G"	"A"	"TTGCCGTCACGGATAG"	0	0	6	0	0	6	6	0	0	"2_119372409_G_A"
2	119372409	"G"	"A"	"GTGTGCGTCATTGCCC"	0	0	12	0	0	12	12	0	0	"2_119372409_G_A"
2	119372409	"G"	"A"	"GTGTTAGAGGGTTTCT"	0	0	143	0	0	143	143	0	0	"2_119372409_G_A"
2	119372409	"G"	"A"	"GTGTTAGCAGCTGTTA"	0	0	65	0	0	65	66	0	0	"2_119372409_G_A"
2	119372409	"G"	"A"	"GTGTTAGCATGACGGA"	0	0	111	0	0	111	111	0	0	"2_119372409_G_A"
2	119372409	"G"	"A"	"GTGTTAGCATGATCCA"	0	0	188	0	0	188	189	0	0	"2_119372409_G_A"
2	119372409	"G"	"A"	"GTTAAGCAGGCATGTG"	0	0	26	0	0	26	26	0	0	"2_119372409_G_A"
2	119372409	"G"	"A"	"GTTAAGCCACGAAGCA"	0	0	12	0	0	12	12	0	0	"2_119372409_G_A"
2	119372409	"G"	"A"	"GTTAAGCCAGCTCCGA"	0	0	15	0	0	15	15	0	0	"2_119372409_G_A"
2	119372409	"G"	"A"	"GCTGCTTCAGATGAGC"	0	0	165	0	0	165	165	0	0	"2_119372409_G_A"
2	119372409	"G"	"A"	"GCTGCTTGTTACGGAG"	0	0	9	0	0	9	9	0	0	"2_119372409_G_A"
2	119372409	"G"	"A"	"GCTGCTTGTTCGTGAT"	0	0	16	0	0	16	16	0	0	"2_119372409_G_A"
2	119372409	"G"	"A"	"GCTGCTTGTTCTCATT"	0	0	46	0	0	46	47	0	0	"2_119372409_G_A"
2	119372409	"G"	"A"	"CAACCAATCCTAGGGC"	0	0	151	0	0	151	151	0	0	"2_119372409_G_A"
2	119372409	"G"	"A"	"CAACCTCAGCAGGCTA"	0	0	6	0	0	6	6	0	0	"2_119372409_G_A"
2	119372409	"G"	"A"	"GTTCATTTCCCTTGTG"	0	0	3	0	0	3	3	0	0	"2_119372409_G_A"
2	119372409	"G"	"A"	"GACTACATCCGCTGTT"	0	0	17	0	0	17	17	0	0	"2_119372409_G_A"
2	119372409	"G"	"A"	"GACTACATCTAACTGG"	0	0	39	0	0	39	39	0	0	"2_119372409_G_A"
2	119372409	"G"	"A"	"GACTGCGAGATTACCC"	0	0	29	0	0	29	29	0	0	"2_119372409_G_A"
2	119372409	"G"	"A"	"GACTGCGAGCTAAGAT"	0	0	13	0	0	13	13	0	0	"2_119372409_G_A"
2	119372409	"G"	"A"	"GACTGCGAGGATGCGT"	0	0	10	0	0	10	10	0	0	"2_119372409_G_A"
2	119372409	"G"	"A"	"GACTGCGAGTGGTCCC"	0	0	1	0	0	1	1	0	0	"2_119372409_G_A"
2	119372409	"G"	"A"	"GACTGCGGTACGAAAT"	0	0	21	0	0	21	21	0	0	"2_119372409_G_A"
2	119372409	"G"	"A"	"GACTGCGGTCGGCATC"	0	0	12	0	0	12	12	0	0	"2_119372409_G_A"
2	119372409	"G"	"A"	"GAGCAGAGTAATCACC"	0	0	35	0	0	35	35	0	0	"2_119372409_G_A"
2	119372409	"G"	"A"	"GCTTCCACATTGCGGC"	1	0	266	0	1	266	270	0	0.0037453183520599	"2_119372409_G_A"
2	119372409	"G"	"A"	"GCTTCCAGTAGCTAAA"	0	0	10	0	0	10	10	0	0	"2_119372409_G_A"
2	119372409	"G"	"A"	"GCTTCCATCAGTACGT"	0	0	40	0	0	40	40	0	0	"2_119372409_G_A"
2	119372409	"G"	"A"	"GCTTCCATCCCACTTG"	0	0	21	0	0	21	21	0	0	"2_119372409_G_A"
2	119372409	"G"	"A"	"GCTTGAACATCACGAT"	0	0	16	0	0	16	16	0	0	"2_119372409_G_A"
2	119372409	"G"	"A"	"GCTTGAAGTCTAGTGT"	0	0	108	0	0	108	108	0	0	"2_119372409_G_A"
2	119372409	"G"	"A"	"GCTTGAATCATCTGCC"	0	0	52	0	0	52	52	0	0	"2_119372409_G_A"
2	119372409	"G"	"A"	"GCTTGAATCCTTTCTC"	0	0	1	0	0	1	1	0	0	"2_119372409_G_A"
2	119372409	"G"	"A"	"GGAAAGCAGTCTCGGC"	0	0	3	0	0	3	3	0	0	"2_119372409_G_A"
2	119372409	"G"	"A"	"GGAAAGCCAGCTCGCA"	6	0	134	0	6	134	141	0	0.0428571428571429	"2_119372409_G_A"
2	119372409	"G"	"A"	"CTGATCCCAGATCGGA"	0	0	1	0	0	1	1	0	0	"2_119372409_G_A"
2	119372409	"G"	"A"	"CTGATCCCATGGAATA"	0	0	21	0	0	21	21	0	0	"2_119372409_G_A"
2	119372409	"G"	"A"	"CTGATCCTCGGATGGA"	0	0	4	0	0	4	4	0	0	"2_119372409_G_A"
2	119372409	"G"	"A"	"CTGCCTAGTCAGAAGC"	0	0	423	0	0	423	425	0	0	"2_119372409_G_A"
2	119372409	"G"	"A"	"CTGCCTAGTTGAACTC"	0	0	162	0	0	162	162	0	0	"2_119372409_G_A"
2	119372409	"G"	"A"	"ACGCCAGGTGCGATAG"	0	0	8	0	0	8	8	0	0	"2_119372409_G_A"
2	119372409	"G"	"A"	"ATTCTACTCGAATGGG"	0	0	8	0	0	8	8	0	0	"2_119372409_G_A"
2	119372409	"G"	"A"	"ACGCCGACAATAGCAA"	0	0	4	0	0	4	4	0	0	"2_119372409_G_A"
2	119372409	"G"	"A"	"GTATCTTAGAGTTGGC"	0	0	13	0	0	13	13	0	0	"2_119372409_G_A"
2	119372409	"G"	"A"	"GTATCTTGTTAGATGA"	0	0	7	0	0	7	7	0	0	"2_119372409_G_A"
2	119372409	"G"	"A"	"CTGCCTATCGGTCCGA"	0	0	33	0	0	33	33	0	0	"2_119372409_G_A"
2	119372409	"G"	"A"	"CAGGTGCAGGGTCGAT"	0	0	11	0	0	11	11	0	0	"2_119372409_G_A"
2	119372409	"G"	"A"	"CTGCGGAAGGGTATCG"	0	0	103	0	0	103	103	0.961538461538462	0	"2_119372409_G_A"
2	119372409	"G"	"A"	"CTGCGGACATGCATGT"	0	0	4	0	0	4	4	0	0	"2_119372409_G_A"
2	119372409	"G"	"A"	"CTGCGGAGTACGCACC"	0	0	10	0	0	10	10	0	0	"2_119372409_G_A"
2	119372409	"G"	"A"	"CTGCGGAGTTACGGAG"	0	0	8	0	0	8	8	0	0	"2_119372409_G_A"
2	119372409	"G"	"A"	"CTGCTGTAGGCTATCT"	0	0	6	0	0	6	7	0	0	"2_119372409_G_A"
2	119372409	"G"	"A"	"CAACCAACATCCAACA"	0	0	3	0	0	3	3	0	0	"2_119372409_G_A"
2	119372409	"G"	"A"	"GCTGCTTTCTCGTTTA"	3	0	242	0	3	242	245	1.20967741935484	0.0122448979591837	"2_119372409_G_A"
2	119372409	"G"	"A"	"GTTCATTCACAAGACG"	0	0	39	0	0	39	39	0	0	"2_119372409_G_A"
2	119372409	"G"	"A"	"CATCAAGCACATGTGT"	0	0	144	0	0	144	145	1.36054421768707	0	"2_119372409_G_A"
2	119372409	"G"	"A"	"CAACCTCCACGGCCAT"	0	0	17	0	0	17	17	0	0	"2_119372409_G_A"
2	119372409	"G"	"A"	"CAACCTCCATCAGTCA"	1	0	325	0	1	325	328	0	0.0030674846625766	"2_119372409_G_A"
2	119372409	"G"	"A"	"CAACCTCGTATAATGG"	0	0	25	0	0	25	25	0	0	"2_119372409_G_A"
2	119372409	"G"	"A"	"CAACCTCGTGAGGGAG"	0	0	18	0	0	18	18	0	0	"2_119372409_G_A"
2	119372409	"G"	"A"	"CAACTAGAGTGGGCTA"	0	0	28	0	0	28	28	0	0	"2_119372409_G_A"
2	119372409	"G"	"A"	"CGTTCTGAGTGGAGAA"	0	0	6	0	0	6	6	0	0	"2_119372409_G_A"
2	119372409	"G"	"A"	"TACGGGCGTCTAAAGA"	0	0	6	0	0	6	6	0	0	"2_119372409_G_A"
2	119372409	"G"	"A"	"TACGGGCGTTCGTGAT"	0	0	7	0	0	7	7	0	0	"2_119372409_G_A"
2	119372409	"G"	"A"	"TACGGTAAGGTGCAAC"	3	0	565	0	3	565	569	0	0.005281690140845	"2_119372409_G_A"
2	119372409	"G"	"A"	"GCAATCAGTCCAAGTT"	0	0	8	0	0	8	8	0	0	"2_119372409_G_A"
2	119372409	"G"	"A"	"GCAATCATCCAGTATG"	0	0	11	0	0	11	11	0	0	"2_119372409_G_A"
2	119372409	"G"	"A"	"AGTAGTCAGGAGCGTT"	0	0	7	0	0	7	7	0	0	"2_119372409_G_A"
2	119372409	"G"	"A"	"AGTAGTCCAGACGTAG"	0	0	8	0	0	8	8	0	0	"2_119372409_G_A"
2	119372409	"G"	"A"	"AGTAGTCCATCGGTTA"	6	0	35	0	6	35	41	0	0.146341463414634	"2_119372409_G_A"
2	119372409	"G"	"A"	"AGTAGTCTCCAGTAGT"	0	0	112	0	0	112	112	0	0	"2_119372409_G_A"
2	119372409	"G"	"A"	"CATGCCTGTGCACTTA"	0	0	10	0	0	10	10	0	0	"2_119372409_G_A"
2	119372409	"G"	"A"	"GTCGGGTCACGAGAGT"	0	0	2	0	0	2	2	0	0	"2_119372409_G_A"
2	119372409	"G"	"A"	"GTCGGGTTCGCGTTTC"	0	0	11	0	0	11	11	0	0	"2_119372409_G_A"
2	119372409	"G"	"A"	"GTCTCGTGTCGGGTCT"	0	0	4	0	0	4	4	0	0	"2_119372409_G_A"
2	119372409	"G"	"A"	"GTCTCGTTCCTAGGGC"	0	0	12	0	0	12	12	0	0	"2_119372409_G_A"
2	119372409	"G"	"A"	"ACTGATGGTTCAGTAC"	10	0	194	0	10	194	204	0	0.0490196078431373	"2_119372409_G_A"
2	119372409	"G"	"A"	"ACTGATGGTTCCCGAG"	0	0	97	0	0	97	99	0	0	"2_119372409_G_A"
2	119372409	"G"	"A"	"GTCTTCGTCATAACCG"	0	0	22	0	0	22	22	0	0	"2_119372409_G_A"
2	119372409	"G"	"A"	"CCAATCCCACCAGTTA"	0	0	12	0	0	12	12	0	0	"2_119372409_G_A"
2	119372409	"G"	"A"	"GCATGTAGTCGAACAG"	1	0	141	0	1	141	142	0	0.0070422535211267	"2_119372409_G_A"
2	119372409	"G"	"A"	"CGATCGGTCCCAACGG"	0	0	3	0	0	3	3	0	0	"2_119372409_G_A"
2	119372409	"G"	"A"	"CGATCGGTCTAGCACA"	0	0	13	0	0	13	13	0	0	"2_119372409_G_A"
2	119372409	"G"	"A"	"ACTGTCCCATTCTCAT"	0	0	1	0	0	1	1	0	0	"2_119372409_G_A"
2	119372409	"G"	"A"	"ACTGTCCGTAGAGGAA"	0	0	3	0	0	3	3	0	0	"2_119372409_G_A"
2	119372409	"G"	"A"	"ACTGTCCGTGTGGCTC"	0	0	6	0	0	6	6	0	0	"2_119372409_G_A"
2	119372409	"G"	"A"	"ACTTACTCACGTCAGC"	0	0	237	0	0	237	237	0	0	"2_119372409_G_A"
2	119372409	"G"	"A"	"ACTTACTGTCCGACGT"	0	0	37	0	0	37	37	5.12820512820513	0	"2_119372409_G_A"
2	119372409	"G"	"A"	"ACTTACTTCTGCAGTA"	0	0	8	0	0	8	8	0	0	"2_119372409_G_A"
2	119372409	"G"	"A"	"ACTTGTTAGATCCGAG"	0	0	22	0	0	22	22	0	0	"2_119372409_G_A"
2	119372409	"G"	"A"	"ACTTGTTAGCTAACTC"	0	0	15	0	0	15	15	0	0	"2_119372409_G_A"
2	119372409	"G"	"A"	"CCATGTCTCCACGTGG"	0	0	1	0	0	1	1	0	0	"2_119372409_G_A"
2	119372409	"G"	"A"	"CATATTCGTTCTGAAC"	0	0	4	0	0	4	4	0	0	"2_119372409_G_A"
2	119372409	"G"	"A"	"CATCAAGAGTTGTCGT"	0	0	7	0	0	7	7	0	0	"2_119372409_G_A"
2	119372409	"G"	"A"	"GCGAGAAAGATCCGAG"	0	0	4	0	0	4	4	0	0	"2_119372409_G_A"
2	119372409	"G"	"A"	"GCGAGAACATACTACG"	0	0	8	0	0	8	8	0	0	"2_119372409_G_A"
2	119372409	"G"	"A"	"CGCGGTACATTGGGCC"	0	0	5	0	0	5	5	0	0	"2_119372409_G_A"
2	119372409	"G"	"A"	"CGCGGTAGTGCGGTAA"	0	0	23	0	0	23	24	0	0	"2_119372409_G_A"
2	119372409	"G"	"A"	"CGCGGTAGTTATGCGT"	0	0	213	0	0	213	215	0.462962962962963	0	"2_119372409_G_A"
2	119372409	"G"	"A"	"CGCGGTAGTTGACGTT"	0	0	129	0	0	129	129	0	0	"2_119372409_G_A"
2	119372409	"G"	"A"	"AGAGCGATCAACGGGA"	0	0	7	0	0	7	7	0	0	"2_119372409_G_A"
2	119372409	"G"	"A"	"AGAGCGATCATGCAAC"	0	0	13	0	0	13	13	0	0	"2_119372409_G_A"
2	119372409	"G"	"A"	"AGAGCGATCATGTCCC"	0	0	41	0	0	41	41	0	0	"2_119372409_G_A"
2	119372409	"G"	"A"	"CGCGTTTCAAGTTGTC"	4	0	1	0	4	1	5	0	0.8	"2_119372409_G_A"
2	119372409	"G"	"A"	"CGCGTTTTCTGCGTAA"	0	0	11	0	0	11	11	0	0	"2_119372409_G_A"
2	119372409	"G"	"A"	"CGCGTTTTCTTCTGGC"	0	0	12	0	0	12	12	0	0	"2_119372409_G_A"
2	119372409	"G"	"A"	"CGCTATCAGGCAGGTT"	0	0	28	0	0	28	28	0	0	"2_119372409_G_A"
2	119372409	"G"	"A"	"CGCTATCAGTCATCCA"	2	0	535	0	2	535	538	0.185528756957328	0.0037243947858473	"2_119372409_G_A"
2	119372409	"G"	"A"	"CGCTATCCATCTCCCA"	0	0	129	0	0	129	129	0.769230769230769	0	"2_119372409_G_A"
2	119372409	"G"	"A"	"ATCATGGTCATCGATG"	0	0	15	0	0	15	15	0	0	"2_119372409_G_A"
2	119372409	"G"	"A"	"ATCATGGTCGCCGTGA"	0	0	16	0	0	16	16	0	0	"2_119372409_G_A"
2	119372409	"G"	"A"	"ATCCACCCACTAGTAC"	0	0	17	0	0	17	18	0	0	"2_119372409_G_A"
2	119372409	"G"	"A"	"ATCCACCCATGTCTCC"	0	0	162	0	0	162	162	0	0	"2_119372409_G_A"
2	119372409	"G"	"A"	"ATCCACCGTAGCTCCG"	0	0	7	0	0	7	7	0	0	"2_119372409_G_A"
2	119372409	"G"	"A"	"CGCTTCATCCTCAACC"	0	0	20	0	0	20	20	0	0	"2_119372409_G_A"
2	119372409	"G"	"A"	"TTGACTTCAGCTCCGA"	0	0	19	0	0	19	19	0	0	"2_119372409_G_A"
2	119372409	"G"	"A"	"TTGACTTCATGGTTGT"	0	0	1	0	0	1	1	0	0	"2_119372409_G_A"
2	119372409	"G"	"A"	"TTGACTTTCACCACCT"	0	0	21	0	0	21	21	0	0	"2_119372409_G_A"
2	119372409	"G"	"A"	"CGGACGTCATAACCTG"	0	0	8	0	0	8	8	0	0	"2_119372409_G_A"
2	119372409	"G"	"A"	"CGGACTGAGTGGAGAA"	0	0	9	0	0	9	9	0	0	"2_119372409_G_A"
2	119372409	"G"	"A"	"CGGACTGCATGGTTGT"	0	0	37	0	0	37	37	0	0	"2_119372409_G_A"
2	119372409	"G"	"A"	"GCTGCAGAGGCTCAGA"	2	0	168	0	2	168	172	0.578034682080925	0.0117647058823529	"2_119372409_G_A"
2	119372409	"G"	"A"	"GCTGCAGAGGGTTTCT"	0	0	4	0	0	4	4	0	0	"2_119372409_G_A"
2	119372409	"G"	"A"	"GCTGCAGCAGACAAAT"	0	0	84	0	0	84	84	0	0	"2_119372409_G_A"
2	119372409	"G"	"A"	"GCTGCAGGTATTACCG"	0	0	48	0	0	48	48	0	0	"2_119372409_G_A"
2	119372409	"G"	"A"	"GCTGCAGGTCCGTCAG"	0	0	8	0	0	8	8	0	0	"2_119372409_G_A"
2	119372409	"G"	"A"	"GCTGCGAGTCATATCG"	0	0	10	0	0	10	10	0	0	"2_119372409_G_A"
2	119372409	"G"	"A"	"GCTGCGAGTCTTGATG"	0	0	3	0	0	3	3	0	0	"2_119372409_G_A"
2	119372409	"G"	"A"	"GCTGCGATCGCCGTGA"	0	0	33	0	0	33	33	0	0	"2_119372409_G_A"
2	119372409	"G"	"A"	"CTCGTACTCAACCATG"	0	0	16	0	0	16	16	0	0	"2_119372409_G_A"
2	119372409	"G"	"A"	"CTCGTACTCATCGGAT"	0	0	79	0	0	79	79	0	0	"2_119372409_G_A"
2	119372409	"G"	"A"	"CTCGTACTCCTTGGTC"	0	0	1	0	0	1	1	0	0	"2_119372409_G_A"
2	119372409	"G"	"A"	"CTCGTACTCTGCTGCT"	0	0	7	0	0	7	8	0	0	"2_119372409_G_A"
2	119372409	"G"	"A"	"CTCTAATAGTGAACAT"	0	0	2	0	0	2	2	0	0	"2_119372409_G_A"
2	119372409	"G"	"A"	"GCTGGGTAGACGACGT"	0	0	14	0	0	14	14	0	0	"2_119372409_G_A"
2	119372409	"G"	"A"	"GCTGGGTCATCGATGT"	0	0	9	0	0	9	9	0	0	"2_119372409_G_A"
2	119372409	"G"	"A"	"GCTGGGTGTTATCCGA"	0	0	11	0	0	11	11	0	0	"2_119372409_G_A"
2	119372409	"G"	"A"	"GCTGGGTTCCCTAATT"	1	0	409	0	1	409	412	0	0.0024390243902439	"2_119372409_G_A"
2	119372409	"G"	"A"	"GCTGGGTTCCGCAAGC"	0	0	338	0	0	338	338	0.294985250737463	0	"2_119372409_G_A"
2	119372409	"G"	"A"	"GCTGGGTTCGTGGGAA"	1	0	37	0	1	37	38	0	0.0263157894736842	"2_119372409_G_A"
2	119372409	"G"	"A"	"GCTGGGTTCTTGAGGT"	0	0	35	0	0	35	35	0	0	"2_119372409_G_A"
2	119372409	"G"	"A"	"GCTTCCAAGCTGTCTA"	0	0	2	0	0	2	2	0	0	"2_119372409_G_A"
2	119372409	"G"	"A"	"GCTTCCAAGGACGAAA"	0	0	7	0	0	7	7	0	0	"2_119372409_G_A"
2	119372409	"G"	"A"	"GCTTCCAAGGCGATAC"	0	0	47	0	0	47	47	2.08333333333333	0	"2_119372409_G_A"
2	119372409	"G"	"A"	"GCTTCCACACTAAGTC"	0	0	34	0	0	34	34	0	0	"2_119372409_G_A"
2	119372409	"G"	"A"	"CTGAAACCAGTGAGTG"	0	0	3	0	0	3	3	0	0	"2_119372409_G_A"
2	119372409	"G"	"A"	"CTGAAACTCTGAGGGA"	0	0	161	0	0	161	161	0.617283950617284	0	"2_119372409_G_A"
2	119372409	"G"	"A"	"CTGAAGTCATGTCTCC"	0	0	5	0	0	5	5	0	0	"2_119372409_G_A"
2	119372409	"G"	"A"	"ACGATGTTCTTGTTTG"	0	0	21	0	0	21	21	0	0	"2_119372409_G_A"
2	119372409	"G"	"A"	"ACGCAGCGTTACGTCA"	0	0	11	0	0	11	11	0	0	"2_119372409_G_A"
2	119372409	"G"	"A"	"ACGCAGCGTTCCGTCT"	0	0	61	0	0	61	61	0	0	"2_119372409_G_A"
2	119372409	"G"	"A"	"ACGCAGCGTTTGTTGG"	0	0	2	0	0	2	2	0	0	"2_119372409_G_A"
2	119372409	"G"	"A"	"ACGCAGCTCCCTTGTG"	0	0	25	0	0	25	27	0	0	"2_119372409_G_A"
2	119372409	"G"	"A"	"CTGATAGTCCATGAAC"	0	0	6	0	0	6	6	0	0	"2_119372409_G_A"
2	119372409	"G"	"A"	"CTGATCCCACCAGTTA"	0	0	4	0	0	4	4	0	0	"2_119372409_G_A"
2	119372409	"G"	"A"	"ATGTGTGTCGTTTAGG"	0	0	50	0	0	50	50	0	0	"2_119372409_G_A"
2	119372409	"G"	"A"	"ATTACTCCAAGTCTAC"	0	0	4	0	0	4	4	0	0	"2_119372409_G_A"
2	119372409	"G"	"A"	"ATTACTCGTCCAACTA"	5	0	573	0	5	573	578	0	0.0086505190311418	"2_119372409_G_A"
2	119372409	"G"	"A"	"ATTATCCGTTGCGTTA"	0	0	27	0	0	27	27	0	0	"2_119372409_G_A"
2	119372409	"G"	"A"	"ATTATCCTCCATGAGT"	0	0	18	0	0	18	18	0	0	"2_119372409_G_A"
2	119372409	"G"	"A"	"ATTCTACGTAATCACC"	0	0	1	0	0	1	1	0	0	"2_119372409_G_A"
2	119372409	"G"	"A"	"GTAGGCCCAAGCGCTC"	0	0	13	0	0	13	13	0	0	"2_119372409_G_A"
2	119372409	"G"	"A"	"ATTCTACTCGGCCGAT"	0	0	6	0	0	6	6	0	0	"2_119372409_G_A"
2	119372409	"G"	"A"	"TCGAGGCAGTTAACGA"	0	0	18	0	0	18	18	0	0	"2_119372409_G_A"
2	119372409	"G"	"A"	"TCGAGGCAGTTTGCGT"	0	0	21	0	0	21	21	0	0	"2_119372409_G_A"
2	119372409	"G"	"A"	"CTGCCTATCCTGCTTG"	0	0	49	0	0	49	49	0	0	"2_119372409_G_A"
2	119372409	"G"	"A"	"CAGGTGCAGCCACTAT"	0	0	4	0	0	4	4	0	0	"2_119372409_G_A"
2	119372409	"G"	"A"	"CAGTAACAGATGCCAG"	0	0	8	0	0	8	8	0	0	"2_119372409_G_A"
2	119372409	"G"	"A"	"CAGTAACCATCTGGTA"	0	0	5	0	0	5	5	0	0	"2_119372409_G_A"
2	119372409	"G"	"A"	"TGGCGCATCGTCGTTC"	0	0	188	0	0	188	188	0	0	"2_119372409_G_A"
2	119372409	"G"	"A"	"TGGCTGGAGTACGTTC"	0	0	30	0	0	30	30	0	0	"2_119372409_G_A"
2	119372409	"G"	"A"	"TGGCTGGTCAAGGCTT"	0	0	11	0	0	11	11	0	0	"2_119372409_G_A"
2	119372409	"G"	"A"	"CTGCTGTCAAGTACCT"	0	0	2	0	0	2	2	0	0	"2_119372409_G_A"
2	119372409	"G"	"A"	"TCGGGACCAAATCCGT"	0	0	10	0	0	10	10	0	0	"2_119372409_G_A"
2	119372409	"G"	"A"	"TCGGGACCAAATTGCC"	0	0	21	0	0	21	21	0	0	"2_119372409_G_A"
2	119372409	"G"	"A"	"TCGGGACCAATCACAC"	0	0	117	0	0	117	117	0	0	"2_119372409_G_A"
2	119372409	"G"	"A"	"CATCAAGCACCAGATT"	0	0	46	0	0	46	46	0	0	"2_119372409_G_A"
2	119372409	"G"	"A"	"CATCAAGCAGCTGGCT"	0	0	91	0	0	91	91	0	0	"2_119372409_G_A"
2	119372409	"G"	"A"	"CATCAGACAATTGCTG"	0	0	13	0	0	13	13	0	0	"2_119372409_G_A"
2	119372409	"G"	"A"	"CATCAGAGTCTTCGTC"	0	0	10	0	0	10	10	0	0	"2_119372409_G_A"
2	119372409	"G"	"A"	"CATCAGATCAACACAC"	0	0	21	0	0	21	21	0	0	"2_119372409_G_A"
2	119372409	"G"	"A"	"CATCAGATCCAACCAA"	0	0	3	0	0	3	3	0	0	"2_119372409_G_A"
2	119372409	"G"	"A"	"CAACTAGTCTGCCCTA"	0	0	15	0	0	15	15	0	0	"2_119372409_G_A"
2	119372409	"G"	"A"	"CAAGAAAAGTGCTGCC"	0	0	26	0	0	26	26	0	0	"2_119372409_G_A"
2	119372409	"G"	"A"	"CAAGAAAGTCCTAGCG"	0	0	14	0	0	14	14	0	0	"2_119372409_G_A"
2	119372409	"G"	"A"	"CAAGAAAGTCTGATCA"	0	0	32	0	0	32	32	0	0	"2_119372409_G_A"
2	119372409	"G"	"A"	"CGTTGGGAGGTGATTA"	0	0	125	0	0	125	125	0	0	"2_119372409_G_A"
2	119372409	"G"	"A"	"CGTTGGGCAGACACTT"	0	0	1	0	0	1	1	0	0	"2_119372409_G_A"
2	119372409	"G"	"A"	"CGTTGGGGTGAAGGCT"	0	0	196	0	0	196	196	0	0	"2_119372409_G_A"
2	119372409	"G"	"A"	"AATCGGTCACACGCTG"	0	0	6	0	0	6	6	0	0	"2_119372409_G_A"
2	119372409	"G"	"A"	"AATCGGTCATATGGTC"	0	0	20	0	0	20	20	0	0	"2_119372409_G_A"
2	119372409	"G"	"A"	"AGTAGTCTCGTTACAG"	0	0	17	0	0	17	17	0	0	"2_119372409_G_A"
2	119372409	"G"	"A"	"AGTCTTTGTAGGACAC"	0	0	6	0	0	6	6	0	0	"2_119372409_G_A"
2	119372409	"G"	"A"	"AGTGAGGAGAATAGGG"	0	0	32	0	0	32	32	0	0	"2_119372409_G_A"
2	119372409	"G"	"A"	"AGTGAGGAGTTGAGTA"	0	0	12	0	0	12	12	0	0	"2_119372409_G_A"
2	119372409	"G"	"A"	"CGAGCACGTAGCACGA"	0	0	12	0	0	12	12	0	0	"2_119372409_G_A"
2	119372409	"G"	"A"	"CGAGCACTCGTAGGTT"	0	0	7	0	0	7	7	0	0	"2_119372409_G_A"
2	119372409	"G"	"A"	"CGAGCCAAGAGACTAT"	0	0	2	0	0	2	2	0	0	"2_119372409_G_A"
2	119372409	"G"	"A"	"CGAGCCAAGAGAGCTC"	0	0	12	0	0	12	12	0	0	"2_119372409_G_A"
2	119372409	"G"	"A"	"CGAGCCATCACAGGCC"	0	0	14	0	0	14	14	0	0	"2_119372409_G_A"
2	119372409	"G"	"A"	"CGAGCCATCTGTGCAA"	0	0	1	0	0	1	1	0	0	"2_119372409_G_A"
2	119372409	"G"	"A"	"CCAATCCGTAAGGATT"	0	0	5	0	0	5	5	0	0	"2_119372409_G_A"
2	119372409	"G"	"A"	"CCACCTACAGGTGCCT"	0	0	7	0	0	7	7	0	0	"2_119372409_G_A"
2	119372409	"G"	"A"	"CGATGGCAGCACGCCT"	0	0	21	0	0	21	22	0	0	"2_119372409_G_A"
2	119372409	"G"	"A"	"CGATGGCTCACAGGCC"	0	0	8	0	0	8	8	0	0	"2_119372409_G_A"
2	119372409	"G"	"A"	"CGATGGCTCACCCGAG"	0	0	4	0	0	4	4	0	0	"2_119372409_G_A"
2	119372409	"G"	"A"	"CGATGTAAGCACCGTC"	0	0	2	0	0	2	2	0	0	"2_119372409_G_A"
2	119372409	"G"	"A"	"CGATGTACAATCTACG"	0	0	3	0	0	3	3	0	0	"2_119372409_G_A"
2	119372409	"G"	"A"	"CGATGTAGTTCCGTCT"	0	0	9	0	0	9	9	0	0	"2_119372409_G_A"
2	119372409	"G"	"A"	"CGATGTATCAAGCCTA"	0	0	147	0	0	147	148	0	0	"2_119372409_G_A"
2	119372409	"G"	"A"	"GCGACCAAGCCCAACC"	0	0	23	0	0	23	23	0	0	"2_119372409_G_A"
2	119372409	"G"	"A"	"ACTTGTTCATCCTAGA"	0	0	42	0	0	42	42	0	0	"2_119372409_G_A"
2	119372409	"G"	"A"	"ACTTGTTTCGCCAGCA"	0	0	7	0	0	7	7	0	0	"2_119372409_G_A"
2	119372409	"G"	"A"	"CCATGTCTCGGCTACG"	0	0	48	0	0	48	48	0	0	"2_119372409_G_A"
2	119372409	"G"	"A"	"CCATTCGCAATGAATG"	0	0	30	0	0	30	30	0	0	"2_119372409_G_A"
2	119372409	"G"	"A"	"CCATTCGGTATAGGGC"	0	0	60	0	0	60	60	0	0	"2_119372409_G_A"
2	119372409	"G"	"A"	"CCATTCGGTCTTCGTC"	0	0	12	0	0	12	12	0	0	"2_119372409_G_A"
2	119372409	"G"	"A"	"CCCAATCAGAACAATC"	0	0	13	0	0	13	13	0	0	"2_119372409_G_A"
2	119372409	"G"	"A"	"CCCAATCAGCACACAG"	0	0	3	0	0	3	3	0	0	"2_119372409_G_A"
2	119372409	"G"	"A"	"CCCAATCCAAGTTCTG"	0	0	2	0	0	2	2	0	0	"2_119372409_G_A"
2	119372409	"G"	"A"	"TATCTCACAAGCGCTC"	0	0	18	0	0	18	18	0	0	"2_119372409_G_A"
2	119372409	"G"	"A"	"TATCTCACAGGGATTG"	0	0	3	0	0	3	3	0	0	"2_119372409_G_A"
2	119372409	"G"	"A"	"CGCGGTATCTCTGTCG"	0	0	19	0	0	19	19	0	0	"2_119372409_G_A"
2	119372409	"G"	"A"	"GGGATGAAGCTCCTCT"	2	0	395	0	2	395	400	0	0.0050377833753148	"2_119372409_G_A"
2	119372409	"G"	"A"	"GGGATGACACGTCTCT"	0	0	5	0	0	5	6	0	0	"2_119372409_G_A"
2	119372409	"G"	"A"	"GGGATGATCGATCCCT"	0	0	199	0	0	199	199	0	0	"2_119372409_G_A"
2	119372409	"G"	"A"	"GGGCATCAGATGGGTC"	0	0	400	0	0	400	400	0.249376558603491	0	"2_119372409_G_A"
2	119372409	"G"	"A"	"GGGCATCAGGCTCAGA"	0	0	18	0	0	18	18	0	0	"2_119372409_G_A"
2	119372409	"G"	"A"	"GGGCATCAGTATTGGA"	0	0	34	0	0	34	34	0	0	"2_119372409_G_A"
2	119372409	"G"	"A"	"ACCCACTAGCTAGTGG"	10	0	96	0	10	96	106	0	0.0943396226415094	"2_119372409_G_A"
2	119372409	"G"	"A"	"GGGCATCCATAACCTG"	3	0	0	0	3	0	3	0	1	"2_119372409_G_A"
2	119372409	"G"	"A"	"GGGCATCCATGAGCGA"	0	0	298	0	0	298	299	0	0	"2_119372409_G_A"
2	119372409	"G"	"A"	"GGGCATCGTTCCGTCT"	0	0	14	0	0	14	14	0	0	"2_119372409_G_A"
2	119372409	"G"	"A"	"GGGCATCTCACGCGGT"	0	0	21	0	0	21	21	0	0	"2_119372409_G_A"
2	119372409	"G"	"A"	"ACCCACTGTCCAGTGC"	0	0	7	0	0	7	7	0	0	"2_119372409_G_A"
2	119372409	"G"	"A"	"CGGACACAGTGCGTGA"	0	0	7	0	0	7	7	0	0	"2_119372409_G_A"
2	119372409	"G"	"A"	"CGGACACTCAACGGCC"	0	0	36	0	0	36	36	0	0	"2_119372409_G_A"
2	119372409	"G"	"A"	"CGGACGTAGCCGGTAA"	0	0	61	0	0	61	61	0	0	"2_119372409_G_A"
2	119372409	"G"	"A"	"GGGTTGCTCGTACGGC"	2	0	282	0	2	282	285	2.06185567010309	0.0070422535211267	"2_119372409_G_A"
2	119372409	"G"	"A"	"GGTATTGCAAACTGTC"	0	0	8	0	0	8	8	0	0	"2_119372409_G_A"
2	119372409	"G"	"A"	"GGTATTGCAAAGTCAA"	0	0	3	0	0	3	3	0	0	"2_119372409_G_A"
2	119372409	"G"	"A"	"GGTATTGCATTTCAGG"	0	0	2	0	0	2	2	0	0	"2_119372409_G_A"
2	119372409	"G"	"A"	"GGTATTGGTGATAAAC"	0	0	9	0	0	9	9	0	0	"2_119372409_G_A"
2	119372409	"G"	"A"	"GGTATTGGTTGCGCAC"	0	0	24	0	0	24	24	0	0	"2_119372409_G_A"
2	119372409	"G"	"A"	"GGTATTGTCGTTGCCT"	0	0	17	0	0	17	17	0	0	"2_119372409_G_A"
2	119372409	"G"	"A"	"GGTGAAGAGCGATGAC"	0	0	7	0	0	7	7	0	0	"2_119372409_G_A"
2	119372409	"G"	"A"	"GGTGAAGCAATCTACG"	0	0	32	0	0	32	32	0	0	"2_119372409_G_A"
2	119372409	"G"	"A"	"GGTGAAGGTCATTAGC"	0	0	84	0	0	84	85	0	0	"2_119372409_G_A"
2	119372409	"G"	"A"	"GGTGCGTAGCGTGTCC"	0	0	56	0	0	56	56	0	0	"2_119372409_G_A"
2	119372409	"G"	"A"	"AAACCTGGTTGTCTTT"	0	0	11	0	0	11	11	0	0	"2_119372409_G_A"
2	119372409	"G"	"A"	"AAACCTGTCAGAGCTT"	0	0	65	0	0	65	65	0	0	"2_119372409_G_A"
2	119372409	"G"	"A"	"AAACGGGAGCACAGGT"	0	0	13	0	0	13	13	0	0	"2_119372409_G_A"
2	119372409	"G"	"A"	"AAACGGGAGCGTGAGT"	0	0	19	0	0	19	19	0	0	"2_119372409_G_A"
2	119372409	"G"	"A"	"AAACGGGCAGCTGCAC"	0	0	64	0	0	64	64	0	0	"2_119372409_G_A"
2	119372409	"G"	"A"	"CTCTAATAGTGAAGAG"	0	0	3	0	0	3	3	0	0	"2_119372409_G_A"
2	119372409	"G"	"A"	"CAGAGAGGTCGGATCC"	0	0	1	0	0	1	1	0	0	"2_119372409_G_A"
2	119372409	"G"	"A"	"CAGATCACAAGCGATG"	0	0	75	0	0	75	75	0	0	"2_119372409_G_A"
2	119372409	"G"	"A"	"CAGATCACAATAAGCA"	0	0	3	0	0	3	3	0	0	"2_119372409_G_A"
2	119372409	"G"	"A"	"CAGATCAGTTGCCTCT"	0	0	61	0	0	61	61	0	0	"2_119372409_G_A"
2	119372409	"G"	"A"	"CAGATCAGTTGGAGGT"	0	0	1	0	0	1	1	0	0	"2_119372409_G_A"
2	119372409	"G"	"A"	"CAGCAGCAGCGTTCCG"	0	0	3	0	0	3	3	0	0	"2_119372409_G_A"
2	119372409	"G"	"A"	"CTCTGGTCAGGCGATA"	0	0	3	0	0	3	3	0	0	"2_119372409_G_A"
2	119372409	"G"	"A"	"CTCTGGTCAGTGACAG"	0	0	24	0	0	24	24	0	0	"2_119372409_G_A"
2	119372409	"G"	"A"	"CTCTGGTGTCTGATCA"	0	0	11	0	0	11	11	0	0	"2_119372409_G_A"
2	119372409	"G"	"A"	"CTGAAACCAAATTGCC"	0	0	2	0	0	2	2	0	0	"2_119372409_G_A"
2	119372409	"G"	"A"	"ATGGGAGTCACTTACT"	0	0	13	0	0	13	13	0	0	"2_119372409_G_A"
2	119372409	"G"	"A"	"ATGGGAGTCTTATCTG"	0	0	1	0	0	1	1	0	0	"2_119372409_G_A"
2	119372409	"G"	"A"	"ATGGGAGTCTTTAGTC"	0	0	132	0	0	132	132	0	0	"2_119372409_G_A"
2	119372409	"G"	"A"	"ATGTGTGAGAAACCGC"	0	0	6	0	0	6	6	0	0	"2_119372409_G_A"
2	119372409	"G"	"A"	"ATGTGTGAGCAGATCG"	1	0	7	0	1	7	8	0	0.125	"2_119372409_G_A"
2	119372409	"G"	"A"	"ATGTGTGAGGGTTCCC"	0	0	26	0	0	26	26	0	0	"2_119372409_G_A"
2	119372409	"G"	"A"	"ATGTGTGCACTTCGAA"	0	0	11	0	0	11	11	0	0	"2_119372409_G_A"
2	119372409	"G"	"A"	"ATGTGTGGTACAGACG"	0	0	67	0	0	67	67	0	0	"2_119372409_G_A"
2	119372409	"G"	"A"	"ATGTGTGGTGGCAAAC"	0	0	424	0	0	424	424	0	0	"2_119372409_G_A"
2	119372409	"G"	"A"	"ATGTGTGGTTTGTGTG"	0	0	27	0	0	27	27	0	0	"2_119372409_G_A"
2	119372409	"G"	"A"	"CAGCCGAGTCGAGTTT"	0	0	49	0	0	49	49	0	0	"2_119372409_G_A"
2	119372409	"G"	"A"	"CAGCCGATCTCCTATA"	0	0	34	0	0	34	34	5.55555555555556	0	"2_119372409_G_A"
2	119372409	"G"	"A"	"CAGCGACAGAGATGAG"	1	0	53	0	1	53	54	0	0.0185185185185185	"2_119372409_G_A"
2	119372409	"G"	"A"	"GTACTTTGTCAAACTC"	0	0	17	0	0	17	17	0	0	"2_119372409_G_A"
2	119372409	"G"	"A"	"GTAGGCCAGTGAACGC"	0	0	13	0	0	13	13	0	0	"2_119372409_G_A"
2	119372409	"G"	"A"	"GTAGGCCAGTGAAGAG"	0	0	47	0	0	47	47	0	0	"2_119372409_G_A"
2	119372409	"G"	"A"	"TCCCGATGTTCACGGC"	0	0	4	0	0	4	4	0	0	"2_119372409_G_A"
2	119372409	"G"	"A"	"GTAGGCCTCACCACCT"	0	0	74	0	0	74	74	0	0	"2_119372409_G_A"
2	119372409	"G"	"A"	"CAGCTGGCATAACCTG"	0	0	170	0	0	170	170	0.584795321637427	0	"2_119372409_G_A"
2	119372409	"G"	"A"	"CAGCTGGGTTACGGAG"	0	0	8	0	0	8	8	0	0	"2_119372409_G_A"
2	119372409	"G"	"A"	"TGGACGCTCTTGCCGT"	0	0	19	0	0	19	19	0	0	"2_119372409_G_A"
2	119372409	"G"	"A"	"CCACGGAAGAACTCGG"	0	0	5	0	0	5	5	0	0	"2_119372409_G_A"
2	119372409	"G"	"A"	"TGGCCAGTCATGCTCC"	0	0	63	0	0	63	63	0	0	"2_119372409_G_A"
2	119372409	"G"	"A"	"TGGCGCAAGCGCTCCA"	0	0	22	0	0	22	22	0	0	"2_119372409_G_A"
2	119372409	"G"	"A"	"TGGCGCAAGGCAGTCA"	0	0	6	0	0	6	6	0	0	"2_119372409_G_A"
2	119372409	"G"	"A"	"TGGCGCACACGAAAGC"	0	0	6	0	0	6	6	0	0	"2_119372409_G_A"
2	119372409	"G"	"A"	"TTATGCTGTGGTACAG"	2	0	438	0	2	438	441	0	0.0045454545454545	"2_119372409_G_A"
2	119372409	"G"	"A"	"TGGCTGGTCACTATTC"	0	0	2	0	0	2	2	0	0	"2_119372409_G_A"
2	119372409	"G"	"A"	"CTGCTGTGTTGTACAC"	0	0	6	0	0	6	6	0	0	"2_119372409_G_A"
2	119372409	"G"	"A"	"CTGGTCTGTCAACATC"	0	0	3	0	0	3	3	0	0	"2_119372409_G_A"
2	119372409	"G"	"A"	"CTGTGCTAGGCCCGTT"	0	0	3	0	0	3	3	0	0	"2_119372409_G_A"
2	119372409	"G"	"A"	"TCGGGACGTCCAGTAT"	0	0	4	0	0	4	4	0	0	"2_119372409_G_A"
2	119372409	"G"	"A"	"TCGGGACTCAACACGT"	6	0	29	0	6	29	35	0	0.171428571428571	"2_119372409_G_A"
2	119372409	"G"	"A"	"TCGGGACTCATGCAAC"	0	0	1	0	0	1	1	0	0	"2_119372409_G_A"
2	119372409	"G"	"A"	"TCGGGACTCCACGTTC"	0	0	8	0	0	8	8	0	0	"2_119372409_G_A"
2	119372409	"G"	"A"	"TCGGTAAAGATGTTAG"	0	0	2	0	0	2	2	0	0	"2_119372409_G_A"
2	119372409	"G"	"A"	"TCGGTAAAGTACCGGA"	0	0	210	0	0	210	211	0.471698113207547	0	"2_119372409_G_A"
2	119372409	"G"	"A"	"CATCCACGTAAAGGAG"	0	0	4	1	0	5	5	0	0	"2_119372409_G_A"
2	119372409	"G"	"A"	"CATCCACGTGCAACTT"	0	0	28	0	0	28	28	0	0	"2_119372409_G_A"
2	119372409	"G"	"A"	"CATCGAAGTCACAAGG"	0	0	10	0	0	10	10	0	0	"2_119372409_G_A"
2	119372409	"G"	"A"	"CATCGAATCTCGATGA"	0	0	52	0	0	52	52	0	0	"2_119372409_G_A"
2	119372409	"G"	"A"	"CATCGGGAGATAGTCA"	0	0	32	0	0	32	32	0	0	"2_119372409_G_A"
2	119372409	"G"	"A"	"CATCGGGTCCTTCAAT"	0	0	63	0	0	63	63	0	0	"2_119372409_G_A"
2	119372409	"G"	"A"	"CATGACAGTAGGGACT"	0	0	32	0	0	32	32	0	0	"2_119372409_G_A"
2	119372409	"G"	"A"	"GTCCTCAGTTACCAGT"	0	0	12	0	0	12	12	0	0	"2_119372409_G_A"
2	119372409	"G"	"A"	"GTCCTCATCCGTAGTA"	0	0	24	0	0	24	24	0	0	"2_119372409_G_A"
2	119372409	"G"	"A"	"CATGACATCTCGATGA"	1	0	52	0	1	52	53	0	0.0188679245283019	"2_119372409_G_A"
2	119372409	"G"	"A"	"CTTAGGATCATCTGCC"	0	0	88	0	0	88	88	2.22222222222222	0	"2_119372409_G_A"
2	119372409	"G"	"A"	"CATGCCTGTTTGGGCC"	1	0	119	0	1	119	120	0	0.0083333333333333	"2_119372409_G_A"
2	119372409	"G"	"A"	"CATGGCGAGCCAACAG"	1	0	8	0	1	8	9	0	0.111111111111111	"2_119372409_G_A"
2	119372409	"G"	"A"	"CATGGCGGTATCGCAT"	0	0	7	0	0	7	7	0	0	"2_119372409_G_A"
2	119372409	"G"	"A"	"CATGGCGTCGTATCAG"	0	0	4	0	0	4	4	0	0	"2_119372409_G_A"
2	119372409	"G"	"A"	"GTCTTCGAGGTGCACA"	0	0	2	0	0	2	2	0	0	"2_119372409_G_A"
2	119372409	"G"	"A"	"GTCTTCGCATCTCGCT"	0	0	23	0	0	23	23	0	0	"2_119372409_G_A"
2	119372409	"G"	"A"	"CATTCGCCAAGTCATC"	0	0	7	0	0	7	7	0	0	"2_119372409_G_A"
2	119372409	"G"	"A"	"CATTCGCTCGTATCAG"	0	0	33	0	0	33	33	0	0	"2_119372409_G_A"
2	119372409	"G"	"A"	"CGATCGGAGGGCATGT"	0	0	22	0	0	22	22	0	0	"2_119372409_G_A"
2	119372409	"G"	"A"	"CGATCGGGTGCGATAG"	0	0	8	0	0	8	8	0	0	"2_119372409_G_A"
2	119372409	"G"	"A"	"AGTTGGTAGCAGGTCA"	0	0	6	0	0	6	6	0	0	"2_119372409_G_A"
2	119372409	"G"	"A"	"CCACCTAGTTGCTCCT"	0	0	172	0	0	172	172	0	0	"2_119372409_G_A"
2	119372409	"G"	"A"	"CCACCTATCGCCATAA"	0	0	7	0	0	7	7	0	0	"2_119372409_G_A"
2	119372409	"G"	"A"	"AAACCTGAGGTGACCA"	0	0	10	0	0	10	10	0	0	"2_119372409_G_A"
2	119372409	"G"	"A"	"CCACGGAAGGCCCTCA"	0	0	11	0	0	11	11	0	0	"2_119372409_G_A"
2	119372409	"G"	"A"	"CCACGGACAGACAAGC"	0	0	14	0	0	14	14	0	0	"2_119372409_G_A"
2	119372409	"G"	"A"	"TTATGCTCAATGGACG"	0	0	18	0	0	18	18	0	0	"2_119372409_G_A"
2	119372409	"G"	"A"	"TTATGCTCATCTCCCA"	0	0	22	0	0	22	22	0	0	"2_119372409_G_A"
2	119372409	"G"	"A"	"CAGAATCGTACCCAAT"	0	0	29	0	0	29	29	0	0	"2_119372409_G_A"
2	119372409	"G"	"A"	"GCGACCAAGTCCCACG"	0	0	16	0	0	16	16	0	0	"2_119372409_G_A"
2	119372409	"G"	"A"	"GCGACCACAATGGACG"	0	0	8	0	0	8	8	0	0	"2_119372409_G_A"
2	119372409	"G"	"A"	"GCGACCAGTAGCTCCG"	0	0	27	0	0	27	27	0	0	"2_119372409_G_A"
2	119372409	"G"	"A"	"GCGACCATCTGAAAGA"	0	0	2	0	0	2	2	0	0	"2_119372409_G_A"
2	119372409	"G"	"A"	"GCGACCATCTTGAGAC"	0	0	5	0	0	5	5	0	0	"2_119372409_G_A"
2	119372409	"G"	"A"	"GCGAGAAAGAGCTGCA"	2	0	157	0	2	157	159	0	0.0125786163522013	"2_119372409_G_A"
2	119372409	"G"	"A"	"ATCACGAGTCGCATCG"	1	0	102	0	1	102	103	0	0.0097087378640776	"2_119372409_G_A"
2	119372409	"G"	"A"	"ATCACGAGTGGTCTCG"	0	0	59	0	0	59	60	1.63934426229508	0	"2_119372409_G_A"
2	119372409	"G"	"A"	"ATCATCTCATCGACGC"	0	0	44	0	0	44	44	0	0	"2_119372409_G_A"
2	119372409	"G"	"A"	"TTCTACACATCGGAAG"	0	0	6	0	0	6	6	0	0	"2_119372409_G_A"
2	119372409	"G"	"A"	"TTCTACAGTTATTCTC"	0	0	1	0	0	1	1	0	0	"2_119372409_G_A"
2	119372409	"G"	"A"	"TTCTACATCGAGGTAG"	0	0	7	0	0	7	7	0	0	"2_119372409_G_A"
2	119372409	"G"	"A"	"TTCTACATCTCCGGTT"	0	0	2	0	0	2	2	0	0	"2_119372409_G_A"
2	119372409	"G"	"A"	"TTCTCAAAGGACAGAA"	0	0	18	0	0	18	18	0	0	"2_119372409_G_A"
2	119372409	"G"	"A"	"TTCTCAACACGTCAGC"	0	0	4	0	0	4	4	0	0	"2_119372409_G_A"
2	119372409	"G"	"A"	"TTCTCAATCGTAGGTT"	0	0	21	0	0	21	21	0	0	"2_119372409_G_A"
2	119372409	"G"	"A"	"TTCTCCTCATCCGGGT"	0	0	5	0	0	5	5	0	0	"2_119372409_G_A"
2	119372409	"G"	"A"	"TTCTCCTTCCCTTGTG"	0	0	3	0	0	3	3	0	0	"2_119372409_G_A"
2	119372409	"G"	"A"	"TTCTCCTTCGCATGGC"	0	0	404	0	0	404	408	0.244498777506112	0	"2_119372409_G_A"
2	119372409	"G"	"A"	"TTCTCCTTCTGCGTAA"	0	0	8	0	0	8	8	0	0	"2_119372409_G_A"
2	119372409	"G"	"A"	"TTCTTAGCAAATCCGT"	0	0	162	0	0	162	163	0	0	"2_119372409_G_A"
2	119372409	"G"	"A"	"GTGCTTCTCTAACTGG"	0	0	57	0	0	57	58	0	0	"2_119372409_G_A"
2	119372409	"G"	"A"	"GTGTGCGAGGATCGCA"	0	0	15	0	0	15	15	0	0	"2_119372409_G_A"
2	119372409	"G"	"A"	"AGATCTGCACGCGAAA"	0	0	3	0	0	3	3	0	0	"2_119372409_G_A"
2	119372409	"G"	"A"	"AGATCTGGTGACGGTA"	0	0	40	0	0	40	40	0	0	"2_119372409_G_A"
2	119372409	"G"	"A"	"AGATTGCAGCCAACAG"	0	0	12	0	0	12	12	0	0	"2_119372409_G_A"
2	119372409	"G"	"A"	"AGATTGCAGTGCGTGA"	0	0	6	0	0	6	6	0	0	"2_119372409_G_A"
2	119372409	"G"	"A"	"AGATTGCGTGTGACCC"	0	0	8	0	0	8	8	0	0	"2_119372409_G_A"
2	119372409	"G"	"A"	"AGATTGCGTTCCTCCA"	1	0	296	0	1	296	300	0	0.0033670033670033	"2_119372409_G_A"
2	119372409	"G"	"A"	"AGATTGCTCTACTTAC"	0	0	18	0	0	18	18	0	0	"2_119372409_G_A"
2	119372409	"G"	"A"	"AGCAGCCAGCAATATG"	0	0	25	0	0	25	25	0	0	"2_119372409_G_A"
2	119372409	"G"	"A"	"GACCTGGGTCTAACGT"	0	0	6	0	0	6	7	0	0	"2_119372409_G_A"
2	119372409	"G"	"A"	"AAACCTGAGATGTGTA"	0	0	5	0	0	5	5	0	0	"2_119372409_G_A"
2	119372409	"G"	"A"	"AGTTGGTTCAGGCAAG"	0	0	46	0	0	46	46	0	0	"2_119372409_G_A"
2	119372409	"G"	"A"	"AAACCTGCATGGTCTA"	0	0	2	0	0	2	2	0	0	"2_119372409_G_A"
2	119372409	"G"	"A"	"AAACCTGGTCAGAATA"	0	0	17	0	0	17	17	0	0	"2_119372409_G_A"
2	119372409	"G"	"A"	"AAACCTGGTGTGAAAT"	0	0	127	0	0	127	128	0	0	"2_119372409_G_A"
2	119372409	"G"	"A"	"CTCGTACGTTGATTCG"	0	0	160	0	0	160	162	0	0	"2_119372409_G_A"
2	119372409	"G"	"A"	"ATAGACCAGCAATCTC"	0	0	33	0	0	33	33	0	0	"2_119372409_G_A"
2	119372409	"G"	"A"	"CAGAATCGTCATGCAT"	0	0	153	0	0	153	153	0	0	"2_119372409_G_A"
2	119372409	"G"	"A"	"CAGAATCTCCAAACAC"	0	0	2	0	0	2	2	0	0	"2_119372409_G_A"
2	119372409	"G"	"A"	"CAGAATCTCGTTTATC"	0	0	6	0	0	6	6	0	0	"2_119372409_G_A"
2	119372409	"G"	"A"	"AAAGATGAGCTAAGAT"	0	0	55	0	0	55	55	0	0	"2_119372409_G_A"
2	119372409	"G"	"A"	"AAAGATGAGTTGAGAT"	0	0	66	0	0	66	66	0	0	"2_119372409_G_A"
2	119372409	"G"	"A"	"ATGAGGGCACTGCCAG"	0	0	148	0	0	148	149	0	0	"2_119372409_G_A"
2	119372409	"G"	"A"	"GTTCGGGCAGCGATCC"	0	0	15	0	0	15	15	0	0	"2_119372409_G_A"
2	119372409	"G"	"A"	"GTTCGGGGTCGCTTCT"	0	0	5	0	0	5	5	0	0	"2_119372409_G_A"
2	119372409	"G"	"A"	"GTTCGGGTCCGCGTTT"	0	0	47	0	0	47	47	0	0	"2_119372409_G_A"
2	119372409	"G"	"A"	"ATGCGATCAGTGGAGT"	0	0	15	0	0	15	15	0	0	"2_119372409_G_A"
2	119372409	"G"	"A"	"ATGCGATGTCAAACTC"	0	0	10	0	0	10	10	0	0	"2_119372409_G_A"
2	119372409	"G"	"A"	"ATGGGAGCACGCGAAA"	0	0	39	0	0	39	39	0	0	"2_119372409_G_A"
2	119372409	"G"	"A"	"ATGGGAGGTACGAAAT"	0	0	23	0	0	23	23	0	0	"2_119372409_G_A"
2	119372409	"G"	"A"	"ATGGGAGTCAACGGGA"	0	0	11	0	0	11	11	0	0	"2_119372409_G_A"
2	119372409	"G"	"A"	"CAGCAGCGTATGAAAC"	0	0	2	0	0	2	2	0	0	"2_119372409_G_A"
2	119372409	"G"	"A"	"CAGCAGCTCCAAGCCG"	0	0	4	0	0	4	4	0	0	"2_119372409_G_A"
2	119372409	"G"	"A"	"CAGCATAAGACAGAGA"	0	0	105	0	0	105	105	0	0	"2_119372409_G_A"
2	119372409	"G"	"A"	"CAGCATAGTAGGGACT"	0	0	9	0	0	9	9	0	0	"2_119372409_G_A"
2	119372409	"G"	"A"	"CTGAAGTTCATTTGGG"	1	0	250	0	1	250	254	0	0.0039840637450199	"2_119372409_G_A"
2	119372409	"G"	"A"	"CTGAAGTTCCCACTTG"	0	0	15	0	0	15	15	0	0	"2_119372409_G_A"
2	119372409	"G"	"A"	"CTGAAGTTCTTGCATT"	0	0	38	0	0	38	38	0	0	"2_119372409_G_A"
2	119372409	"G"	"A"	"CTGATAGAGAGCCCAA"	0	0	7	0	0	7	7	0	0	"2_119372409_G_A"
2	119372409	"G"	"A"	"CTGATAGAGGCATGTG"	0	0	26	0	0	26	26	0	0	"2_119372409_G_A"
2	119372409	"G"	"A"	"CAGCCGACAAGCCATT"	0	0	23	0	0	23	23	0	0	"2_119372409_G_A"
2	119372409	"G"	"A"	"TCCACACAGGTCATCT"	0	0	86	0	0	86	86	0	0	"2_119372409_G_A"
2	119372409	"G"	"A"	"TCCACACAGTTAAGTG"	0	0	2	0	0	2	2	0	0	"2_119372409_G_A"
2	119372409	"G"	"A"	"TCCCGATAGTCCCACG"	0	0	61	0	0	61	61	0	0	"2_119372409_G_A"
2	119372409	"G"	"A"	"TCCCGATAGTGCGTGA"	0	0	62	0	0	62	62	0	0	"2_119372409_G_A"
2	119372409	"G"	"A"	"TCCCGATCAATCAGAA"	0	0	12	0	0	12	12	0	0	"2_119372409_G_A"
2	119372409	"G"	"A"	"TCCCGATCACCTTGTC"	0	0	7	0	0	7	7	0	0	"2_119372409_G_A"
2	119372409	"G"	"A"	"CAGCTAACAGGAATGC"	0	0	5	0	0	5	5	0	0	"2_119372409_G_A"
2	119372409	"G"	"A"	"TCCCGATTCAATAAGG"	0	0	15	0	0	15	15	0	0	"2_119372409_G_A"
2	119372409	"G"	"A"	"TGGACGCCACGGCTAC"	0	0	10	0	0	10	10	0	0	"2_119372409_G_A"
2	119372409	"G"	"A"	"TGGACGCGTCCTCCAT"	5	0	3	0	5	3	8	0	0.625	"2_119372409_G_A"
2	119372409	"G"	"A"	"CTCGGGAAGCTACCGC"	0	0	1	0	0	1	1	0	0	"2_119372409_G_A"
2	119372409	"G"	"A"	"AGTTGGTTCGGTCTAA"	0	0	2	0	0	2	2	0	0	"2_119372409_G_A"
2	119372409	"G"	"A"	"TGGCCAGCATCCGGGT"	0	0	102	0	0	102	102	0	0	"2_119372409_G_A"
2	119372409	"G"	"A"	"ATAAGAGGTTGTCTTT"	0	0	171	0	0	171	171	0	0	"2_119372409_G_A"
2	119372409	"G"	"A"	"ATAGACCAGATGAGAG"	1	0	93	0	1	93	94	0	0.0106382978723404	"2_119372409_G_A"
2	119372409	"G"	"A"	"ATCTACTAGCTAACTC"	0	0	3	0	0	3	3	0	0	"2_119372409_G_A"
2	119372409	"G"	"A"	"ATAGACCAGTAAGTAC"	1	0	22	0	1	22	23	0	0.0434782608695652	"2_119372409_G_A"
2	119372409	"G"	"A"	"TTCCCAGGTAAGAGAG"	0	0	41	0	0	41	41	0	0	"2_119372409_G_A"
2	119372409	"G"	"A"	"TCGGGACAGGACAGAA"	0	0	9	0	0	9	9	0	0	"2_119372409_G_A"
2	119372409	"G"	"A"	"TGGGAAGAGGGCATGT"	0	0	72	0	0	72	73	0	0	"2_119372409_G_A"
2	119372409	"G"	"A"	"TGGGAAGCAAGAAGAG"	0	0	87	0	0	87	87	0	0	"2_119372409_G_A"
2	119372409	"G"	"A"	"CTGTGCTCAATCAGAA"	0	0	133	0	0	133	133	0	0	"2_119372409_G_A"
2	119372409	"G"	"A"	"CTGTGCTCAGCAGTTT"	0	0	2	0	0	2	2	0	0	"2_119372409_G_A"
2	119372409	"G"	"A"	"CTGTGCTGTTAGATGA"	0	0	186	0	0	186	188	0	0	"2_119372409_G_A"
2	119372409	"G"	"A"	"CTGTGCTGTTCCACGG"	0	0	1	0	0	1	1	0	0	"2_119372409_G_A"
2	119372409	"G"	"A"	"CTGTTTAAGCTAAGAT"	0	0	132	0	0	132	133	0	0	"2_119372409_G_A"
2	119372409	"G"	"A"	"CTGTTTAAGCTATGCT"	0	0	16	0	0	16	16	0	0	"2_119372409_G_A"
2	119372409	"G"	"A"	"CAACTAGTCGCTGATA"	1	0	299	0	1	299	301	0.66006600660066	0.0033333333333333	"2_119372409_G_A"
2	119372409	"G"	"A"	"TCGGTAACACGAAAGC"	0	0	5	0	0	5	5	0	0	"2_119372409_G_A"
2	119372409	"G"	"A"	"TCGGTAACAGACGCAA"	0	0	196	0	0	196	197	0	0	"2_119372409_G_A"
2	119372409	"G"	"A"	"TCGGTAATCCTGCCAT"	0	0	11	0	0	11	11	0	0	"2_119372409_G_A"
2	119372409	"G"	"A"	"TACGGTACACCAGGCT"	0	0	15	0	0	15	15	0	0	"2_119372409_G_A"
2	119372409	"G"	"A"	"AGGTCCGTCGTAGGAG"	0	0	48	0	0	48	48	0	0	"2_119372409_G_A"
2	119372409	"G"	"A"	"TACGGTACATCCAACA"	0	0	22	0	0	22	22	0	0	"2_119372409_G_A"
2	119372409	"G"	"A"	"TACGGTAGTACAGTGG"	0	0	3	0	0	3	3	0	0	"2_119372409_G_A"
2	119372409	"G"	"A"	"TACGGTATCGTGGACC"	0	0	7	0	0	7	7	0	0	"2_119372409_G_A"
2	119372409	"G"	"A"	"TACTCATGTCAATGTC"	0	0	12	0	0	12	12	0	0	"2_119372409_G_A"
2	119372409	"G"	"A"	"TACTCATGTCATACTG"	0	0	17	0	0	17	17	0	0	"2_119372409_G_A"
2	119372409	"G"	"A"	"TACTCATTCCGTACAA"	0	0	11	0	0	11	11	0	0	"2_119372409_G_A"
2	119372409	"G"	"A"	"TACTCATTCTAACCGA"	0	0	14	0	0	14	14	0	0	"2_119372409_G_A"
2	119372409	"G"	"A"	"TACTCGCGTAGCGTGA"	0	0	6	0	0	6	6	0	0	"2_119372409_G_A"
2	119372409	"G"	"A"	"TACTCGCTCAAGAAGT"	0	0	9	0	0	9	9	0	0	"2_119372409_G_A"
2	119372409	"G"	"A"	"AGTGAGGCACTGAAGG"	0	0	82	0	0	82	83	2.35294117647059	0	"2_119372409_G_A"
2	119372409	"G"	"A"	"AGTGGGAGTCCAAGTT"	0	0	27	0	0	27	27	0	0	"2_119372409_G_A"
2	119372409	"G"	"A"	"AGTGGGAGTCCTCTTG"	0	0	12	0	0	12	12	0	0	"2_119372409_G_A"
2	119372409	"G"	"A"	"AGTGGGATCTTAACCT"	0	0	21	0	0	21	21	0	0	"2_119372409_G_A"
2	119372409	"G"	"A"	"CCAATCCAGGACACCA"	0	0	34	0	0	34	34	0	0	"2_119372409_G_A"
2	119372409	"G"	"A"	"TTAGGACGTTAGAACA"	0	0	53	0	0	53	53	0	0	"2_119372409_G_A"
2	119372409	"G"	"A"	"TTAGGACGTTCACGGC"	0	0	47	0	0	47	47	0	0	"2_119372409_G_A"
2	119372409	"G"	"A"	"AGTTGGTCAGGTCTCG"	0	0	7	0	0	7	7	0	0	"2_119372409_G_A"
2	119372409	"G"	"A"	"TGCTACCTCGGATGTT"	0	0	1	0	0	1	1	0	0	"2_119372409_G_A"
2	119372409	"G"	"A"	"CTCGGGACACGGCCAT"	0	0	2	0	0	2	2	0	0	"2_119372409_G_A"
2	119372409	"G"	"A"	"ATAAGAGAGTGGACGT"	0	0	6	0	0	6	6	0	0	"2_119372409_G_A"
2	119372409	"G"	"A"	"CTCGGGAGTCAGAAGC"	0	0	3	0	0	3	3	0	0	"2_119372409_G_A"
2	119372409	"G"	"A"	"CTCGTACCATTGGCGC"	0	0	26	0	0	26	26	0	0	"2_119372409_G_A"
2	119372409	"G"	"A"	"TTAGTTCTCAACACTG"	0	0	32	0	0	32	32	0	0	"2_119372409_G_A"
2	119372409	"G"	"A"	"ATCTACTGTACTTGAC"	0	0	178	0	0	178	179	0	0	"2_119372409_G_A"
2	119372409	"G"	"A"	"ATCTACTTCGATCCCT"	0	0	3	0	0	3	3	0	0	"2_119372409_G_A"
2	119372409	"G"	"A"	"TTCGAAGTCACTCTTA"	0	0	4	0	0	4	4	0	0	"2_119372409_G_A"
2	119372409	"G"	"A"	"TTCGAAGTCAGCGATT"	0	0	8	0	0	8	8	0	0	"2_119372409_G_A"
2	119372409	"G"	"A"	"ACTTTCATCAGCGATT"	0	0	9	0	0	9	9	0	0	"2_119372409_G_A"
2	119372409	"G"	"A"	"AGACGTTAGCAATCTC"	0	0	10	0	0	10	10	0	0	"2_119372409_G_A"
2	119372409	"G"	"A"	"AGACGTTGTTCGGCAC"	0	0	165	0	0	165	166	0	0	"2_119372409_G_A"
2	119372409	"G"	"A"	"AGACGTTTCCCAAGAT"	0	0	6	0	0	6	6	0	0	"2_119372409_G_A"
2	119372409	"G"	"A"	"AGACGTTTCTAACCGA"	0	0	51	0	0	51	51	0	0	"2_119372409_G_A"
2	119372409	"G"	"A"	"AGAGCGACATCCGCGA"	0	0	7	0	0	7	7	0	0	"2_119372409_G_A"
2	119372409	"G"	"A"	"TAGTTGGGTCTAGTGT"	0	0	9	0	0	9	9	0	0	"2_119372409_G_A"
2	119372409	"G"	"A"	"TAGTTGGGTGTCGCTG"	0	0	15	0	0	15	15	0	0	"2_119372409_G_A"
2	119372409	"G"	"A"	"TATCAGGCAATAACGA"	0	0	3	0	0	3	3	0	0	"2_119372409_G_A"
2	119372409	"G"	"A"	"TATCTCAGTCTAACGT"	0	0	8	0	0	8	8	0	0	"2_119372409_G_A"
2	119372409	"G"	"A"	"TATCTCAGTTCCCTTG"	0	0	11	0	0	11	11	0	0	"2_119372409_G_A"
2	119372409	"G"	"A"	"TATCTCATCTGCCCTA"	0	0	8	0	0	8	8	0	0	"2_119372409_G_A"
2	119372409	"G"	"A"	"ATCATCTGTGTGACGA"	0	0	31	0	0	31	31	0	0	"2_119372409_G_A"
2	119372409	"G"	"A"	"ATCATCTTCGTCCAGG"	0	0	5	0	0	5	5	0	0	"2_119372409_G_A"
2	119372409	"G"	"A"	"ATCATGGAGCAGACTG"	0	0	1	0	0	1	1	0	0	"2_119372409_G_A"
2	119372409	"G"	"A"	"ATCATGGCATATACGC"	0	0	38	0	0	38	38	0	0	"2_119372409_G_A"
2	119372409	"G"	"A"	"TATTACCCAAACTGCT"	0	0	98	0	0	98	98	0	0	"2_119372409_G_A"
2	119372409	"G"	"A"	"TCAACGAAGTGTCTCA"	0	0	6	0	0	6	6	0	0	"2_119372409_G_A"
2	119372409	"G"	"A"	"TCAACGATCAGTACGT"	0	0	16	0	0	16	16	0	0	"2_119372409_G_A"
2	119372409	"G"	"A"	"TCAACGATCCATGCTC"	0	0	8	0	0	8	8	0	0	"2_119372409_G_A"
2	119372409	"G"	"A"	"TCAATCTTCGATGAGG"	0	0	33	0	0	33	33	0	0	"2_119372409_G_A"
2	119372409	"G"	"A"	"GCGGGTTTCGGTTAAC"	0	0	29	0	0	29	29	0	0	"2_119372409_G_A"
2	119372409	"G"	"A"	"GCTCCTAAGAGTACCG"	0	0	17	0	0	17	17	0	0	"2_119372409_G_A"
2	119372409	"G"	"A"	"GCTCCTAAGCTAGCCC"	0	0	32	0	0	32	32	0	0	"2_119372409_G_A"
2	119372409	"G"	"A"	"GCTCCTACATTTCACT"	0	0	2	0	0	2	2	0	0	"2_119372409_G_A"
2	119372409	"G"	"A"	"GCTCCTATCTGCGTAA"	0	0	1	0	0	1	1	0	0	"2_119372409_G_A"
2	119372409	"G"	"A"	"GCTCTGTGTCACACGC"	0	0	364	0	0	364	365	0	0	"2_119372409_G_A"
2	119372409	"G"	"A"	"GCTCTGTTCCGCATAA"	0	0	172	0	0	172	172	0	0	"2_119372409_G_A"
2	119372409	"G"	"A"	"GCTCTGTTCGACGGAA"	0	0	12	0	0	12	12	0	0	"2_119372409_G_A"
2	119372409	"G"	"A"	"CTCGGAGGTCACTGGC"	0	0	6	0	0	6	7	0	0	"2_119372409_G_A"
2	119372409	"G"	"A"	"TTAGGCAAGTGTCCCG"	0	0	27	0	0	27	27	0	0	"2_119372409_G_A"
2	119372409	"G"	"A"	"TTAGGCACAAAGGAAG"	0	0	12	0	0	12	12	0	0	"2_119372409_G_A"
2	119372409	"G"	"A"	"CTCGGGACATCATCCC"	0	0	1	0	0	1	1	0	0	"2_119372409_G_A"
2	119372409	"G"	"A"	"TTAGGCATCATTGCGA"	0	0	8	0	0	8	8	0	0	"2_119372409_G_A"
2	119372409	"G"	"A"	"TTAGTTCAGAGTGACC"	0	0	14	0	0	14	14	0	0	"2_119372409_G_A"
2	119372409	"G"	"A"	"ATCTACTAGCCCGAAA"	0	0	21	0	0	21	21	0	0	"2_119372409_G_A"
2	119372409	"G"	"A"	"TTAGTTCTCCGCTGTT"	0	0	21	0	0	21	21	0	0	"2_119372409_G_A"
2	119372409	"G"	"A"	"GTGAAGGGTCATCCCT"	0	0	11	0	0	11	11	0	0	"2_119372409_G_A"
2	119372409	"G"	"A"	"ATCTACTTCTGATACG"	0	0	12	0	0	12	12	7.69230769230769	0	"2_119372409_G_A"
2	119372409	"G"	"A"	"ATCTGCCAGGCCCTTG"	0	0	1	0	0	1	1	0	0	"2_119372409_G_A"
2	119372409	"G"	"A"	"CAGAGAGAGTCCATAC"	0	0	22	0	0	22	22	0	0	"2_119372409_G_A"
2	119372409	"G"	"A"	"CAGAGAGCACATTTCT"	0	0	86	0	0	86	86	0	0	"2_119372409_G_A"
2	119372409	"G"	"A"	"TGCCAAAGTAAGGGAA"	0	0	54	0	0	54	55	0	0	"2_119372409_G_A"
2	119372409	"G"	"A"	"ATGAGGGGTGTGGTTT"	0	0	122	0	0	122	122	0	0	"2_119372409_G_A"
2	119372409	"G"	"A"	"ATGAGGGTCGGTCCGA"	0	0	76	0	0	76	76	0	0	"2_119372409_G_A"
2	119372409	"G"	"A"	"ATGCGATAGACTGTAA"	0	0	45	0	0	45	45	0	0	"2_119372409_G_A"
2	119372409	"G"	"A"	"TGCCCATGTTTAGGAA"	0	0	25	0	0	25	26	0	0	"2_119372409_G_A"
2	119372409	"G"	"A"	"TGCCCTACACAGGTTT"	0	0	85	0	0	85	86	0	0	"2_119372409_G_A"
2	119372409	"G"	"A"	"CAGCAGCCACAGTCGC"	0	0	1	0	0	1	1	0	0	"2_119372409_G_A"
2	119372409	"G"	"A"	"CAGCAGCCACCAGATT"	0	0	19	0	0	19	19	0	0	"2_119372409_G_A"
2	119372409	"G"	"A"	"CAGCAGCGTATATGAG"	0	0	11	0	0	11	11	0	0	"2_119372409_G_A"
2	119372409	"G"	"A"	"TCATTACAGTCGTACT"	0	0	53	0	0	53	53	0	0	"2_119372409_G_A"
2	119372409	"G"	"A"	"TCATTACCAAGTAATG"	0	0	27	0	0	27	27	0	0	"2_119372409_G_A"
2	119372409	"G"	"A"	"TCATTACCAGTGAGTG"	0	0	7	0	0	7	7	0	0	"2_119372409_G_A"
2	119372409	"G"	"A"	"TCATTACGTTAAGAAC"	1	0	72	0	1	72	73	0	0.0136986301369863	"2_119372409_G_A"
2	119372409	"G"	"A"	"TCATTTGCAAGTAATG"	1	0	153	0	1	153	154	0.645161290322581	0.0064935064935064	"2_119372409_G_A"
2	119372409	"G"	"A"	"TCATTTGGTCTAGCCG"	0	0	6	0	0	6	6	0	0	"2_119372409_G_A"
2	119372409	"G"	"A"	"TCATTTGGTTCACGGC"	0	0	6	0	0	6	6	0	0	"2_119372409_G_A"
2	119372409	"G"	"A"	"TCATTTGTCCCTAACC"	0	0	12	0	0	12	12	0	0	"2_119372409_G_A"
2	119372409	"G"	"A"	"TCATTTGTCCGGGTGT"	1	0	5	0	1	5	6	0	0.166666666666667	"2_119372409_G_A"
2	119372409	"G"	"A"	"TCCACACAGCTACCGC"	0	0	35	0	0	35	35	0	0	"2_119372409_G_A"
2	119372409	"G"	"A"	"CAGCCGAAGGTTACCT"	0	0	15	0	0	15	15	0	0	"2_119372409_G_A"
2	119372409	"G"	"A"	"TGCTGCTAGCGCCTTG"	0	0	3	0	0	3	3	0	0	"2_119372409_G_A"
2	119372409	"G"	"A"	"TGCTGCTCACCAGGCT"	0	0	4	0	0	4	4	0	0	"2_119372409_G_A"
2	119372409	"G"	"A"	"TGCTGCTCACCGCTAG"	0	0	15	0	0	15	15	0	0	"2_119372409_G_A"
2	119372409	"G"	"A"	"CAGCGACCAAAGCAAT"	1	0	143	0	1	143	145	0	0.0069444444444444	"2_119372409_G_A"
2	119372409	"G"	"A"	"CAGCGACGTTGCGCAC"	0	0	174	0	0	174	176	0	0	"2_119372409_G_A"
2	119372409	"G"	"A"	"TGGACGCCAAACTGTC"	0	0	4	0	0	4	4	0	0	"2_119372409_G_A"
2	119372409	"G"	"A"	"CAGCTGGAGTAGGCCA"	0	0	1	0	0	1	1	0	0	"2_119372409_G_A"
2	119372409	"G"	"A"	"TGCTACCCAGCTGGCT"	0	0	83	0	0	83	83	0	0	"2_119372409_G_A"
2	119372409	"G"	"A"	"ATCGAGTCACACAGAG"	0	0	49	0	0	49	49	0	0	"2_119372409_G_A"
2	119372409	"G"	"A"	"ATCGAGTCACGTTGGC"	0	0	19	0	0	19	19	0	0	"2_119372409_G_A"
2	119372409	"G"	"A"	"TTAGGCACAATAAGCA"	0	0	4	0	0	4	4	0	0	"2_119372409_G_A"
2	119372409	"G"	"A"	"ATCGAGTTCCAATGGT"	0	0	13	0	0	13	13	0	0	"2_119372409_G_A"
2	119372409	"G"	"A"	"ATCTACTAGATGTTAG"	0	0	60	0	0	60	60	0	0	"2_119372409_G_A"
2	119372409	"G"	"A"	"TAGACCAGTGGTACAG"	0	0	8	0	0	8	8	0	0	"2_119372409_G_A"
2	119372409	"G"	"A"	"CACTCCACACGACGAA"	0	0	4	0	0	4	4	0	0	"2_119372409_G_A"
2	119372409	"G"	"A"	"CGATGTATCTAACGGT"	0	0	9	0	0	9	9	0	0	"2_119372409_G_A"
2	119372409	"G"	"A"	"TGGGAAGAGGGAAACA"	0	0	10	0	0	10	10	0	0	"2_119372409_G_A"
2	119372409	"G"	"A"	"CGATGTATCTTATCTG"	0	0	23	0	0	23	24	0	0	"2_119372409_G_A"
2	119372409	"G"	"A"	"CGATTGAAGCCGGTAA"	0	0	15	0	0	15	15	0	0	"2_119372409_G_A"
2	119372409	"G"	"A"	"TGGGAAGCAGATCTGT"	0	0	7	0	0	7	7	0	0	"2_119372409_G_A"
2	119372409	"G"	"A"	"TGGGAAGGTGCACGAA"	0	0	10	0	0	10	10	0	0	"2_119372409_G_A"
2	119372409	"G"	"A"	"TGGGCGTGTGCACTTA"	0	0	73	0	0	73	73	0	0	"2_119372409_G_A"
2	119372409	"G"	"A"	"TGGTTAGCAAACGCGA"	0	0	1	0	0	1	1	0	0	"2_119372409_G_A"
2	119372409	"G"	"A"	"TGGTTAGCACGGATAG"	0	0	11	0	0	11	11	0	0	"2_119372409_G_A"
2	119372409	"G"	"A"	"TGGTTAGGTCTAACGT"	0	0	5	0	0	5	5	0	0	"2_119372409_G_A"
2	119372409	"G"	"A"	"CTGTTTACACCAACCG"	0	0	9	0	0	9	9	0	0	"2_119372409_G_A"
2	119372409	"G"	"A"	"CTGTTTACATTCCTGC"	0	0	8	0	0	8	8	0	0	"2_119372409_G_A"
2	119372409	"G"	"A"	"CTTAACTCAACACCTA"	0	0	75	0	0	75	76	0	0	"2_119372409_G_A"
2	119372409	"G"	"A"	"CTTAACTTCACCCGAG"	0	0	32	0	0	32	32	0	0	"2_119372409_G_A"
2	119372409	"G"	"A"	"TCGGTAATCGAACTGT"	0	0	9	0	0	9	9	0	0	"2_119372409_G_A"
2	119372409	"G"	"A"	"TCGTACCAGAATTGTG"	0	0	7	0	0	7	7	0	0	"2_119372409_G_A"
2	119372409	"G"	"A"	"TCGTACCAGATACACA"	0	0	3	0	0	3	3	0	0	"2_119372409_G_A"
2	119372409	"G"	"A"	"TCGTACCAGGAATTAC"	0	0	1	0	0	1	1	0	0	"2_119372409_G_A"
2	119372409	"G"	"A"	"CGTTGGGGTGCAGACA"	0	0	322	0	0	322	324	0.307692307692308	0	"2_119372409_G_A"
2	119372409	"G"	"A"	"GGATTACGTTCGTCTC"	0	0	3	0	0	3	3	0	0	"2_119372409_G_A"
2	119372409	"G"	"A"	"AATCGGTTCGGAATCT"	0	0	8	0	0	8	8	0	0	"2_119372409_G_A"
2	119372409	"G"	"A"	"AATCGGTTCTCCTATA"	0	0	14	0	0	14	15	0	0	"2_119372409_G_A"
2	119372409	"G"	"A"	"ACACCAACACCACGTG"	0	0	10	0	0	10	10	0	0	"2_119372409_G_A"
2	119372409	"G"	"A"	"ACACCAATCCTATTCA"	0	0	7	0	0	7	7	0	0	"2_119372409_G_A"
2	119372409	"G"	"A"	"ACACCCTCACGCTTTC"	0	0	2	0	0	2	2	0	0	"2_119372409_G_A"
2	119372409	"G"	"A"	"ACACCCTCACTGCCAG"	0	0	5	0	0	5	5	0	0	"2_119372409_G_A"
2	119372409	"G"	"A"	"ACACCCTGTCCAAGTT"	0	0	12	0	0	12	12	0	0	"2_119372409_G_A"
2	119372409	"G"	"A"	"ACACCCTTCCGAGCCA"	0	0	135	0	0	135	135	0	0	"2_119372409_G_A"
2	119372409	"G"	"A"	"ACACCCTTCTGGAGCC"	0	0	1	0	0	1	1	0	0	"2_119372409_G_A"
2	119372409	"G"	"A"	"AGTGTCAAGGGTATCG"	4	0	113	0	4	113	117	0	0.0341880341880342	"2_119372409_G_A"
2	119372409	"G"	"A"	"AGTGTCAAGTGGGATC"	0	0	13	0	0	13	13	0	0	"2_119372409_G_A"
2	119372409	"G"	"A"	"AGTGTCACACCGAAAG"	0	0	18	0	0	18	18	0	0	"2_119372409_G_A"
2	119372409	"G"	"A"	"GAAACTCCACAACTGT"	0	0	228	0	0	228	230	0	0	"2_119372409_G_A"
2	119372409	"G"	"A"	"AGTGTCACACTTAACG"	0	0	163	0	0	163	163	0	0	"2_119372409_G_A"
2	119372409	"G"	"A"	"ATCGAGTGTCTAAACC"	0	0	231	0	0	231	231	0	0	"2_119372409_G_A"
2	119372409	"G"	"A"	"TAGACCAAGCTCCCAG"	0	0	6	0	0	6	6	0	0	"2_119372409_G_A"
2	119372409	"G"	"A"	"TAGACCAGTCCTAGCG"	0	0	42	0	0	42	43	0	0	"2_119372409_G_A"
2	119372409	"G"	"A"	"CACCTTGTCAGCTGGC"	0	0	47	0	0	47	47	0	0	"2_119372409_G_A"
2	119372409	"G"	"A"	"TAGAGCTAGACAAGCC"	0	0	4	0	0	4	4	0	0	"2_119372409_G_A"
2	119372409	"G"	"A"	"TAGAGCTAGATAGTCA"	0	0	22	0	0	22	22	0	0	"2_119372409_G_A"
2	119372409	"G"	"A"	"CACTCCATCCAAAGTC"	0	0	68	0	0	68	68	0	0	"2_119372409_G_A"
2	119372409	"G"	"A"	"CGATGTATCTGTCTCG"	0	0	13	0	0	13	13	0	0	"2_119372409_G_A"
2	119372409	"G"	"A"	"TGCACCTGTACAGTTC"	0	0	18	0	0	18	18	0	0	"2_119372409_G_A"
2	119372409	"G"	"A"	"ATCTGCCTCAAAGTAG"	3	0	84	0	3	84	88	0	0.0344827586206897	"2_119372409_G_A"
2	119372409	"G"	"A"	"CGCCAAGAGTAAGTAC"	0	0	2	0	0	2	2	0	0	"2_119372409_G_A"
2	119372409	"G"	"A"	"CGCCAAGGTACTTCTT"	0	0	52	0	0	52	53	0	0	"2_119372409_G_A"
2	119372409	"G"	"A"	"CGCGGTAAGACTAAGT"	0	0	66	0	0	66	66	0	0	"2_119372409_G_A"
2	119372409	"G"	"A"	"ATCACGACATGGATGG"	0	0	6	0	0	6	6	0	0	"2_119372409_G_A"
2	119372409	"G"	"A"	"TATCAGGCATGCATGT"	0	0	2	0	0	2	2	0	0	"2_119372409_G_A"
2	119372409	"G"	"A"	"ACATCAGGTGTGAAAT"	0	0	13	0	0	13	13	0	0	"2_119372409_G_A"
2	119372409	"G"	"A"	"ACATCAGTCGCGCCAA"	0	0	1	0	0	1	1	0	0	"2_119372409_G_A"
2	119372409	"G"	"A"	"ACATGGTAGTCTCGGC"	0	0	248	0	0	248	248	0.401606425702811	0	"2_119372409_G_A"
2	119372409	"G"	"A"	"ACATGGTGTACAGACG"	0	0	1	0	0	1	1	0	0	"2_119372409_G_A"
2	119372409	"G"	"A"	"CACATAGAGATCGATA"	0	0	1	0	0	1	1	0	0	"2_119372409_G_A"
2	119372409	"G"	"A"	"CACATAGGTAATAGCA"	0	0	20	0	0	20	20	0	0	"2_119372409_G_A"
2	119372409	"G"	"A"	"CACATAGTCTTGACGA"	14	0	42	0	14	42	57	3.38983050847458	0.25	"2_119372409_G_A"
2	119372409	"G"	"A"	"CACATTTAGAAACCGC"	1	0	169	0	1	169	170	0.584795321637427	0.0058823529411764	"2_119372409_G_A"
2	119372409	"G"	"A"	"CACATTTCAATCCGAT"	0	0	62	0	0	62	63	0	0	"2_119372409_G_A"
2	119372409	"G"	"A"	"CACATTTCACGAAAGC"	0	0	22	0	0	22	22	0	0	"2_119372409_G_A"
2	119372409	"G"	"A"	"CACATTTCAGCATACT"	0	0	14	0	0	14	14	0	0	"2_119372409_G_A"
2	119372409	"G"	"A"	"CACATTTGTAGATTAG"	0	0	2	0	0	2	2	0	0	"2_119372409_G_A"
2	119372409	"G"	"A"	"CACCACTAGGATGTAT"	0	0	1	0	0	1	1	0	0	"2_119372409_G_A"
2	119372409	"G"	"A"	"CACCACTCACATCCAA"	0	0	5	0	0	5	5	0	0	"2_119372409_G_A"
2	119372409	"G"	"A"	"CACCACTCAGACTCGC"	0	0	18	0	0	18	18	0	0	"2_119372409_G_A"
2	119372409	"G"	"A"	"CACCACTGTGCGAAAC"	0	0	251	0	0	251	251	0.396825396825397	0	"2_119372409_G_A"
2	119372409	"G"	"A"	"ACCCACTGTTCGTGAT"	0	0	8	0	0	8	8	0	0	"2_119372409_G_A"
2	119372409	"G"	"A"	"ACCGTAACACCCATTC"	0	0	139	0	0	139	139	0	0	"2_119372409_G_A"
2	119372409	"G"	"A"	"ACCGTAACACGGCCAT"	0	0	21	0	0	21	21	0	0	"2_119372409_G_A"
2	119372409	"G"	"A"	"CTCGAGGAGTTACGGG"	0	0	9	0	0	9	9	0	0	"2_119372409_G_A"
2	119372409	"G"	"A"	"CTCGAGGCATGTCTCC"	0	0	13	0	0	13	13	0	0	"2_119372409_G_A"
2	119372409	"G"	"A"	"CTCGAGGTCGAATCCA"	0	0	9	0	0	9	9	0	0	"2_119372409_G_A"
2	119372409	"G"	"A"	"CTCGAGGTCTGTCCGT"	0	0	78	0	0	78	78	0	0	"2_119372409_G_A"
2	119372409	"G"	"A"	"GTGTGCGCATTGGGCC"	0	0	14	0	0	14	14	0	0	"2_119372409_G_A"
2	119372409	"G"	"A"	"CACCTTGAGGCTCTTA"	0	0	12	0	0	12	12	0	0	"2_119372409_G_A"
2	119372409	"G"	"A"	"TACTTGTGTGCCTTGG"	0	0	9	0	0	9	9	0	0	"2_119372409_G_A"
2	119372409	"G"	"A"	"CACCTTGCATCCCATC"	0	0	4	0	0	4	5	0	0	"2_119372409_G_A"
2	119372409	"G"	"A"	"CACCTTGTCACGCGGT"	0	0	239	0	0	239	239	0	0	"2_119372409_G_A"
2	119372409	"G"	"A"	"GAACCTACAAATACAG"	0	0	6	0	0	6	6	0	0	"2_119372409_G_A"
2	119372409	"G"	"A"	"CACCTTGTCATGCAAC"	0	0	94	0	0	94	94	2.08333333333333	0	"2_119372409_G_A"
2	119372409	"G"	"A"	"TCAGCAATCTTTAGTC"	0	0	18	0	0	18	18	0	0	"2_119372409_G_A"
2	119372409	"G"	"A"	"TAGCCGGGTAGGGTAC"	0	0	13	0	0	13	13	0	0	"2_119372409_G_A"
2	119372409	"G"	"A"	"TGCACCTGTAATTGGA"	0	0	1	0	0	1	1	0	0	"2_119372409_G_A"
2	119372409	"G"	"A"	"GTGCAGCAGGCTACGA"	0	0	8	0	0	8	8	0	0	"2_119372409_G_A"
2	119372409	"G"	"A"	"GTGCAGCAGTGGACGT"	0	0	4	0	0	4	4	0	0	"2_119372409_G_A"
2	119372409	"G"	"A"	"ATCTGCCTCATCTGTT"	0	0	5	0	0	5	5	0	0	"2_119372409_G_A"
2	119372409	"G"	"A"	"ATCTGCCTCGGTGTTA"	0	0	1	0	0	1	1	0	0	"2_119372409_G_A"
2	119372409	"G"	"A"	"TGCCAAAGTCGCATAT"	0	0	3	0	0	3	4	0	0	"2_119372409_G_A"
2	119372409	"G"	"A"	"TGCCAAATCTTTAGGG"	0	0	38	0	0	38	38	0	0	"2_119372409_G_A"
2	119372409	"G"	"A"	"TGCCCATGTAGCTGCC"	0	0	59	0	0	59	59	0	0	"2_119372409_G_A"
2	119372409	"G"	"A"	"TCAGGTAGTCAGAATA"	0	0	83	0	0	83	83	0	0	"2_119372409_G_A"
2	119372409	"G"	"A"	"TCAGGTAGTCATACTG"	0	0	2	0	0	2	2	0	0	"2_119372409_G_A"
2	119372409	"G"	"A"	"TCAGGTATCAGTTCGA"	1	0	37	0	1	37	38	0	0.0263157894736842	"2_119372409_G_A"
2	119372409	"G"	"A"	"TCAGGTATCGTGACAT"	0	0	315	0	0	315	316	0	0	"2_119372409_G_A"
2	119372409	"G"	"A"	"TCATTACAGGATATAC"	0	0	148	0	0	148	149	0	0	"2_119372409_G_A"
2	119372409	"G"	"A"	"TGCGCAGCATCATCCC"	5	0	17	0	5	17	22	0	0.227272727272727	"2_119372409_G_A"
2	119372409	"G"	"A"	"TGCGCAGGTGCGCTTG"	0	0	4	0	0	4	4	0	0	"2_119372409_G_A"
2	119372409	"G"	"A"	"TGCGCAGTCTATCGCC"	0	0	9	0	0	9	9	0	0	"2_119372409_G_A"
2	119372409	"G"	"A"	"TGCGCAGTCTTAGCCC"	0	0	36	0	0	36	36	0	0	"2_119372409_G_A"
2	119372409	"G"	"A"	"TGCGGGTGTAAGTGTA"	0	0	24	0	0	24	25	0	0	"2_119372409_G_A"
2	119372409	"G"	"A"	"TGCGGGTGTCCAGTGC"	0	0	81	0	0	81	81	0	0	"2_119372409_G_A"
2	119372409	"G"	"A"	"TGCGGGTGTGGCAAAC"	0	0	4	0	0	4	4	0	0	"2_119372409_G_A"
2	119372409	"G"	"A"	"CAGCATAGTGACTCAT"	0	0	106	0	0	106	107	0	0	"2_119372409_G_A"
2	119372409	"G"	"A"	"CAGCATAGTTCAGACT"	0	0	15	0	0	15	15	0	0	"2_119372409_G_A"
2	119372409	"G"	"A"	"CAGCCGAAGGATGCGT"	0	0	45	0	0	45	45	0	0	"2_119372409_G_A"
2	119372409	"G"	"A"	"TGCGGGTTCCCATTTA"	0	0	36	0	0	36	36	0	0	"2_119372409_G_A"
2	119372409	"G"	"A"	"TGCGGGTTCGAGCCCA"	0	0	22	0	0	22	22	0	0	"2_119372409_G_A"
2	119372409	"G"	"A"	"TGCGGGTTCTTACCTA"	0	0	16	0	0	16	16	0	0	"2_119372409_G_A"
2	119372409	"G"	"A"	"TGCGTGGGTCCGAAGA"	0	0	1	0	0	1	1	0	0	"2_119372409_G_A"
2	119372409	"G"	"A"	"TGCGTGGTCATGGTCA"	0	0	44	0	0	44	44	0	0	"2_119372409_G_A"
2	119372409	"G"	"A"	"TGCTGCTTCCTGCAGG"	0	0	20	0	0	20	20	0	0	"2_119372409_G_A"
2	119372409	"G"	"A"	"TGCTACCAGGATGTAT"	0	0	1	0	0	1	1	0	0	"2_119372409_G_A"
2	119372409	"G"	"A"	"TGGACGCCACCGCTAG"	0	0	24	0	0	24	24	0	0	"2_119372409_G_A"
2	119372409	"G"	"A"	"TGCTACCCACCAGCAC"	0	0	7	0	0	7	7	0	0	"2_119372409_G_A"
2	119372409	"G"	"A"	"TACTTACTCTTCTGGC"	0	0	389	0	0	389	389	0.256410256410256	0	"2_119372409_G_A"
2	119372409	"G"	"A"	"CACCTTGCAAGCCATT"	0	0	21	0	0	21	21	0	0	"2_119372409_G_A"
2	119372409	"G"	"A"	"GAAATGATCGATGAGG"	0	0	294	0	0	294	295	0	0	"2_119372409_G_A"
2	119372409	"G"	"A"	"GAACATCAGCACAGGT"	0	0	98	0	0	98	98	0	0	"2_119372409_G_A"
2	119372409	"G"	"A"	"TCAGCAACAGGAATGC"	0	0	4	0	0	4	4	0	0	"2_119372409_G_A"
2	119372409	"G"	"A"	"GAACCTACACAACTGT"	0	0	31	0	0	31	31	0	0	"2_119372409_G_A"
2	119372409	"G"	"A"	"GAACCTATCCCAAGAT"	0	0	7	0	0	7	7	0	0	"2_119372409_G_A"
2	119372409	"G"	"A"	"TCAGCTCCAATCTGCA"	0	0	5	0	0	5	5	0	0	"2_119372409_G_A"
2	119372409	"G"	"A"	"GTGAAGGGTGTCCTCT"	0	0	8	0	0	8	8	0	0	"2_119372409_G_A"
2	119372409	"G"	"A"	"TCAGCTCCATAGAAAC"	0	0	1	0	0	1	1	0	0	"2_119372409_G_A"
2	119372409	"G"	"A"	"TCAGCTCTCATCGCTC"	0	0	10	0	0	10	10	0	0	"2_119372409_G_A"
2	119372409	"G"	"A"	"GTGCAGCCACCCTATC"	0	0	139	0	0	139	139	0	0	"2_119372409_G_A"
2	119372409	"G"	"A"	"TTCGGTCAGACGACGT"	0	0	7	0	0	7	7	0	0	"2_119372409_G_A"
2	119372409	"G"	"A"	"TTCGGTCGTACATGTC"	0	0	6	0	0	6	6	0	0	"2_119372409_G_A"
2	119372409	"G"	"A"	"TTCGGTCTCATTTGGG"	0	0	2	0	0	2	2	0	0	"2_119372409_G_A"
2	119372409	"G"	"A"	"TTCTACAAGTCGATAA"	0	0	7	0	0	7	7	0	0	"2_119372409_G_A"
2	119372409	"G"	"A"	"TTCTACACAACACCTA"	0	0	3	0	0	3	3	0	0	"2_119372409_G_A"
2	119372409	"G"	"A"	"GTGCATAAGGTGGGTT"	0	0	6	0	0	6	6	0	0	"2_119372409_G_A"
2	119372409	"G"	"A"	"TGGTTAGTCTGTCTAT"	0	0	367	0	0	367	370	0	0	"2_119372409_G_A"
2	119372409	"G"	"A"	"TCGGTAAAGTGAAGAG"	0	0	5	0	0	5	5	0	0	"2_119372409_G_A"
2	119372409	"G"	"A"	"TGGTTCCTCCTAGGGC"	0	0	73	0	0	73	73	1.35135135135135	0	"2_119372409_G_A"
2	119372409	"G"	"A"	"TGTATTCAGACTGTAA"	0	0	3	0	0	3	3	0	0	"2_119372409_G_A"
2	119372409	"G"	"A"	"CTTACCGAGCCAGTTT"	0	0	4	0	0	4	4	0	0	"2_119372409_G_A"
2	119372409	"G"	"A"	"CTTAGGAAGAGATGAG"	0	0	1	0	0	1	1	0	0	"2_119372409_G_A"
2	119372409	"G"	"A"	"CTTAGGAAGCAAATCA"	0	0	6	0	0	6	6	0	0	"2_119372409_G_A"
2	119372409	"G"	"A"	"CTTAGGAAGGTAGCTG"	0	0	9	0	0	9	9	0	0	"2_119372409_G_A"
2	119372409	"G"	"A"	"CATGACAGTATAATGG"	0	0	211	0	0	211	213	0	0	"2_119372409_G_A"
2	119372409	"G"	"A"	"CATGACATCGTTTAGG"	0	0	5	0	0	5	5	0	0	"2_119372409_G_A"
2	119372409	"G"	"A"	"CTTAGGAGTGGAAAGA"	0	0	18	0	0	18	18	0	0	"2_119372409_G_A"
2	119372409	"G"	"A"	"TGTTCCGTCGTACGGC"	0	0	31	0	0	31	31	0	0	"2_119372409_G_A"
2	119372409	"G"	"A"	"CTTAGGATCGCATGAT"	0	0	46	0	0	46	47	0	0	"2_119372409_G_A"
2	119372409	"G"	"A"	"CTTCTCTGTAATCGTC"	0	0	6	0	0	6	6	0	0	"2_119372409_G_A"
2	119372409	"G"	"A"	"CTTCTCTGTCTCAACA"	0	0	6	0	0	6	6	0	0	"2_119372409_G_A"
2	119372409	"G"	"A"	"CTTGGCTCAGCCTATA"	0	0	2	0	0	2	2	0	0	"2_119372409_G_A"
2	119372409	"G"	"A"	"CTTGGCTTCGTCCAGG"	0	0	1	0	0	1	1	0	0	"2_119372409_G_A"
2	119372409	"G"	"A"	"CTTTGCGAGGGTGTGT"	0	0	2	0	0	2	2	0	0	"2_119372409_G_A"
2	119372409	"G"	"A"	"CTTTGCGCAGCATGAG"	0	0	7	0	0	7	7	0	0	"2_119372409_G_A"
2	119372409	"G"	"A"	"CTTTGCGCATGGATGG"	0	0	19	0	0	19	20	4.76190476190476	0	"2_119372409_G_A"
2	119372409	"G"	"A"	"CTTTGCGGTCATGCAT"	0	0	8	0	0	8	8	0	0	"2_119372409_G_A"
2	119372409	"G"	"A"	"TACTTACTCATCACCC"	0	0	1	0	0	1	1	0	0	"2_119372409_G_A"
2	119372409	"G"	"A"	"ATCGAGTCAAGCCATT"	0	0	5	0	0	5	5	0	0	"2_119372409_G_A"
2	119372409	"G"	"A"	"GAAATGAAGGATGGAA"	0	0	9	0	0	9	9	0	0	"2_119372409_G_A"
2	119372409	"G"	"A"	"TCAGCAAAGTGTCTCA"	0	0	8	0	0	8	8	0	0	"2_119372409_G_A"
2	119372409	"G"	"A"	"TCAGCAACAAAGTCAA"	0	0	14	0	0	14	14	0	0	"2_119372409_G_A"
2	119372409	"G"	"A"	"TACTTGTCATGAACCT"	2	0	140	0	2	140	144	0	0.0140845070422535	"2_119372409_G_A"
2	119372409	"G"	"A"	"TCAGCAATCACCACCT"	0	0	1	0	0	1	1	0	0	"2_119372409_G_A"
2	119372409	"G"	"A"	"TCAGCAATCACGAAGG"	0	0	10	0	0	10	10	0	0	"2_119372409_G_A"
2	119372409	"G"	"A"	"GAACGGAAGACAGACC"	0	0	20	0	0	20	20	0	0	"2_119372409_G_A"
2	119372409	"G"	"A"	"TCAGCTCCACGTCTCT"	0	0	5	0	0	5	6	0	0	"2_119372409_G_A"
2	119372409	"G"	"A"	"TAGCCGGGTGTTGAGG"	0	0	10	0	0	10	10	0	0	"2_119372409_G_A"
2	119372409	"G"	"A"	"GCCTCTAGTGAAGGCT"	0	0	7	0	0	7	7	0	0	"2_119372409_G_A"
2	119372409	"G"	"A"	"TGCACCTTCCTTGCCA"	0	0	2	0	0	2	2	0	0	"2_119372409_G_A"
2	119372409	"G"	"A"	"TGCACCTTCGAATGGG"	0	0	64	0	0	64	65	0	0	"2_119372409_G_A"
2	119372409	"G"	"A"	"TGCCAAAAGACGCAAC"	0	0	78	0	0	78	78	1.26582278481013	0	"2_119372409_G_A"
2	119372409	"G"	"A"	"TCAGGTAAGTATGACA"	0	0	15	0	0	15	15	0	0	"2_119372409_G_A"
2	119372409	"G"	"A"	"TCAGGTACAACAACCT"	0	0	5	0	0	5	5	0	0	"2_119372409_G_A"
2	119372409	"G"	"A"	"TCAGGTACAATTGCTG"	0	0	6	0	0	6	6	0	0	"2_119372409_G_A"
2	119372409	"G"	"A"	"TAGTTGGGTATAAACG"	0	0	1	0	0	1	1	0	0	"2_119372409_G_A"
2	119372409	"G"	"A"	"GTGCATACAAGGACAC"	0	0	18	0	0	18	18	0	0	"2_119372409_G_A"
2	119372409	"G"	"A"	"GTGCATAGTATGCTTG"	0	0	13	0	0	13	13	0	0	"2_119372409_G_A"
2	119372409	"G"	"A"	"GTGCATAGTGGTACAG"	0	0	8	0	0	8	8	0	0	"2_119372409_G_A"
2	119372409	"G"	"A"	"GTGCATATCAGCGATT"	0	0	8	0	0	8	8	0	0	"2_119372409_G_A"
2	119372409	"G"	"A"	"GTGCGGTAGTTCGCGC"	0	0	1	0	0	1	1	0	0	"2_119372409_G_A"
2	119372409	"G"	"A"	"GTGCGGTCAGCTGCTG"	0	0	6	0	0	6	6	0	0	"2_119372409_G_A"
2	119372409	"G"	"A"	"GTGCGGTCATCACGTA"	0	0	15	0	0	15	15	0	0	"2_119372409_G_A"
2	119372409	"G"	"A"	"GTGCTTCAGAAGGTGA"	0	0	14	0	0	14	14	0	0	"2_119372409_G_A"
2	119372409	"G"	"A"	"GTGCTTCCACCATGTA"	0	0	18	0	0	18	18	0	0	"2_119372409_G_A"
2	119372409	"G"	"A"	"GTGCTTCGTCCAAGTT"	1	0	36	0	1	36	37	0	0.027027027027027	"2_119372409_G_A"
2	119372409	"G"	"A"	"GTGCTTCTCCAAGCCG"	0	0	6	0	0	6	6	0	0	"2_119372409_G_A"
2	119372409	"G"	"A"	"GTGCTTCTCGGCTACG"	0	0	12	0	0	12	12	0	0	"2_119372409_G_A"
2	119372409	"G"	"A"	"GACAGAGTCTCTGCTG"	0	0	5	0	0	5	5	0	0	"2_119372409_G_A"
2	119372409	"G"	"A"	"GACCAATAGAGTGAGA"	0	0	7	0	0	7	7	0	0	"2_119372409_G_A"
2	119372409	"G"	"A"	"GACCAATCACAAGACG"	0	0	3	0	0	3	3	0	0	"2_119372409_G_A"
2	119372409	"G"	"A"	"GACCAATCAGTATAAG"	6	0	85	0	6	85	92	0	0.0659340659340659	"2_119372409_G_A"
2	119372409	"G"	"A"	"GACCAATGTCGAGATG"	0	0	10	0	0	10	10	0	0	"2_119372409_G_A"
2	119372409	"G"	"A"	"GACCAATGTGCAACGA"	0	0	36	0	0	36	36	0	0	"2_119372409_G_A"
2	119372409	"G"	"A"	"GACCAATTCTCAAGTG"	0	0	12	0	0	12	12	0	0	"2_119372409_G_A"
2	119372409	"G"	"A"	"GTGTGCGCAAGGTTCT"	0	0	25	0	0	25	25	0	0	"2_119372409_G_A"
2	119372409	"G"	"A"	"GTGTGCGCAGTAAGCG"	0	0	44	0	0	44	44	0	0	"2_119372409_G_A"
2	119372409	"G"	"A"	"ATCGAGTAGCGTCTAT"	0	0	12	0	0	12	12	0	0	"2_119372409_G_A"
2	119372409	"G"	"A"	"ACACCGGAGAGCTTCT"	0	0	351	0	0	351	353	0	0	"2_119372409_G_A"
2	119372409	"G"	"A"	"GACCTGGGTAATAGCA"	0	0	240	0	0	240	241	0.413223140495868	0	"2_119372409_G_A"
2	119372409	"G"	"A"	"TACTTGTAGGATGGTC"	0	0	3	0	0	3	3	0	0	"2_119372409_G_A"
2	119372409	"G"	"A"	"TACTTGTCAATCTACG"	0	0	9	0	0	9	9	0	0	"2_119372409_G_A"
2	119372409	"G"	"A"	"TGAGGGACAAGCTGAG"	0	0	6	0	0	6	6	0	0	"2_119372409_G_A"
2	119372409	"G"	"A"	"ACACCGGGTTTCGCTC"	0	0	3	0	0	3	3	0	0	"2_119372409_G_A"
2	119372409	"G"	"A"	"ACACTGAAGGCGACAT"	0	0	201	0	0	201	201	0	0	"2_119372409_G_A"
2	119372409	"G"	"A"	"TGATTTCTCAAACCAC"	0	0	155	0	0	155	155	0	0	"2_119372409_G_A"
2	119372409	"G"	"A"	"GAACGGAAGGCAATTA"	0	0	3	0	0	3	3	0	0	"2_119372409_G_A"
2	119372409	"G"	"A"	"TGCACCTAGAAACCGC"	0	0	13	0	0	13	13	0	0	"2_119372409_G_A"
2	119372409	"G"	"A"	"TGCACCTCACATTAGC"	0	0	11	0	0	11	11	0	0	"2_119372409_G_A"
2	119372409	"G"	"A"	"TAGGCATAGCCACTAT"	0	0	124	0	0	124	125	0	0	"2_119372409_G_A"
2	119372409	"G"	"A"	"TAGGCATCAATGGAGC"	0	0	67	0	0	67	67	0	0	"2_119372409_G_A"
2	119372409	"G"	"A"	"ATAGACCGTACAGTGG"	1	0	64	0	1	64	66	0	0.0153846153846154	"2_119372409_G_A"
2	119372409	"G"	"A"	"ATAGACCGTCAAAGAT"	0	0	9	0	0	9	9	0	0	"2_119372409_G_A"
2	119372409	"G"	"A"	"ATAGACCTCCGAATGT"	0	0	34	0	0	34	34	0	0	"2_119372409_G_A"
2	119372409	"G"	"A"	"ATCACGAAGCTAAGAT"	0	0	5	0	0	5	5	0	0	"2_119372409_G_A"
2	119372409	"G"	"A"	"GTGCATAAGCTAGCCC"	0	0	5	0	0	5	5	0	0	"2_119372409_G_A"
2	119372409	"G"	"A"	"ACATCAGGTCCATGAT"	0	0	183	0	0	183	183	0	0	"2_119372409_G_A"
2	119372409	"G"	"A"	"GGGAGATAGAGTCGGT"	0	0	7	0	0	7	7	0	0	"2_119372409_G_A"
2	119372409	"G"	"A"	"TGCCCTATCACTATTC"	0	0	6	0	0	6	6	0	0	"2_119372409_G_A"
2	119372409	"G"	"A"	"TGCGCAGCAAGGACAC"	0	0	11	0	0	11	11	0	0	"2_119372409_G_A"
2	119372409	"G"	"A"	"GGGAGATTCTACTTAC"	0	0	46	0	0	46	46	0	0	"2_119372409_G_A"
2	119372409	"G"	"A"	"TGTATTCGTCAAGCGA"	0	0	6	0	0	6	6	0	0	"2_119372409_G_A"
2	119372409	"G"	"A"	"TGTCCCACAGTCTTCC"	0	0	27	0	0	27	27	0	0	"2_119372409_G_A"
2	119372409	"G"	"A"	"TGTGGTACAAGTCTGT"	0	0	2	0	0	2	2	0	0	"2_119372409_G_A"
2	119372409	"G"	"A"	"TGTGGTAGTTTGACAC"	0	0	17	0	0	17	17	0	0	"2_119372409_G_A"
2	119372409	"G"	"A"	"TGTGGTATCTAAGCCA"	0	0	129	0	0	129	129	0.769230769230769	0	"2_119372409_G_A"
2	119372409	"G"	"A"	"CGTTGGGGTTCGTCTC"	0	0	4	0	0	4	4	0	0	"2_119372409_G_A"
2	119372409	"G"	"A"	"GGATTACTCGCGATCG"	0	0	2	0	0	2	2	0	0	"2_119372409_G_A"
2	119372409	"G"	"A"	"TGCGGGTTCAGCTTAG"	0	0	68	0	0	68	68	1.44927536231884	0	"2_119372409_G_A"
2	119372409	"G"	"A"	"GGCAATTGTACCCAAT"	0	0	2	0	0	2	2	0	0	"2_119372409_G_A"
2	119372409	"G"	"A"	"GGCAATTGTGTGAATA"	0	0	32	0	0	32	32	0	0	"2_119372409_G_A"
2	119372409	"G"	"A"	"GGCAATTGTTCAGCGC"	0	0	46	0	0	46	46	0	0	"2_119372409_G_A"
2	119372409	"G"	"A"	"GGCCGATGTCTCCACT"	1	0	2	0	1	2	3	0	0.333333333333333	"2_119372409_G_A"
2	119372409	"G"	"A"	"GGCGACTAGGCAATTA"	0	0	1	0	0	1	1	0	0	"2_119372409_G_A"
2	119372409	"G"	"A"	"TACTTACCAAGGGTCA"	0	0	4	0	0	4	4	0	0	"2_119372409_G_A"
2	119372409	"G"	"A"	"TACTTACTCACTATTC"	1	0	52	0	1	52	53	0	0.0188679245283019	"2_119372409_G_A"
2	119372409	"G"	"A"	"GGCGACTGTACCGGCT"	0	0	18	0	0	18	18	0	0	"2_119372409_G_A"
2	119372409	"G"	"A"	"CACCAGGGTTGGTAAA"	0	0	25	0	0	25	25	0	0	"2_119372409_G_A"
2	119372409	"G"	"A"	"ACACCGGAGCAGATCG"	0	0	1	0	0	1	1	0	0	"2_119372409_G_A"
2	119372409	"G"	"A"	"TCAGCAAAGAATAGGG"	0	0	15	0	0	15	15	0	0	"2_119372409_G_A"
2	119372409	"G"	"A"	"TGAGGGAAGAAACCGC"	0	0	90	0	0	90	90	0	0	"2_119372409_G_A"
2	119372409	"G"	"A"	"ACACCGGCACGTGAGA"	2	0	244	0	2	244	246	0	0.008130081300813	"2_119372409_G_A"
2	119372409	"G"	"A"	"TGAGGGACAGGAACGT"	0	0	153	0	0	153	153	0	0	"2_119372409_G_A"
2	119372409	"G"	"A"	"TGAGGGAGTTCAGGCC"	0	0	16	0	0	16	17	0	0	"2_119372409_G_A"
2	119372409	"G"	"A"	"ACACTGACAAAGAATC"	0	0	4	0	0	4	4	0	0	"2_119372409_G_A"
2	119372409	"G"	"A"	"TGATTTCTCAACCATG"	0	0	116	0	0	116	117	0	0	"2_119372409_G_A"
2	119372409	"G"	"A"	"ACACTGACACGCCAGT"	0	0	33	0	0	33	33	0	0	"2_119372409_G_A"
2	119372409	"G"	"A"	"TTAGTTCTCCGGGTGT"	0	0	577	0	0	577	579	0.344234079173838	0	"2_119372409_G_A"
2	119372409	"G"	"A"	"TCAGCTCTCCGCGTTT"	0	0	2	0	0	2	2	0	0	"2_119372409_G_A"
2	119372409	"G"	"A"	"TCAGGATTCCGTAGGC"	0	0	59	0	0	59	59	0	0	"2_119372409_G_A"
2	119372409	"G"	"A"	"TCAGGATTCCTACAGA"	0	0	90	0	0	90	90	0	0	"2_119372409_G_A"
2	119372409	"G"	"A"	"TCAGGATTCGTTTAGG"	0	0	197	0	0	197	198	0	0	"2_119372409_G_A"
2	119372409	"G"	"A"	"GTGCATAAGAATGTGT"	0	0	25	0	0	25	25	0	0	"2_119372409_G_A"
2	119372409	"G"	"A"	"TAGTGGTGTAAACACA"	2	0	361	0	2	361	364	0.273972602739726	0.0055096418732782	"2_119372409_G_A"
2	119372409	"G"	"A"	"GTGCATAAGGATATAC"	0	0	10	0	0	10	10	0	0	"2_119372409_G_A"
2	119372409	"G"	"A"	"GAATGAAAGATAGTCA"	0	0	10	0	0	10	10	0	0	"2_119372409_G_A"
2	119372409	"G"	"A"	"TGGTTCCAGCTGGAAC"	0	0	4	0	0	4	4	0	0	"2_119372409_G_A"
2	119372409	"G"	"A"	"GGGAGATTCATGTCCC"	0	0	23	0	0	23	23	0	0	"2_119372409_G_A"
2	119372409	"G"	"A"	"GACACGCGTCGCATCG"	0	0	132	0	0	132	132	0	0	"2_119372409_G_A"
2	119372409	"G"	"A"	"CACAGTATCCGTCAAA"	0	0	4	0	0	4	4	0	0	"2_119372409_G_A"
2	119372409	"G"	"A"	"TGACTAGGTGTTTGGT"	0	0	21	0	0	21	21	0	0	"2_119372409_G_A"
2	119372409	"G"	"A"	"TGACTAGGTTAGTGGG"	0	0	29	0	0	29	29	0	0	"2_119372409_G_A"
2	119372409	"G"	"A"	"TATGCCCAGCTGAAAT"	0	0	7	0	0	7	7	0	0	"2_119372409_G_A"
2	119372409	"G"	"A"	"TATGCCCCAGGAACGT"	0	0	12	0	0	12	12	0	0	"2_119372409_G_A"
2	119372409	"G"	"A"	"TATTACCAGTCTCAAC"	0	0	1	0	0	1	1	0	0	"2_119372409_G_A"
2	119372409	"G"	"A"	"TGAGAGGAGCTGAACG"	0	0	9	0	0	9	9	0	0	"2_119372409_G_A"
2	119372409	"G"	"A"	"CTCATTAAGTGTGAAT"	0	0	37	0	0	37	37	0	0	"2_119372409_G_A"
2	119372409	"G"	"A"	"GGCAATTAGTAAGTAC"	0	0	11	0	0	11	11	0	0	"2_119372409_G_A"
2	119372409	"G"	"A"	"CTCATTAGTGCCTTGG"	0	0	5	0	0	5	5	0	0	"2_119372409_G_A"
2	119372409	"G"	"A"	"CTCATTAGTTACGGAG"	0	0	5	0	0	5	5	0	0	"2_119372409_G_A"
2	119372409	"G"	"A"	"TCACAAGCACGAAATA"	0	0	29	0	0	29	29	0	0	"2_119372409_G_A"
2	119372409	"G"	"A"	"TCACAAGGTTAGATGA"	0	0	21	0	0	21	21	4.54545454545455	0	"2_119372409_G_A"
2	119372409	"G"	"A"	"ATCCGAAGTTCCACGG"	0	0	11	0	0	11	11	0	0	"2_119372409_G_A"
2	119372409	"G"	"A"	"ATCCGAATCAGTTTGG"	0	0	12	0	0	12	12	0	0	"2_119372409_G_A"
2	119372409	"G"	"A"	"ATCCGAATCCGCAGTG"	0	0	19	0	0	19	19	0	0	"2_119372409_G_A"
2	119372409	"G"	"A"	"CTCGAAATCCTGTACC"	0	0	10	0	0	10	10	0	0	"2_119372409_G_A"
2	119372409	"G"	"A"	"CATTATCGTTTGACAC"	0	0	6	0	0	6	6	0	0	"2_119372409_G_A"
2	119372409	"G"	"A"	"CACCTTGAGAGTAATC"	0	0	10	0	0	10	10	0	0	"2_119372409_G_A"
2	119372409	"G"	"A"	"TTAGGACCACGGCGTT"	0	0	19	0	0	19	19	0	0	"2_119372409_G_A"
2	119372409	"G"	"A"	"TTAGGACCATGTCGAT"	0	0	36	0	0	36	36	0	0	"2_119372409_G_A"
2	119372409	"G"	"A"	"GGCGTGTGTATTAGCC"	0	0	13	0	0	13	13	0	0	"2_119372409_G_A"
2	119372409	"G"	"A"	"ACACCGGCAGCTCGCA"	0	0	8	0	0	8	8	0	0	"2_119372409_G_A"
2	119372409	"G"	"A"	"GGCGTGTTCCTGCTTG"	0	0	142	0	0	142	143	0	0	"2_119372409_G_A"
2	119372409	"G"	"A"	"TGATTTCCAAGAGGCT"	0	0	7	0	0	7	7	0	0	"2_119372409_G_A"
2	119372409	"G"	"A"	"ACACTGACAAGCTGGA"	0	0	2	0	0	2	2	0	0	"2_119372409_G_A"
2	119372409	"G"	"A"	"GGCTCGAGTCCTCTTG"	0	0	14	0	0	14	14	0	0	"2_119372409_G_A"
2	119372409	"G"	"A"	"GGCTCGAGTGGCGAAT"	0	0	12	0	0	12	12	0	0	"2_119372409_G_A"
2	119372409	"G"	"A"	"TTATGCTAGCACCGCT"	0	0	5	0	0	5	5	0	0	"2_119372409_G_A"
2	119372409	"G"	"A"	"GAAGCAGGTGCGGTAA"	0	0	9	0	0	9	9	0	0	"2_119372409_G_A"
2	119372409	"G"	"A"	"GAATAAGCACGCGAAA"	0	0	7	0	0	7	7	0	0	"2_119372409_G_A"
2	119372409	"G"	"A"	"GAATAAGCAGCGAACA"	0	0	13	0	0	13	13	0	0	"2_119372409_G_A"
2	119372409	"G"	"A"	"GTGCAGCCATCTATGG"	0	0	4	0	0	4	4	0	0	"2_119372409_G_A"
2	119372409	"G"	"A"	"ACAGCTAAGGCTATCT"	0	0	2	0	0	2	2	0	0	"2_119372409_G_A"
2	119372409	"G"	"A"	"GGGAATGGTCAGTGGA"	0	0	17	0	0	17	17	0	0	"2_119372409_G_A"
2	119372409	"G"	"A"	"TAGTTGGAGCCACCTG"	0	0	21	0	0	21	21	0	0	"2_119372409_G_A"
2	119372409	"G"	"A"	"TAGTTGGAGTTAGGTA"	0	0	1	0	0	1	1	0	0	"2_119372409_G_A"
2	119372409	"G"	"A"	"GGGAGATTCAAGGTAA"	0	0	1	0	0	1	1	0	0	"2_119372409_G_A"
2	119372409	"G"	"A"	"GACACGCCACAGGCCT"	0	0	20	0	0	20	20	0	0	"2_119372409_G_A"
2	119372409	"G"	"A"	"CTAGCCTCAGGCTCAC"	0	0	1	0	0	1	1	0	0	"2_119372409_G_A"
2	119372409	"G"	"A"	"GACACGCTCATTTGGG"	0	0	37	0	0	37	38	2.56410256410256	0	"2_119372409_G_A"
2	119372409	"G"	"A"	"GACACGCTCGTACCGG"	0	0	21	0	0	21	21	0	0	"2_119372409_G_A"
2	119372409	"G"	"A"	"GACAGAGAGATCTGAA"	0	0	176	0	0	176	176	0	0	"2_119372409_G_A"
2	119372409	"G"	"A"	"GACAGAGAGTACCGGA"	0	0	7	0	0	7	7	0	0	"2_119372409_G_A"
2	119372409	"G"	"A"	"TGACTAGTCGAACTGT"	0	0	27	0	0	27	27	0	0	"2_119372409_G_A"
2	119372409	"G"	"A"	"TGACTTTCACGGTGTC"	0	0	6	0	0	6	6	0	0	"2_119372409_G_A"
2	119372409	"G"	"A"	"TGAGAGGAGACACTAA"	1	0	136	0	1	136	138	0	0.0072992700729927	"2_119372409_G_A"
2	119372409	"G"	"A"	"TGTTCCGGTAGTACCT"	0	0	11	0	0	11	11	0	0	"2_119372409_G_A"
2	119372409	"G"	"A"	"CTCATTACAACTGCGC"	0	0	1	0	0	1	1	0	0	"2_119372409_G_A"
2	119372409	"G"	"A"	"CTTAGGAGTCTAAACC"	0	0	16	0	0	16	16	0	0	"2_119372409_G_A"
2	119372409	"G"	"A"	"TTAACTCCATGTAAGA"	0	0	4	0	0	4	4	0	0	"2_119372409_G_A"
2	119372409	"G"	"A"	"TTAACTCCATTTCACT"	0	0	3	0	0	3	3	0	0	"2_119372409_G_A"
2	119372409	"G"	"A"	"TTAACTCGTACACCGC"	0	0	11	0	0	11	11	0	0	"2_119372409_G_A"
2	119372409	"G"	"A"	"TTAACTCGTCAGTGGA"	0	0	174	0	0	174	175	0	0	"2_119372409_G_A"
2	119372409	"G"	"A"	"TTAACTCGTCTGATTG"	0	0	29	0	0	29	29	0	0	"2_119372409_G_A"
2	119372409	"G"	"A"	"GGCGACTCAATAAGCA"	0	0	16	0	0	16	16	0	0	"2_119372409_G_A"
2	119372409	"G"	"A"	"CATTATCAGATGCGAC"	0	0	1	0	0	1	1	0	0	"2_119372409_G_A"
2	119372409	"G"	"A"	"TCACGAATCGGACAAG"	0	0	2	0	0	2	2	0	0	"2_119372409_G_A"
2	119372409	"G"	"A"	"TTAACTCTCGCAGGCT"	0	0	9	0	0	9	9	0	0	"2_119372409_G_A"
2	119372409	"G"	"A"	"GACCTGGAGTGGGATC"	0	0	10	0	0	10	10	0	0	"2_119372409_G_A"
2	119372409	"G"	"A"	"TGAGCCGGTATGGTTC"	0	0	7	0	0	7	7	0	0	"2_119372409_G_A"
2	119372409	"G"	"A"	"TGAGCATTCCGTTGCT"	0	0	1	0	0	1	1	0	0	"2_119372409_G_A"
2	119372409	"G"	"A"	"CTACACCAGTCTCGGC"	0	0	98	0	0	98	100	0	0	"2_119372409_G_A"
2	119372409	"G"	"A"	"GGCGTGTGTGTATGGG"	0	0	16	0	0	16	16	0	0	"2_119372409_G_A"
2	119372409	"G"	"A"	"GGCGTGTTCGGCATCG"	0	0	46	0	0	46	46	4.16666666666667	0	"2_119372409_G_A"
2	119372409	"G"	"A"	"GGCTCGAAGGCGTACA"	0	0	1	0	0	1	1	0	0	"2_119372409_G_A"
2	119372409	"G"	"A"	"CTACACCCACCGAATT"	0	0	39	0	0	39	39	0	0	"2_119372409_G_A"
2	119372409	"G"	"A"	"CTACACCCATGTAAGA"	0	0	1	0	0	1	1	0	0	"2_119372409_G_A"
2	119372409	"G"	"A"	"GGCTCGATCATTCACT"	0	0	16	0	0	16	16	0	0	"2_119372409_G_A"
2	119372409	"G"	"A"	"GAACGGATCTGGGCCA"	0	0	6	0	0	6	6	0	0	"2_119372409_G_A"
2	119372409	"G"	"A"	"TAGGCATAGACACTAA"	0	0	43	0	0	43	43	0	0	"2_119372409_G_A"
2	119372409	"G"	"A"	"ACAGCCGGTATATCCG"	0	0	5	0	0	5	5	0	0	"2_119372409_G_A"
2	119372409	"G"	"A"	"ACAGCCGTCCACGTTC"	0	0	2	0	0	2	2	0	0	"2_119372409_G_A"
2	119372409	"G"	"A"	"GGGAATGGTCAAAGAT"	0	0	1	0	0	1	1	0	0	"2_119372409_G_A"
2	119372409	"G"	"A"	"CTACATTTCAGGTTCA"	1	0	32	0	1	32	33	0	0.0303030303030303	"2_119372409_G_A"
2	119372409	"G"	"A"	"ACAGCTACATCTATGG"	0	0	105	0	0	105	105	0	0	"2_119372409_G_A"
2	119372409	"G"	"A"	"GAATAAGGTCTCTCGT"	0	0	2	0	0	2	2	0	0	"2_119372409_G_A"
2	119372409	"G"	"A"	"GAATGAAAGCGTAATA"	0	0	2	0	0	2	2	0	0	"2_119372409_G_A"
2	119372409	"G"	"A"	"GGGACCTGTATATCCG"	0	0	1	0	0	1	1	0	0	"2_119372409_G_A"
2	119372409	"G"	"A"	"GGGACCTCATAAGACA"	0	0	93	0	0	93	93	0	0	"2_119372409_G_A"
2	119372409	"G"	"A"	"CTAGCCTTCCGAATGT"	0	0	418	0	0	418	420	0.4739336492891	0	"2_119372409_G_A"
2	119372409	"G"	"A"	"CTAGCCTTCTTAGCCC"	0	0	2	0	0	2	2	0	0	"2_119372409_G_A"
2	119372409	"G"	"A"	"CTAGTGACAGTAGAGC"	0	0	256	0	0	256	258	1.14942528735632	0	"2_119372409_G_A"
2	119372409	"G"	"A"	"CTAGTGAGTTAGTGGG"	0	0	7	0	0	7	7	0	0	"2_119372409_G_A"
2	119372409	"G"	"A"	"CTAGTGATCAATCACG"	0	0	3	0	0	3	3	0	0	"2_119372409_G_A"
2	119372409	"G"	"A"	"GACAGAGCACATAACC"	0	0	302	0	0	302	303	0	0	"2_119372409_G_A"
2	119372409	"G"	"A"	"GACAGAGCATTACGAC"	0	0	2	0	0	2	2	0	0	"2_119372409_G_A"
2	119372409	"G"	"A"	"GACAGAGTCAACCATG"	0	0	3	0	0	3	3	0	0	"2_119372409_G_A"
2	119372409	"G"	"A"	"TGTTCCGTCAGCTGGC"	0	0	6	0	0	6	6	0	0	"2_119372409_G_A"
2	119372409	"G"	"A"	"GACAGAGTCTCAACTT"	0	0	20	0	0	20	20	0	0	"2_119372409_G_A"
2	119372409	"G"	"A"	"TGAGAGGGTTAAGTAG"	1	0	328	0	1	328	330	0	0.0030395136778115	"2_119372409_G_A"
2	119372409	"G"	"A"	"TGAGAGGTCAGGCGAA"	0	0	1	0	0	1	1	0	0	"2_119372409_G_A"
2	119372409	"G"	"A"	"CTCCTAGAGCACAGGT"	0	0	82	0	0	82	82	0	0	"2_119372409_G_A"
2	119372409	"G"	"A"	"GGGCATCTCTTCCTTC"	0	0	13	0	0	13	13	0	0	"2_119372409_G_A"
2	119372409	"G"	"A"	"GGGTCTGAGGATGTAT"	0	0	3	0	0	3	3	0	0	"2_119372409_G_A"
2	119372409	"G"	"A"	"GGGTCTGAGTGGACGT"	0	0	4	0	0	4	4	0	0	"2_119372409_G_A"
2	119372409	"G"	"A"	"CTCGAAAAGTACGCGA"	0	0	56	0	0	56	56	0	0	"2_119372409_G_A"
2	119372409	"G"	"A"	"CTAAGACTCCTAGAAC"	1	0	41	0	1	41	42	0	0.0238095238095238	"2_119372409_G_A"
2	119372409	"G"	"A"	"GACCTGGAGGCATGGT"	0	0	1	0	0	1	1	0	0	"2_119372409_G_A"
2	119372409	"G"	"A"	"CTAATGGAGCAATCTC"	0	0	5	0	0	5	5	0	0	"2_119372409_G_A"
2	119372409	"G"	"A"	"GGCGACTGTTCGCTAA"	0	0	1	0	0	1	1	0	0	"2_119372409_G_A"
2	119372409	"G"	"A"	"TTAACTCGTGGTTTCA"	0	0	3	0	0	3	3	0	0	"2_119372409_G_A"
2	119372409	"G"	"A"	"CAAGTTGCAAGCGATG"	1	0	54	0	1	54	55	0	0.0181818181818182	"2_119372409_G_A"
2	119372409	"G"	"A"	"TCGTAGAGTCGCGGTT"	0	0	1	0	0	1	1	0	0	"2_119372409_G_A"
2	119372409	"G"	"A"	"CACAAACAGCTGCGAA"	3	0	14	0	3	14	17	0	0.176470588235294	"2_119372409_G_A"
2	119372409	"G"	"A"	"CTACACCCACAGCGTC"	1	0	87	0	1	87	89	0	0.0113636363636364	"2_119372409_G_A"
2	119372409	"G"	"A"	"TCGTAGATCCATGAAC"	5	0	116	0	5	116	122	0	0.0413223140495868	"2_119372409_G_A"
2	119372409	"G"	"A"	"CACAAACAGGTACTCT"	0	0	1	0	0	1	1	0	0	"2_119372409_G_A"
2	119372409	"G"	"A"	"CTACACCGTAAAGTCA"	0	0	8	0	0	8	8	0	0	"2_119372409_G_A"
2	119372409	"G"	"A"	"CTACATTAGCGATTCT"	0	0	13	0	0	13	13	0	0	"2_119372409_G_A"
2	119372409	"G"	"A"	"ACAGCCGAGATCTGAA"	0	0	8	0	0	8	8	0	0	"2_119372409_G_A"
2	119372409	"G"	"A"	"GAAGCAGCATGCATGT"	0	0	2	0	0	2	2	0	0	"2_119372409_G_A"
2	119372409	"G"	"A"	"GGCTGGTAGCCAACAG"	0	0	13	0	0	13	13	0	0	"2_119372409_G_A"
2	119372409	"G"	"A"	"CACACAATCTTGACGA"	0	0	1	0	0	1	1	0	0	"2_119372409_G_A"
2	119372409	"G"	"A"	"TCTCTAACACCGAATT"	0	0	13	0	0	13	13	0	0	"2_119372409_G_A"
2	119372409	"G"	"A"	"CTACATTTCATGCTCC"	0	0	4	0	0	4	4	0	0	"2_119372409_G_A"
2	119372409	"G"	"A"	"GGGAATGGTTTGACAC"	0	0	224	0	0	224	224	0	0	"2_119372409_G_A"
2	119372409	"G"	"A"	"ACATCAGGTCAGAAGC"	0	0	14	0	0	14	14	0	0	"2_119372409_G_A"
2	119372409	"G"	"A"	"ACATACGCACATGTGT"	0	0	7	0	0	7	7	0	0	"2_119372409_G_A"
2	119372409	"G"	"A"	"GGGACCTAGCTGATAA"	0	0	6	0	0	6	6	0	0	"2_119372409_G_A"
2	119372409	"G"	"A"	"CACAGTAAGATCCGAG"	0	0	1	0	0	1	1	0	0	"2_119372409_G_A"
2	119372409	"G"	"A"	"CACAGTACAAACTGCT"	1	0	28	0	1	28	29	0	0.0344827586206897	"2_119372409_G_A"
2	119372409	"G"	"A"	"CACAGTACACAGCGTC"	0	0	59	0	0	59	59	0	0	"2_119372409_G_A"
2	119372409	"G"	"A"	"CACAGTACAGTCAGCC"	0	0	71	0	0	71	71	0	0	"2_119372409_G_A"
2	119372409	"G"	"A"	"CACAGTACATGTCTCC"	0	0	202	0	0	202	202	0.980392156862745	0	"2_119372409_G_A"
2	119372409	"G"	"A"	"CACAGTATCCCGACTT"	0	0	29	0	0	29	29	0	0	"2_119372409_G_A"
2	119372409	"G"	"A"	"CTAGTGATCTATGTGG"	0	0	37	0	0	37	37	0	0	"2_119372409_G_A"
2	119372409	"G"	"A"	"GACAGAGGTCTGCGGT"	0	0	46	0	0	46	46	0	0	"2_119372409_G_A"
2	119372409	"G"	"A"	"GACAGAGTCCTTGGTC"	0	0	9	0	0	9	9	0	0	"2_119372409_G_A"
2	119372409	"G"	"A"	"CAAGAAATCAATCACG"	0	0	43	0	0	43	43	0	0	"2_119372409_G_A"
2	119372409	"G"	"A"	"CAAGAAATCACTTATC"	0	0	4	0	0	4	4	0	0	"2_119372409_G_A"
2	119372409	"G"	"A"	"CTAACTTAGATGAGAG"	0	0	17	0	0	17	17	0	0	"2_119372409_G_A"
2	119372409	"G"	"A"	"CTAACTTAGTCCAGGA"	0	0	8	0	0	8	8	0	0	"2_119372409_G_A"
2	119372409	"G"	"A"	"CTAACTTCAAAGGTGC"	0	0	8	0	0	8	8	0	0	"2_119372409_G_A"
2	119372409	"G"	"A"	"CTAACTTTCGCCGTGA"	0	0	8	0	0	8	8	0	0	"2_119372409_G_A"
2	119372409	"G"	"A"	"CTAACTTTCTTATCTG"	0	0	27	0	0	27	27	0	0	"2_119372409_G_A"
2	119372409	"G"	"A"	"CAAGGCCAGTGAATTG"	0	0	12	0	0	12	12	0	0	"2_119372409_G_A"
2	119372409	"G"	"A"	"TGAGCATTCACAGTAC"	0	0	29	0	0	29	29	0	0	"2_119372409_G_A"
2	119372409	"G"	"A"	"CTAAGACTCGGTGTCG"	0	0	7	0	0	7	7	0	0	"2_119372409_G_A"
2	119372409	"G"	"A"	"TCACGAATCGGCGCAT"	0	0	10	0	0	10	10	9.09090909090909	0	"2_119372409_G_A"
2	119372409	"G"	"A"	"TCAGATGTCACTTATC"	0	0	14	0	0	14	14	0	0	"2_119372409_G_A"
2	119372409	"G"	"A"	"TGAGCCGAGCCATCGC"	0	0	6	0	0	6	6	0	0	"2_119372409_G_A"
2	119372409	"G"	"A"	"CAAGGCCTCCGAACGC"	0	0	14	0	0	14	14	0	0	"2_119372409_G_A"
2	119372409	"G"	"A"	"TCGTAGACATACGCTA"	0	0	10	0	0	10	10	0	0	"2_119372409_G_A"
2	119372409	"G"	"A"	"CAAGTTGCATTCTTAC"	0	0	9	0	0	9	9	0	0	"2_119372409_G_A"
2	119372409	"G"	"A"	"TCGTAGAGTGGCCCTA"	0	0	1	0	0	1	1	0	0	"2_119372409_G_A"
2	119372409	"G"	"A"	"GGGACCTAGAGGTACC"	0	0	4	0	0	4	4	0	0	"2_119372409_G_A"
2	119372409	"G"	"A"	"GGGACCTAGGTGCAAC"	0	0	41	0	0	41	41	0	0	"2_119372409_G_A"
2	119372409	"G"	"A"	"CACAAACCACTATCTT"	0	0	3	0	0	3	3	0	0	"2_119372409_G_A"
2	119372409	"G"	"A"	"CACAAACGTAGGCATG"	1	0	39	0	1	39	40	0	0.025	"2_119372409_G_A"
2	119372409	"G"	"A"	"CACACAAGTGTGGTTT"	0	0	111	0	0	111	111	0	0	"2_119372409_G_A"
2	119372409	"G"	"A"	"CTACATTGTACACCGC"	0	0	6	0	0	6	6	0	0	"2_119372409_G_A"
2	119372409	"G"	"A"	"ACAGCCGAGGTTCCTA"	0	0	170	0	0	170	170	0	0	"2_119372409_G_A"
2	119372409	"G"	"A"	"GGCTCGATCGGTGTCG"	0	0	10	0	0	10	10	0	0	"2_119372409_G_A"
2	119372409	"G"	"A"	"CACACAATCGGAATCT"	0	0	63	0	0	63	63	0	0	"2_119372409_G_A"
2	119372409	"G"	"A"	"TCTCTAATCTACCTGC"	0	0	158	0	0	158	160	0	0	"2_119372409_G_A"
2	119372409	"G"	"A"	"CACACCTAGACGACGT"	0	0	6	0	0	6	6	0	0	"2_119372409_G_A"
2	119372409	"G"	"A"	"GAATAAGGTGATAAAC"	0	0	1	0	0	1	1	0	0	"2_119372409_G_A"
2	119372409	"G"	"A"	"ACATACGAGCTGCCCA"	0	0	5	0	0	5	5	0	0	"2_119372409_G_A"
2	119372409	"G"	"A"	"GGGAATGTCCCAAGTA"	0	0	22	0	0	22	22	0	0	"2_119372409_G_A"
2	119372409	"G"	"A"	"TGAGCATGTAGCTCCG"	0	0	38	0	0	38	38	0	0	"2_119372409_G_A"
2	119372409	"G"	"A"	"CTAGAGTAGTGCGTGA"	0	0	4	0	0	4	4	0	0	"2_119372409_G_A"
2	119372409	"G"	"A"	"CTAGAGTGTACAGCAG"	0	0	16	0	0	16	17	0	0	"2_119372409_G_A"
2	119372409	"G"	"A"	"CTAGAGTTCTAACCGA"	0	0	76	0	0	76	76	0	0	"2_119372409_G_A"
2	119372409	"G"	"A"	"TGACAACGTAAGTTCC"	0	0	7	0	0	7	7	0	0	"2_119372409_G_A"
2	119372409	"G"	"A"	"TGACGGCGTCCATCCT"	12	0	321	0	12	321	334	0	0.036036036036036	"2_119372409_G_A"
2	119372409	"G"	"A"	"TGACGGCTCTCCAGGG"	0	0	28	0	0	28	28	0	0	"2_119372409_G_A"
2	119372409	"G"	"A"	"CTCACACAGAGCTATA"	1	0	230	0	1	230	232	0	0.0043290043290043	"2_119372409_G_A"
2	119372409	"G"	"A"	"CTCACACCACGGTAAG"	0	0	5	0	0	5	5	0	0	"2_119372409_G_A"
2	119372409	"G"	"A"	"CTCAGAAGTTGAACTC"	0	0	15	0	0	15	15	0	0	"2_119372409_G_A"
2	119372409	"G"	"A"	"TGAGAGGGTCTGCAAT"	0	0	57	0	0	57	57	0	0	"2_119372409_G_A"
2	119372409	"G"	"A"	"CTCATTAAGGTCGGAT"	0	0	19	0	0	19	19	0	0	"2_119372409_G_A"
2	119372409	"G"	"A"	"CTTAGGAGTAAGGATT"	0	0	18	0	0	18	18	0	0	"2_119372409_G_A"
2	119372409	"G"	"A"	"CTACATTTCTACTCAT"	0	0	58	0	0	58	58	0	0	"2_119372409_G_A"
2	119372409	"G"	"A"	"TGAGCATGTAGGCATG"	0	0	10	0	0	10	10	0	0	"2_119372409_G_A"
2	119372409	"G"	"A"	"CTCGAAAAGATCCGAG"	0	0	9	0	0	9	9	0	0	"2_119372409_G_A"
2	119372409	"G"	"A"	"TCGTACCAGTGAACAT"	0	0	7	0	0	7	7	0	0	"2_119372409_G_A"
2	119372409	"G"	"A"	"TCGTACCGTGCAGTAG"	0	0	15	0	0	15	16	0	0	"2_119372409_G_A"
2	119372409	"G"	"A"	"CTCGAAACAAGCCCAC"	0	0	1	0	0	1	1	0	0	"2_119372409_G_A"
2	119372409	"G"	"A"	"CAAGGCCCAGCTCGCA"	0	0	12	0	0	12	12	0	0	"2_119372409_G_A"
2	119372409	"G"	"A"	"CAAGGCCGTATCGCAT"	2	0	121	0	2	121	123	0	0.016260162601626	"2_119372409_G_A"
2	119372409	"G"	"A"	"TCGTAGAAGGTGATTA"	4	0	87	0	4	87	91	0	0.043956043956044	"2_119372409_G_A"
2	119372409	"G"	"A"	"CACCAGGGTAGCGTGA"	0	0	28	0	0	28	28	0	0	"2_119372409_G_A"
2	119372409	"G"	"A"	"TCGTAGACACGCATCG"	0	0	4	0	0	4	4	0	0	"2_119372409_G_A"
2	119372409	"G"	"A"	"ACAGCTATCGGCGCAT"	0	0	17	0	0	17	17	0	0	"2_119372409_G_A"
2	119372409	"G"	"A"	"CTACATTTCCGCATCT"	0	0	24	0	0	24	24	0	0	"2_119372409_G_A"
2	119372409	"G"	"A"	"CACACCTAGAGCCTAG"	0	0	47	0	0	47	47	0	0	"2_119372409_G_A"
2	119372409	"G"	"A"	"CTACGTCCACTCGACG"	0	0	2	0	0	2	2	0	0	"2_119372409_G_A"
2	119372409	"G"	"A"	"TCTATTGAGACCTAGG"	1	0	52	0	1	52	54	0	0.0188679245283019	"2_119372409_G_A"
2	119372409	"G"	"A"	"TCTCATAAGCCGATTT"	0	0	64	0	0	64	64	0	0	"2_119372409_G_A"
2	119372409	"G"	"A"	"TCTCATAAGGATATAC"	0	0	66	0	0	66	66	0	0	"2_119372409_G_A"
2	119372409	"G"	"A"	"CACACAATCATCGCTC"	0	0	117	0	0	117	117	0	0	"2_119372409_G_A"
2	119372409	"G"	"A"	"TCTCTAACAATGGTCT"	0	0	2	0	0	2	2	0	0	"2_119372409_G_A"
2	119372409	"G"	"A"	"TGACTAGAGTCTCAAC"	0	0	12	0	0	12	12	0	0	"2_119372409_G_A"
2	119372409	"G"	"A"	"TCTCTAACACCAGGCT"	0	0	9	0	0	9	9	0	0	"2_119372409_G_A"
2	119372409	"G"	"A"	"TGACTAGAGCCCAATT"	0	0	125	0	0	125	125	0	0	"2_119372409_G_A"
2	119372409	"G"	"A"	"CTTAGGACAGTTCATG"	0	0	5	0	0	5	5	0	0	"2_119372409_G_A"
2	119372409	"G"	"A"	"TCTTTCCAGACCGGAT"	1	0	74	0	1	74	75	0	0.0133333333333333	"2_119372409_G_A"
2	119372409	"G"	"A"	"CACACTCCACCGAAAG"	0	0	11	0	0	11	11	0	0	"2_119372409_G_A"
2	119372409	"G"	"A"	"CAAGATCAGTGTTGAA"	9	0	164	0	9	164	173	0	0.0520231213872832	"2_119372409_G_A"
2	119372409	"G"	"A"	"CAAGATCTCTTAACCT"	0	0	8	0	0	8	8	0	0	"2_119372409_G_A"
2	119372409	"G"	"A"	"CTAGAGTAGCAATCTC"	0	0	59	0	0	59	59	0	0	"2_119372409_G_A"
2	119372409	"G"	"A"	"CTCGAAACATGTTGAC"	0	0	16	0	0	16	16	0	0	"2_119372409_G_A"
2	119372409	"G"	"A"	"CACACTCGTCATCGGC"	0	0	9	0	0	9	9	0	0	"2_119372409_G_A"
2	119372409	"G"	"A"	"CACAGGCTCTTGAGAC"	0	0	1	0	0	1	1	0	0	"2_119372409_G_A"
2	119372409	"G"	"A"	"TGAAAGATCATGTCCC"	0	0	79	0	0	79	79	0	0	"2_119372409_G_A"
2	119372409	"G"	"A"	"CAAGGCCAGAGGTAGA"	0	0	2	0	0	2	2	0	0	"2_119372409_G_A"
2	119372409	"G"	"A"	"CTCACACAGAGCTGCA"	0	0	1	0	0	1	1	0	0	"2_119372409_G_A"
2	119372409	"G"	"A"	"TGACTAGGTAGAGTGC"	0	0	80	0	0	80	80	0	0	"2_119372409_G_A"
2	119372409	"G"	"A"	"TGACGGCTCTCTGCTG"	0	0	9	0	0	9	9	0	0	"2_119372409_G_A"
2	119372409	"G"	"A"	"CACCACTGTTCCTCCA"	0	0	25	0	0	25	25	0	0	"2_119372409_G_A"
2	119372409	"G"	"A"	"CACACCTGTAGCGTCC"	0	0	52	0	0	52	52	0	0	"2_119372409_G_A"
2	119372409	"G"	"A"	"TCTGAGAAGTTCGCAT"	0	0	87	0	0	87	87	0	0	"2_119372409_G_A"
2	119372409	"G"	"A"	"CTACCCATCTAACTCT"	0	0	22	0	0	22	22	0	0	"2_119372409_G_A"
2	119372409	"G"	"A"	"CACACTCAGAGTCTGG"	0	0	18	0	0	18	18	0	0	"2_119372409_G_A"
2	119372409	"G"	"A"	"TGAAAGAAGCGCCTCA"	0	0	22	0	0	22	22	0	0	"2_119372409_G_A"
2	119372409	"G"	"A"	"CACACCTGTCCAGTAT"	0	0	4	0	0	4	4	0	0	"2_119372409_G_A"
2	119372409	"G"	"A"	"CAAGGCCCACACCGAC"	0	0	25	0	0	25	25	0	0	"2_119372409_G_A"
2	119372409	"G"	"A"	"TCTGAGACATGACGGA"	0	0	148	0	0	148	149	0	0	"2_119372409_G_A"
2	119372409	"G"	"A"	"CACACCTGTAGCACGA"	0	0	5	0	0	5	5	0	0	"2_119372409_G_A"
2	119372409	"G"	"A"	"CACCAGGCACATGTGT"	0	0	10	0	0	10	10	0	0	"2_119372409_G_A"
2	119372409	"G"	"A"	"TCTTCGGCATGTTCCC"	0	0	53	0	0	53	53	0	0	"2_119372409_G_A"
2	119372409	"G"	"A"	"TCGTACCTCTCTTATG"	0	0	5	0	0	5	5	0	0	"2_119372409_G_A"
2	119372409	"G"	"A"	"CACACTCAGCCAGTAG"	0	0	16	0	0	16	16	0	0	"2_119372409_G_A"
2	119372409	"G"	"A"	"CACACCTGTACAGCAG"	0	0	1	0	0	1	1	0	0	"2_119372409_G_A"
2	119372409	"G"	"A"	"TCTGAGATCAACGGGA"	0	0	1	0	0	1	1	0	0	"2_119372409_G_A"
2	119372409	"G"	"A"	"TCTGAGATCTGAAAGA"	0	0	28	0	0	28	28	0	0	"2_119372409_G_A"
2	119372409	"G"	"A"	"TCGTACCTCGCGATCG"	0	0	2	0	0	2	2	0	0	"2_119372409_G_A"
2	119372409	"G"	"A"	"TGAAAGACAGCGTAAG"	0	0	17	0	0	17	17	0	0	"2_119372409_G_A"
2	119372409	"G"	"A"	"TCTTCGGCAGATGAGC"	1	0	129	0	1	129	130	0	0.0076923076923076	"2_119372409_G_A"
2	119372409	"G"	"A"	"CACACCTCACACAGAG"	0	0	152	0	0	152	152	0	0	"2_119372409_G_A"
2	119372409	"G"	"A"	"TCTGGAATCGCCGTGA"	0	0	12	0	0	12	12	0	0	"2_119372409_G_A"
2	119372409	"G"	"A"	"TCTGGAAAGACTACAA"	0	0	19	0	0	19	20	0	0	"2_119372409_G_A"
2	119372409	"G"	"A"	"TCTGAGAGTCAGAAGC"	0	0	12	0	0	12	13	0	0	"2_119372409_G_A"
3	143517199	"C"	"T"	"ATCACGAGTCGCATCG"	0	1	0	0	1	0	1	0	1	"3_143517199_C_T"
3	143517199	"C"	"T"	"TGACTAGGTGTTTGGT"	0	1	0	0	1	0	1	0	1	"3_143517199_C_T"
3	143517199	"C"	"T"	"TAAGTGCAGGGTGTTG"	0	2	0	0	2	0	2	0	1	"3_143517199_C_T"
3	143517199	"C"	"T"	"ACAGCCGTCCACGTTC"	0	1	0	0	1	0	1	0	1	"3_143517199_C_T"
3	143517199	"C"	"T"	"ACGGGCTAGGTTACCT"	0	1	0	0	1	0	1	0	1	"3_143517199_C_T"
3	143517199	"C"	"T"	"TCACGAATCGGCGCAT"	0	1	0	0	1	0	1	0	1	"3_143517199_C_T"
3	143517199	"C"	"T"	"AATCGGTGTATGCTTG"	0	2	0	0	2	0	2	0	1	"3_143517199_C_T"
3	143517199	"C"	"T"	"ATGTGTGGTACAGACG"	0	2	0	0	2	0	2	0	1	"3_143517199_C_T"
3	143517199	"C"	"T"	"TCGTAGAGTGGCCCTA"	0	3	0	0	3	0	3	0	1	"3_143517199_C_T"
3	143517199	"C"	"T"	"AAGGTTCAGGATATAC"	0	0	0	2	0	2	2	0	0	"3_143517199_C_T"
3	143517199	"C"	"T"	"ACTTTCATCAGCGATT"	0	1	0	0	1	0	1	0	1	"3_143517199_C_T"
3	143517199	"C"	"T"	"TAAGCGTTCAGAGGTG"	0	1	0	0	1	0	1	0	1	"3_143517199_C_T"
3	143517199	"C"	"T"	"GGATGTTGTAATTGGA"	0	1	0	3	1	3	4	0	0.25	"3_143517199_C_T"
3	143517199	"C"	"T"	"TCTGGAATCGCCGTGA"	0	3	0	0	3	0	3	0	1	"3_143517199_C_T"
3	143517199	"C"	"T"	"CTTAGGAGTCTAAACC"	0	2	0	0	2	0	2	0	1	"3_143517199_C_T"
3	143517199	"C"	"T"	"GCGCAACGTCACCCAG"	0	1	0	0	1	0	1	0	1	"3_143517199_C_T"
3	143517199	"C"	"T"	"GTTCATTTCCCTTGTG"	0	3	0	0	3	0	3	0	1	"3_143517199_C_T"
3	143517199	"C"	"T"	"AACTCAGTCGAACTGT"	0	1	0	0	1	0	1	0	1	"3_143517199_C_T"
3	143517199	"C"	"T"	"ACTGATGGTTCAGTAC"	0	2	0	0	2	0	2	0	1	"3_143517199_C_T"
3	143517199	"C"	"T"	"TAGGCATCAATGGAGC"	0	1	0	0	1	0	1	0	1	"3_143517199_C_T"
3	143517199	"C"	"T"	"TACGGTACACCAGGCT"	0	3	0	0	3	0	3	0	1	"3_143517199_C_T"
3	143517199	"C"	"T"	"TCGAGGCAGTTAACGA"	0	1	0	0	1	0	1	0	1	"3_143517199_C_T"
3	143517199	"C"	"T"	"CTGCTGTAGGCTATCT"	0	1	0	0	1	0	1	0	1	"3_143517199_C_T"
3	143517199	"C"	"T"	"CTCGGGAGTCAGAAGC"	0	1	0	0	1	0	1	0	1	"3_143517199_C_T"
3	143517199	"C"	"T"	"ACGGGTCTCGTCTGAA"	0	3	0	0	3	0	3	0	1	"3_143517199_C_T"
3	143517199	"C"	"T"	"CGCTGGATCCGCAAGC"	0	1	0	0	1	0	1	0	1	"3_143517199_C_T"
3	143517199	"C"	"T"	"AGCTCTCCAACTTGAC"	0	2	0	0	2	0	2	0	1	"3_143517199_C_T"
3	143517199	"C"	"T"	"GCATGATGTTGTACAC"	0	1	0	0	1	0	1	0	1	"3_143517199_C_T"
3	143517199	"C"	"T"	"GTGCGGTCATCACGTA"	0	3	0	0	3	0	3	0	1	"3_143517199_C_T"
3	143517199	"C"	"T"	"AAACGGGCAGCTGCAC"	0	0	0	3	0	3	3	0	0	"3_143517199_C_T"
3	143517199	"C"	"T"	"CTAACTTAGAGTAAGG"	0	1	0	0	1	0	1	0	1	"3_143517199_C_T"
3	143517199	"C"	"T"	"CTAACTTAGTCCAGGA"	0	1	0	0	1	0	1	0	1	"3_143517199_C_T"
3	143517199	"C"	"T"	"TGCCCATGTAGCTGCC"	0	2	0	0	2	0	2	0	1	"3_143517199_C_T"
3	143517199	"C"	"T"	"ACCTTTAGTAGCGTGA"	0	1	0	0	1	0	1	0	1	"3_143517199_C_T"
3	143517199	"C"	"T"	"CGACCTTCAGGGTACA"	0	1	0	0	1	0	1	0	1	"3_143517199_C_T"
3	143517199	"C"	"T"	"AGCGTCGGTCTAAACC"	0	2	0	0	2	0	2	0	1	"3_143517199_C_T"
3	143517199	"C"	"T"	"ACGGGCTTCGAGGTAG"	0	1	0	0	1	0	1	0	1	"3_143517199_C_T"
3	143517199	"C"	"T"	"TTCTACAAGTCGATAA"	0	1	0	0	1	0	1	0	1	"3_143517199_C_T"
3	143517199	"C"	"T"	"CCATGTCAGAACTGTA"	0	1	0	0	1	0	1	0	1	"3_143517199_C_T"
3	143517199	"C"	"T"	"GGAACTTCATCAGTCA"	0	0	0	4	0	4	4	0	0	"3_143517199_C_T"
3	143517199	"C"	"T"	"TGAGAGGAGACACTAA"	0	1	0	0	1	0	1	0	1	"3_143517199_C_T"
3	143517199	"C"	"T"	"GGTGCGTCATATACCG"	0	1	0	0	1	0	1	0	1	"3_143517199_C_T"
3	143517199	"C"	"T"	"CAAGAAAAGTGCTGCC"	0	1	0	0	1	0	1	0	1	"3_143517199_C_T"
3	143517199	"C"	"T"	"TGAGCATTCCGTTGCT"	0	1	0	0	1	0	1	0	1	"3_143517199_C_T"
3	143517199	"C"	"T"	"CACAGTACATGTCTCC"	0	0	0	12	0	12	12	0	0	"3_143517199_C_T"
3	143517199	"C"	"T"	"TTAACTCGTCTGATTG"	0	1	0	0	1	0	1	0	1	"3_143517199_C_T"
3	143517199	"C"	"T"	"CTGCGGAGTTACGGAG"	0	0	0	5	0	5	5	0	0	"3_143517199_C_T"
3	143517199	"C"	"T"	"CTGCCTAGTCAGAAGC"	0	1	0	0	1	0	1	0	1	"3_143517199_C_T"
3	143517199	"C"	"T"	"CGCTTCATCACTTACT"	0	1	0	0	1	0	1	0	1	"3_143517199_C_T"
3	143517199	"C"	"T"	"TTATGCTAGCACCGCT"	0	1	0	0	1	0	1	0	1	"3_143517199_C_T"
3	143517199	"C"	"T"	"CCACTACAGAGTGAGA"	0	0	0	8	0	8	8	0	0	"3_143517199_C_T"
3	143517199	"C"	"T"	"CGTAGCGAGGTGCTTT"	0	3	0	0	3	0	3	0	1	"3_143517199_C_T"
3	143517199	"C"	"T"	"CAAGTTGCAAGCGATG"	0	2	0	0	2	0	2	0	1	"3_143517199_C_T"
3	143517199	"C"	"T"	"CGGAGTCCACGGCTAC"	0	1	0	0	1	0	1	0	1	"3_143517199_C_T"
3	143517199	"C"	"T"	"CGGGTCAGTTTGGGCC"	0	1	0	0	1	0	1	0	1	"3_143517199_C_T"
3	143517199	"C"	"T"	"CAGCGACGTTGCGCAC"	0	3	0	0	3	0	3	0	1	"3_143517199_C_T"
3	143517199	"C"	"T"	"GATGAAAGTCTTCGTC"	0	1	0	0	1	0	1	0	1	"3_143517199_C_T"
3	143517199	"C"	"T"	"GAGTCCGAGTGGAGTC"	0	2	0	0	2	0	2	0	1	"3_143517199_C_T"
3	143517199	"C"	"T"	"CACCACTCACATCCAA"	0	1	0	0	1	0	1	0	1	"3_143517199_C_T"
3	143517199	"C"	"T"	"GGTATTGGTTGCGCAC"	0	1	0	0	1	0	1	0	1	"3_143517199_C_T"
3	143517199	"C"	"T"	"TTTGGTTTCAAGATCC"	0	1	0	0	1	0	1	0	1	"3_143517199_C_T"
3	143517199	"C"	"T"	"TGCTACCAGGATGTAT"	0	1	0	0	1	0	1	0	1	"3_143517199_C_T"
3	143517199	"C"	"T"	"CATATTCCACATGACT"	0	2	0	0	2	0	2	0	1	"3_143517199_C_T"
3	143517199	"C"	"T"	"GATGAAACATAGGATA"	0	1	0	0	1	0	1	0	1	"3_143517199_C_T"
3	143517199	"C"	"T"	"TGGCCAGTCATGCTCC"	0	1	0	0	1	0	1	0	1	"3_143517199_C_T"
4	49061920	"G"	"A"	"ATGTGTGGTGGCAAAC"	0	0	4	0	0	4	4	0	0	"4_49061920_G_A"
4	49061920	"G"	"A"	"AGAGTGGCAGTATAAG"	0	0	10	0	0	10	10	0	0	"4_49061920_G_A"
4	49061920	"G"	"A"	"ATCCGAATCACAGGCC"	0	0	1	0	0	1	1	0	0	"4_49061920_G_A"
4	49061920	"G"	"A"	"ATCTGCCTCAAAGTAG"	0	0	1	0	0	1	1	0	0	"4_49061920_G_A"
4	49061920	"G"	"A"	"CACCTTGTCATGCAAC"	0	0	2	0	0	2	2	0	0	"4_49061920_G_A"
4	49061920	"G"	"A"	"TGATTTCTCAAACCAC"	0	0	10	0	0	10	10	0	0	"4_49061920_G_A"
4	49061920	"G"	"A"	"ATCATCTGTGTGACGA"	0	0	1	0	0	1	1	0	0	"4_49061920_G_A"
4	49061920	"G"	"A"	"ATGGGAGTCTTTAGTC"	0	0	4	0	0	4	4	0	0	"4_49061920_G_A"
4	49061920	"G"	"A"	"ATAGACCAGCAATCTC"	0	0	2	0	0	2	2	0	0	"4_49061920_G_A"
4	49061920	"G"	"A"	"AGAGCTTTCATGGTCA"	0	0	4	0	0	4	4	0	0	"4_49061920_G_A"
4	49061920	"G"	"A"	"ATCGAGTGTCTAAACC"	0	0	13	0	0	13	13	0	0	"4_49061920_G_A"
4	49061920	"G"	"A"	"CCATGTCTCGGCTACG"	0	0	2	0	0	2	2	0	0	"4_49061920_G_A"
4	49061920	"G"	"A"	"CAAGATCAGTGTTGAA"	0	0	4	0	0	4	4	0	0	"4_49061920_G_A"
4	49061920	"G"	"A"	"TGACGGCGTCCATCCT"	0	0	6	0	0	6	6	0	0	"4_49061920_G_A"
4	49061920	"G"	"A"	"TTGTAGGGTCATGCCG"	0	0	1	0	0	1	1	0	0	"4_49061920_G_A"
4	49061920	"G"	"A"	"CCCTCCTAGCTAGTCT"	0	0	8	0	0	8	8	0	0	"4_49061920_G_A"
4	49061920	"G"	"A"	"CCCTCCTGTACCCAAT"	0	0	1	0	0	1	1	0	0	"4_49061920_G_A"
4	49061920	"G"	"A"	"ATTACTCGTCCAACTA"	0	0	28	0	0	28	28	6.66666666666667	0	"4_49061920_G_A"
4	49061920	"G"	"A"	"AGTGGGATCTTAACCT"	1	0	0	0	1	0	1	0	1	"4_49061920_G_A"
4	49061920	"G"	"A"	"ATCCACCCATGTCTCC"	0	0	6	0	0	6	6	0	0	"4_49061920_G_A"
4	49061920	"G"	"A"	"CACCAGGGTAGCGTGA"	0	0	1	0	0	1	1	0	0	"4_49061920_G_A"
4	49061920	"G"	"A"	"CCGGTAGGTCCGTTAA"	0	0	7	0	0	7	7	0	0	"4_49061920_G_A"
4	49061920	"G"	"A"	"CCGTGGAGTAAACCTC"	0	0	5	0	0	5	5	0	0	"4_49061920_G_A"
4	49061920	"G"	"A"	"CCTACACCATGCTAGT"	0	0	14	0	0	14	14	0	0	"4_49061920_G_A"
4	49061920	"G"	"A"	"TACTTACTCTTCTGGC"	0	0	13	0	0	13	13	0	0	"4_49061920_G_A"
4	49061920	"G"	"A"	"CAGCGACGTTGCGCAC"	0	0	5	0	0	5	5	0	0	"4_49061920_G_A"
4	49061920	"G"	"A"	"AGATTGCGTTCCTCCA"	0	0	19	0	0	19	19	0	0	"4_49061920_G_A"
4	49061920	"G"	"A"	"AGCAGCCGTGGCTCCA"	0	0	2	0	0	2	2	0	0	"4_49061920_G_A"
4	49061920	"G"	"A"	"AGCGTCGAGAGAGCTC"	0	0	1	0	0	1	1	0	0	"4_49061920_G_A"
4	49061920	"G"	"A"	"AGCTCTCAGATCCGAG"	0	0	1	0	0	1	1	0	0	"4_49061920_G_A"
4	49061920	"G"	"A"	"CCGGTAGCAGGATCGA"	0	0	1	0	0	1	1	0	0	"4_49061920_G_A"
4	49061920	"G"	"A"	"TTTCCTCTCGCATGGC"	3	0	3	0	3	3	6	0	0.5	"4_49061920_G_A"
4	49061920	"G"	"A"	"AGTGTCAAGGGTATCG"	0	0	1	0	0	1	1	0	0	"4_49061920_G_A"
4	49061920	"G"	"A"	"TCGCGTTAGAAGGGTA"	0	0	2	0	0	2	2	0	0	"4_49061920_G_A"
4	49061920	"G"	"A"	"TCGCGTTTCTGTGCAA"	0	0	2	0	0	2	2	0	0	"4_49061920_G_A"
4	49061920	"G"	"A"	"ATAGACCGTACAGTGG"	0	0	2	0	0	2	2	0	0	"4_49061920_G_A"
4	49061920	"G"	"A"	"ATCGAGTCACGTTGGC"	0	0	1	0	0	1	1	0	0	"4_49061920_G_A"
4	49061920	"G"	"A"	"TCGTAGAAGGTGATTA"	0	0	1	0	0	1	1	0	0	"4_49061920_G_A"
4	49061920	"G"	"A"	"AGATCTGAGTGACATA"	0	0	2	0	0	2	2	0	0	"4_49061920_G_A"
4	49061920	"G"	"A"	"ATCTACTGTACTTGAC"	0	0	4	0	0	4	4	0	0	"4_49061920_G_A"
4	49061920	"G"	"A"	"CGGAGCTTCAGTGTTG"	0	0	5	0	0	5	5	0	0	"4_49061920_G_A"
4	49061920	"G"	"A"	"CGGGTCATCGCCGTGA"	0	0	11	0	0	11	11	0	0	"4_49061920_G_A"
4	49061920	"G"	"A"	"TGACTAGGTGTTTGGT"	0	0	2	0	0	2	2	0	0	"4_49061920_G_A"
4	49061920	"G"	"A"	"CGTCCATGTGTGGTTT"	0	0	2	0	0	2	2	0	0	"4_49061920_G_A"
4	49061920	"G"	"A"	"TGCACCTCATTGGCGC"	0	0	3	0	0	3	3	0	0	"4_49061920_G_A"
4	49061920	"G"	"A"	"TCGCGAGCAGGAACGT"	0	0	1	0	0	1	1	0	0	"4_49061920_G_A"
4	49061920	"G"	"A"	"CACAGTACATGTCTCC"	0	0	1	0	0	1	1	0	0	"4_49061920_G_A"
4	49061920	"G"	"A"	"CAACCTCCATCAGTCA"	2	0	1	0	2	1	3	0	0.666666666666667	"4_49061920_G_A"
4	49061920	"G"	"A"	"TGGTTAGTCTGTCTAT"	0	0	3	0	0	3	3	0	0	"4_49061920_G_A"
4	49061920	"G"	"A"	"CAGAGAGCACATTTCT"	0	0	6	0	0	6	6	0	0	"4_49061920_G_A"
4	49061920	"G"	"A"	"CAGATCACAAGCGATG"	0	0	1	0	0	1	1	0	0	"4_49061920_G_A"
4	49061920	"G"	"A"	"ATCTACTAGATGTTAG"	1	0	0	0	1	0	1	0	1	"4_49061920_G_A"
4	49061920	"G"	"A"	"TTAGTTCTCCGGGTGT"	0	0	14	0	0	14	14	0	0	"4_49061920_G_A"
4	49061920	"G"	"A"	"CCCATACCATTCTTAC"	0	0	7	0	0	7	7	0	0	"4_49061920_G_A"
4	49061920	"G"	"A"	"TTGTAGGAGATGTCGG"	0	0	6	0	0	6	6	0	0	"4_49061920_G_A"
4	49061920	"G"	"A"	"GTCACGGCAAGTCTAC"	6	0	1	0	6	1	7	0	0.857142857142857	"4_49061920_G_A"
4	49061920	"G"	"A"	"TTGTAGGTCTCGTATT"	0	0	5	0	0	5	5	0	0	"4_49061920_G_A"
4	49061920	"G"	"A"	"TTTCCTCGTAGTACCT"	0	0	5	0	0	5	6	0	0	"4_49061920_G_A"
4	49061920	"G"	"A"	"GTGTTAGCATGATCCA"	1	0	2	0	1	2	3	0	0.333333333333333	"4_49061920_G_A"
4	49061920	"G"	"A"	"ACGCAGCGTTCCGTCT"	0	0	3	0	0	3	3	0	0	"4_49061920_G_A"
4	49061920	"G"	"A"	"ACGCCGAGTTCATGGT"	0	0	6	0	0	6	6	0	0	"4_49061920_G_A"
4	49061920	"G"	"A"	"ACGGCCACATCACAAC"	0	0	10	0	0	10	10	0	0	"4_49061920_G_A"
4	49061920	"G"	"A"	"ACTTACTGTCCGACGT"	0	0	4	0	0	4	4	0	0	"4_49061920_G_A"
4	49061920	"G"	"A"	"ACTGCTCTCACTTCAT"	0	0	2	0	0	2	2	0	0	"4_49061920_G_A"
4	49061920	"G"	"A"	"TACTTGTCATGAACCT"	0	0	9	0	0	9	9	0	0	"4_49061920_G_A"
4	49061920	"G"	"A"	"TAGTGGTGTAAACACA"	1	0	0	0	1	0	1	0	1	"4_49061920_G_A"
4	49061920	"G"	"A"	"CCTACCATCCACGTTC"	4	0	1	0	4	1	5	0	0.8	"4_49061920_G_A"
4	49061920	"G"	"A"	"CCTACCATCGGTGTCG"	0	0	6	0	0	6	6	0	0	"4_49061920_G_A"
4	49061920	"G"	"A"	"CCTCAGTCATGGTTGT"	0	0	14	0	0	14	14	0	0	"4_49061920_G_A"
4	49061920	"G"	"A"	"AGGGATGTCCTGCCAT"	0	0	2	0	0	2	2	0	0	"4_49061920_G_A"
4	49061920	"G"	"A"	"AGTGAGGAGAATAGGG"	0	0	2	0	0	2	2	0	0	"4_49061920_G_A"
4	49061920	"G"	"A"	"TCATTACCAAGTAATG"	0	0	2	0	0	2	2	0	0	"4_49061920_G_A"
4	49061920	"G"	"A"	"GCCAAATTCGAACGGA"	0	0	5	0	0	5	5	0	0	"4_49061920_G_A"
4	49061920	"G"	"A"	"CGAATGTAGCACGCCT"	0	0	3	0	0	3	3	0	0	"4_49061920_G_A"
4	49061920	"G"	"A"	"TCGGGACCAATCACAC"	0	0	6	0	0	6	6	0	0	"4_49061920_G_A"
4	49061920	"G"	"A"	"ATCACGAGTCGCATCG"	0	0	4	0	0	4	4	0	0	"4_49061920_G_A"
4	49061920	"G"	"A"	"TCGGTAAAGTACCGGA"	0	0	5	0	0	5	5	0	0	"4_49061920_G_A"
4	49061920	"G"	"A"	"TCTCTAATCTACCTGC"	0	0	10	0	0	10	10	0	0	"4_49061920_G_A"
4	49061920	"G"	"A"	"TCTTCGGCAGATGAGC"	0	0	3	0	0	3	3	0	0	"4_49061920_G_A"
4	49061920	"G"	"A"	"CGCTGGAAGCCCGAAA"	0	0	11	0	0	11	11	0	0	"4_49061920_G_A"
4	49061920	"G"	"A"	"GCTTCCACACTAAGTC"	0	0	1	0	0	1	2	0	0	"4_49061920_G_A"
4	49061920	"G"	"A"	"CGTAGGCGTTCGTTGA"	0	0	1	0	0	1	1	0	0	"4_49061920_G_A"
4	49061920	"G"	"A"	"GGATGTTTCAGTGTTG"	0	0	6	0	0	6	6	0	0	"4_49061920_G_A"
4	49061920	"G"	"A"	"CGTCCATTCAGCGACC"	0	0	4	0	0	4	4	0	0	"4_49061920_G_A"
4	49061920	"G"	"A"	"TGCCCTACACAGGTTT"	0	0	7	0	0	7	7	0	0	"4_49061920_G_A"
4	49061920	"G"	"A"	"ATTGGTGAGTGGAGTC"	0	0	2	0	0	2	2	0	0	"4_49061920_G_A"
4	49061920	"G"	"A"	"TGGGAAGCAAGAAGAG"	0	0	1	0	0	1	1	0	0	"4_49061920_G_A"
4	49061920	"G"	"A"	"TGCTACCCAGCTGGCT"	0	0	2	0	0	2	2	0	0	"4_49061920_G_A"
4	49061920	"G"	"A"	"TGTGGTATCTAAGCCA"	0	0	2	0	0	2	3	0	0	"4_49061920_G_A"
4	49061920	"G"	"A"	"TTAACTCGTCAGTGGA"	0	0	3	0	0	3	3	0	0	"4_49061920_G_A"
4	49061920	"G"	"A"	"CAGCCGAAGGATGCGT"	0	0	17	0	0	17	17	0	0	"4_49061920_G_A"
4	49061920	"G"	"A"	"CTAGCCTTCCGAATGT"	0	0	9	0	0	9	9	0	0	"4_49061920_G_A"
4	49061920	"G"	"A"	"CAGTCCTCATCACAAC"	0	0	1	0	0	1	1	0	0	"4_49061920_G_A"
4	49061920	"G"	"A"	"TTGACTTCATGGTTGT"	0	0	3	0	0	3	3	0	0	"4_49061920_G_A"
4	49061920	"G"	"A"	"CTCGTACGTTGATTCG"	0	0	1	0	0	1	1	0	0	"4_49061920_G_A"
4	49061920	"G"	"A"	"GTGAAGGCAAGCGAGT"	0	0	5	0	0	5	5	0	0	"4_49061920_G_A"
4	49061920	"G"	"A"	"GTGCTTCTCTAACTGG"	0	0	2	0	0	2	2	0	0	"4_49061920_G_A"
4	49061920	"G"	"A"	"GTGTTAGAGGGTTTCT"	0	0	1	0	0	1	1	0	0	"4_49061920_G_A"
4	49061920	"G"	"A"	"AATCCAGAGAGCCTAG"	0	0	4	0	0	4	4	0	0	"4_49061920_G_A"
4	49061920	"G"	"A"	"GTTTCTATCATAAAGG"	0	0	8	0	0	8	8	0	0	"4_49061920_G_A"
4	49061920	"G"	"A"	"TAAACCGAGCTATGCT"	0	0	3	0	0	3	3	0	0	"4_49061920_G_A"
4	49061920	"G"	"A"	"TAAACCGAGTGGTAGC"	0	0	22	0	0	22	22	0	0	"4_49061920_G_A"
4	49061920	"G"	"A"	"ACTGAACTCCTTAATC"	0	0	5	0	0	5	5	0	0	"4_49061920_G_A"
4	49061920	"G"	"A"	"ACTGAACTCTGATACG"	0	0	3	0	0	3	3	0	0	"4_49061920_G_A"
4	49061920	"G"	"A"	"ACTGCTCTCGGCGCTA"	1	0	0	0	1	0	1	0	1	"4_49061920_G_A"
4	49061920	"G"	"A"	"ACTTACTCACGTCAGC"	1	0	0	0	1	0	1	0	1	"4_49061920_G_A"
4	49061920	"G"	"A"	"TAGTTGGGTGTCGCTG"	0	0	1	0	0	1	1	0	0	"4_49061920_G_A"
4	49061920	"G"	"A"	"TATTACCCAAACTGCT"	0	0	7	0	0	7	7	0	0	"4_49061920_G_A"
4	49061920	"G"	"A"	"TCAGGATTCCGTAGGC"	0	0	7	0	0	7	7	0	0	"4_49061920_G_A"
4	49061920	"G"	"A"	"CCTTACGTCACGACTA"	0	0	13	0	0	13	13	0	0	"4_49061920_G_A"
4	49061920	"G"	"A"	"CCTTCCCTCGTTTGCC"	0	0	4	0	0	4	4	0	0	"4_49061920_G_A"
4	49061920	"G"	"A"	"GCCAAATCAATCAGAA"	0	0	3	0	0	3	3	0	0	"4_49061920_G_A"
4	49061920	"G"	"A"	"GCCAAATTCCGCTGTT"	3	0	0	0	3	0	3	0	1	"4_49061920_G_A"
4	49061920	"G"	"A"	"GCGAGAAAGAGCTGCA"	0	0	2	0	0	2	2	0	0	"4_49061920_G_A"
4	49061920	"G"	"A"	"CGCGGTAGTGCGGTAA"	0	0	2	0	0	2	2	0	0	"4_49061920_G_A"
4	49061920	"G"	"A"	"TCGGGACTCAACACGT"	0	0	4	0	0	4	4	0	0	"4_49061920_G_A"
4	49061920	"G"	"A"	"CGCGGTAGTTGACGTT"	0	0	1	0	0	1	1	0	0	"4_49061920_G_A"
4	49061920	"G"	"A"	"GCGCAGTTCCACGTTC"	0	0	1	0	0	1	1	0	0	"4_49061920_G_A"
4	49061920	"G"	"A"	"CGCTATCCATCTCCCA"	0	0	5	0	0	5	5	0	0	"4_49061920_G_A"
4	49061920	"G"	"A"	"GCTTCCAAGGCGATAC"	4	0	0	0	4	0	4	0	1	"4_49061920_G_A"
4	49061920	"G"	"A"	"GCTCTGTTCCGCATAA"	0	0	9	0	0	9	9	0	0	"4_49061920_G_A"
4	49061920	"G"	"A"	"GCTTGAAGTCTAGTGT"	0	0	3	0	0	3	3	0	0	"4_49061920_G_A"
4	49061920	"G"	"A"	"GGAACTTCATTCTCAT"	0	0	4	0	0	4	4	0	0	"4_49061920_G_A"
4	49061920	"G"	"A"	"CTGAAACTCTGAGGGA"	0	0	3	0	0	3	3	0	0	"4_49061920_G_A"
4	49061920	"G"	"A"	"GGATTACAGTGCGATG"	0	0	7	0	0	7	7	0	0	"4_49061920_G_A"
4	49061920	"G"	"A"	"CGTGTAAAGAAGGTTT"	0	0	20	1	0	21	21	0	0	"4_49061920_G_A"
4	49061920	"G"	"A"	"TGCGGGTGTCCAGTGC"	0	0	1	0	0	1	1	0	0	"4_49061920_G_A"
4	49061920	"G"	"A"	"CGTTGGGGTGAAGGCT"	0	0	4	0	0	4	4	0	0	"4_49061920_G_A"
4	49061920	"G"	"A"	"CAACCAATCCTAGGGC"	0	0	6	0	0	6	6	0	0	"4_49061920_G_A"
4	49061920	"G"	"A"	"TGTCCCACAGTCTTCC"	0	0	5	0	0	5	5	0	0	"4_49061920_G_A"
4	49061920	"G"	"A"	"TTAGGACCACGGCGTT"	0	0	4	0	0	4	4	0	0	"4_49061920_G_A"
4	49061920	"G"	"A"	"GGGTTGCTCGTACGGC"	0	0	6	0	0	6	6	0	0	"4_49061920_G_A"
4	49061920	"G"	"A"	"TTCTCCTTCGCATGGC"	0	0	5	0	0	5	5	0	0	"4_49061920_G_A"
4	49061920	"G"	"A"	"GTCAAGTAGGTGATTA"	0	0	4	0	0	4	4	0	0	"4_49061920_G_A"
4	49061920	"G"	"A"	"AAACGGGAGCACAGGT"	0	0	11	0	0	11	11	0	0	"4_49061920_G_A"
4	49061920	"G"	"A"	"CTCTGGTCAGACGCAA"	0	0	24	0	0	24	24	0	0	"4_49061920_G_A"
4	49061920	"G"	"A"	"TCAGGTATCGTGACAT"	0	0	1	0	0	1	1	0	0	"4_49061920_G_A"
4	49061920	"G"	"A"	"CTGCCTATCCTGCTTG"	0	0	5	0	0	5	5	0	0	"4_49061920_G_A"
4	49061920	"G"	"A"	"CTGCCTATCGGTCCGA"	0	0	2	0	0	2	2	0	0	"4_49061920_G_A"
4	49061920	"G"	"A"	"ACAGCCGAGGTTCCTA"	0	0	12	0	0	12	12	0	0	"4_49061920_G_A"
4	49061920	"G"	"A"	"ACATCAGGTCCATGAT"	0	0	1	0	0	1	1	0	0	"4_49061920_G_A"
4	49061920	"G"	"A"	"ACCGTAACACCCATTC"	0	0	6	0	0	6	6	0	0	"4_49061920_G_A"
4	49061920	"G"	"A"	"TAAGCGTCAATAGCGG"	0	0	14	0	0	14	14	0	0	"4_49061920_G_A"
4	49061920	"G"	"A"	"TACCTTATCTGTCTCG"	0	0	6	0	0	6	6	0	0	"4_49061920_G_A"
4	49061920	"G"	"A"	"TACGGGCCAGGGCATA"	0	0	6	0	0	6	6	0	0	"4_49061920_G_A"
4	49061920	"G"	"A"	"TACGGTAAGGTGCAAC"	0	0	9	0	0	9	9	10	0	"4_49061920_G_A"
4	49061920	"G"	"A"	"GCTGGGTTCCCTAATT"	0	0	5	0	0	5	5	0	0	"4_49061920_G_A"
4	49061920	"G"	"A"	"GACGGCTAGCGCTTAT"	0	0	1	0	0	1	1	0	0	"4_49061920_G_A"
4	49061920	"G"	"A"	"GAGGTGAGTGTTCGAT"	0	0	3	0	0	3	3	0	0	"4_49061920_G_A"
4	49061920	"G"	"A"	"AAAGATGAGCTAAGAT"	0	0	6	0	0	6	6	0	0	"4_49061920_G_A"
4	49061920	"G"	"A"	"AGGCCGTTCTGCCCTA"	0	0	5	0	0	5	5	0	0	"4_49061920_G_A"
4	49061920	"G"	"A"	"GCAGCCACATTCGACA"	0	0	3	0	0	3	3	0	0	"4_49061920_G_A"
4	49061920	"G"	"A"	"GCATGATCATACAGCT"	0	0	3	0	0	3	3	0	0	"4_49061920_G_A"
4	49061920	"G"	"A"	"CGTTGGGAGGTGATTA"	0	0	6	0	0	6	6	0	0	"4_49061920_G_A"
4	49061920	"G"	"A"	"GGGCATCAGATGGGTC"	0	0	5	0	0	5	5	0	0	"4_49061920_G_A"
4	49061920	"G"	"A"	"CTTAACTCAACACCTA"	0	0	6	0	0	6	6	0	0	"4_49061920_G_A"
4	49061920	"G"	"A"	"CGCGGTAGTTATGCGT"	0	0	8	0	0	8	8	0	0	"4_49061920_G_A"
4	49061920	"G"	"A"	"CTACATTTCTACTCAT"	0	0	9	0	0	9	9	10	0	"4_49061920_G_A"
4	49061920	"G"	"A"	"GAACCTACACAACTGT"	3	0	0	0	3	0	3	0	1	"4_49061920_G_A"
4	49061920	"G"	"A"	"CTAGTGACAGTAGAGC"	0	0	8	0	0	8	8	0	0	"4_49061920_G_A"
4	49061920	"G"	"A"	"GGTGCGTAGCGTGTCC"	0	0	18	0	0	18	18	0	0	"4_49061920_G_A"
4	49061920	"G"	"A"	"AAGGAGCGTCAGATAA"	0	0	2	0	0	2	2	0	0	"4_49061920_G_A"
4	49061920	"G"	"A"	"AAAGCAATCAGTGCAT"	0	0	5	0	0	5	5	0	0	"4_49061920_G_A"
4	49061920	"G"	"A"	"AAGCCGCCAGATCGGA"	6	0	7	0	6	7	13	0	0.461538461538462	"4_49061920_G_A"
4	49061920	"G"	"A"	"GGGAATGGTTTGACAC"	0	0	14	0	0	14	14	0	0	"4_49061920_G_A"
4	49061920	"G"	"A"	"ACGATACAGGTAGCTG"	0	0	13	0	0	13	13	0	0	"4_49061920_G_A"
4	49061920	"G"	"A"	"CTGTGCTGTTAGATGA"	0	0	6	0	0	6	6	0	0	"4_49061920_G_A"
4	49061920	"G"	"A"	"GGGATGATCGATCCCT"	0	0	1	0	0	1	1	0	0	"4_49061920_G_A"
4	49061920	"G"	"A"	"CGTTGGGGTGCAGACA"	0	0	1	0	0	1	1	0	0	"4_49061920_G_A"
4	49061920	"G"	"A"	"AAGCCGCTCCACGACG"	0	0	1	0	0	1	1	0	0	"4_49061920_G_A"
4	49061920	"G"	"A"	"GGGCATCCATGAGCGA"	1	0	1	0	1	1	2	0	0.5	"4_49061920_G_A"
4	49061920	"G"	"A"	"GGGCATCAGGCTCAGA"	0	0	1	0	0	1	1	0	0	"4_49061920_G_A"
4	49061920	"G"	"A"	"AAGGTTCAGCCAGTTT"	2	0	0	0	2	0	2	0	1	"4_49061920_G_A"
4	49061920	"G"	"A"	"GATCTAGTCGCAAACT"	0	0	10	0	0	10	10	0	0	"4_49061920_G_A"
4	49061920	"G"	"A"	"GGGATGAAGCTCCTCT"	0	0	2	0	0	2	2	0	0	"4_49061920_G_A"
4	49061920	"G"	"A"	"ACGATGTAGGATGCGT"	1	0	0	0	1	0	1	0	1	"4_49061920_G_A"
4	49061920	"G"	"A"	"GCGCAGTAGTGACTCT"	0	0	5	0	0	5	5	0	0	"4_49061920_G_A"
4	49061920	"G"	"A"	"TACGGATTCTCGTATT"	0	0	3	0	0	3	3	0	0	"4_49061920_G_A"
4	49061920	"G"	"A"	"GCAAACTCACTGTTAG"	0	0	5	0	0	5	5	0	0	"4_49061920_G_A"
4	49061920	"G"	"A"	"GATCGTATCGGAATCT"	0	0	3	0	0	3	3	0	0	"4_49061920_G_A"
4	49061920	"G"	"A"	"CTGTGCTAGGCCCGTT"	0	0	7	0	0	7	7	0	0	"4_49061920_G_A"
4	73871236	"G"	"C"	"ACACCCTTCTGGAGCC"	0	0	0	0	0	0	2	0	NA	"4_73871236_G_C"
4	73871236	"G"	"C"	"AATCGGTGTATGCTTG"	0	0	1	0	0	1	1	0	0	"4_73871236_G_C"
4	73871236	"G"	"C"	"TCGCGTTTCCTAGAAC"	0	0	1	0	0	1	1	0	0	"4_73871236_G_C"
4	73871236	"G"	"C"	"ACACCGGCAGCTCGCA"	1	0	0	0	1	0	2	0	1	"4_73871236_G_C"
4	73871236	"G"	"C"	"GATCGATTCATAACCG"	1	0	34	0	1	34	39	7.14285714285714	0.0285714285714286	"4_73871236_G_C"
4	73871236	"G"	"C"	"TCGGGACAGGACAGAA"	3	0	5	0	3	5	8	0	0.375	"4_73871236_G_C"
4	73871236	"G"	"C"	"CGAGCACGTAGCACGA"	0	0	19	0	0	19	22	0	0	"4_73871236_G_C"
4	73871236	"G"	"C"	"CGAGCACTCGTAGGTT"	0	0	1	0	0	1	1	0	0	"4_73871236_G_C"
4	73871236	"G"	"C"	"ACACCAATCCTATTCA"	0	0	1	0	0	1	1	0	0	"4_73871236_G_C"
4	73871236	"G"	"C"	"CGACCTTGTCCGAACC"	0	0	1	0	0	1	1	0	0	"4_73871236_G_C"
4	73871236	"G"	"C"	"TCATTTGTCCGGGTGT"	0	0	1	0	0	1	1	0	0	"4_73871236_G_C"
4	73871236	"G"	"C"	"ACGCCGACAAGCCGCT"	1	0	9	0	1	9	20	0	0.1	"4_73871236_G_C"
4	73871236	"G"	"C"	"AAGGTTCAGCCAGTTT"	3	0	9	0	3	9	20	0	0.25	"4_73871236_G_C"
4	73871236	"G"	"C"	"ACTATCTCACACATGT"	0	0	0	0	0	0	1	0	NA	"4_73871236_G_C"
4	73871236	"G"	"C"	"AATCCAGAGAGCCTAG"	0	0	0	0	0	0	1	0	NA	"4_73871236_G_C"
4	73871236	"G"	"C"	"CGACCTTCAAAGCAAT"	0	0	3	0	0	3	5	0	0	"4_73871236_G_C"
4	73871236	"G"	"C"	"GCAGTTAAGAAACCAT"	1	0	20	0	1	20	27	0	0.0476190476190476	"4_73871236_G_C"
4	73871236	"G"	"C"	"GCAGTTATCCTCCTAG"	0	0	1	0	0	1	1	0	0	"4_73871236_G_C"
4	73871236	"G"	"C"	"AGAGCGACATCCGCGA"	0	0	1	0	0	1	1	0	0	"4_73871236_G_C"
4	73871236	"G"	"C"	"TCGGGACGTCCAGTAT"	0	0	1	0	0	1	1	0	0	"4_73871236_G_C"
4	73871236	"G"	"C"	"TCAGGTATCGTGACAT"	0	0	3	0	0	3	3	0	0	"4_73871236_G_C"
4	73871236	"G"	"C"	"GATTCAGGTACACCGC"	0	0	1	0	0	1	1	0	0	"4_73871236_G_C"
4	73871236	"G"	"C"	"GCAATCACATCAGTCA"	0	0	1	0	0	1	1	0	0	"4_73871236_G_C"
4	73871236	"G"	"C"	"ACCTTTAGTCAACATC"	0	0	1	0	0	1	1	0	0	"4_73871236_G_C"
4	73871236	"G"	"C"	"ACGAGGACATCCAACA"	0	0	1	0	0	1	1	0	0	"4_73871236_G_C"
4	73871236	"G"	"C"	"ACGATACCAATCGAAA"	0	0	1	0	0	1	1	0	0	"4_73871236_G_C"
4	73871236	"G"	"C"	"TCTGGAATCGCCGTGA"	0	0	8	0	0	8	11	8.33333333333333	0	"4_73871236_G_C"
4	73871236	"G"	"C"	"TCGCGTTAGAAGGGTA"	0	0	1	0	0	1	1	0	0	"4_73871236_G_C"
4	73871236	"G"	"C"	"ACGCCAGAGACGACGT"	7	0	75	0	7	75	100	6.54205607476636	0.0853658536585366	"4_73871236_G_C"
4	73871236	"G"	"C"	"TGAGGGAAGAAACCGC"	11	0	86	0	11	86	138	4.16666666666667	0.11340206185567	"4_73871236_G_C"
4	73871236	"G"	"C"	"ACGCCGAGTAAGTAGT"	0	0	7	0	0	7	11	0	0	"4_73871236_G_C"
4	73871236	"G"	"C"	"ACAGCCGTCCACGTTC"	0	0	1	0	0	1	1	0	0	"4_73871236_G_C"
4	73871236	"G"	"C"	"GCAAACTCACTGTTAG"	0	0	1	0	0	1	1	0	0	"4_73871236_G_C"
4	73871236	"G"	"C"	"ACATCAGGTCCATGAT"	0	0	1	0	0	1	1	0	0	"4_73871236_G_C"
4	73871236	"G"	"C"	"ACGGGTCTCGTCTGAA"	0	0	1	0	0	1	1	0	0	"4_73871236_G_C"
4	73871236	"G"	"C"	"ACGTCAAGTCTCACCT"	0	0	2	0	0	2	2	0	0	"4_73871236_G_C"
4	73871236	"G"	"C"	"AAGTCTGGTGTGGCTC"	1	0	16	0	1	16	32	0	0.0588235294117647	"4_73871236_G_C"
4	73871236	"G"	"C"	"ACTATCTAGATCCCAT"	0	0	0	0	0	0	4	0	NA	"4_73871236_G_C"
4	73871236	"G"	"C"	"TGCGCAGCATCATCCC"	2	0	18	0	2	18	29	0	0.1	"4_73871236_G_C"
4	73871236	"G"	"C"	"GATCGCGGTGAGGGTT"	0	0	2	0	0	2	2	0	0	"4_73871236_G_C"
4	73871236	"G"	"C"	"GATGAAACATAGGATA"	0	0	11	0	0	11	13	0	0	"4_73871236_G_C"
4	73871236	"G"	"C"	"GATGAAAGTCTTCGTC"	0	0	3	0	0	3	3	0	0	"4_73871236_G_C"
4	73871236	"G"	"C"	"GATGAGGGTTGCGTTA"	0	0	1	0	0	1	1	0	0	"4_73871236_G_C"
4	73871236	"G"	"C"	"ACGGCCACATCACAAC"	0	0	2	0	0	2	2	0	0	"4_73871236_G_C"
4	73871236	"G"	"C"	"TGCACCTGTACAGTTC"	0	0	3	0	0	3	4	0	0	"4_73871236_G_C"
4	73871236	"G"	"C"	"ACTGAGTCAACTGCGC"	3	0	52	0	3	52	91	3.19148936170213	0.0545454545454545	"4_73871236_G_C"
4	73871236	"G"	"C"	"TCCACACTCAGAAATG"	0	0	2	0	0	2	2	0	0	"4_73871236_G_C"
4	73871236	"G"	"C"	"GCACATAAGTGTTTGC"	0	0	1	0	0	1	1	0	0	"4_73871236_G_C"
4	73871236	"G"	"C"	"TCGAGGCTCGATCCCT"	0	0	1	0	0	1	1	0	0	"4_73871236_G_C"
4	73871236	"G"	"C"	"TCGCGAGGTAAGGGAA"	0	0	1	0	0	1	1	0	0	"4_73871236_G_C"
4	73871236	"G"	"C"	"GCAGCCACATTCGACA"	2	0	8	0	2	8	17	5.55555555555556	0.2	"4_73871236_G_C"
4	73871236	"G"	"C"	"AGACGTTGTTCGGCAC"	0	0	0	0	0	0	1	0	NA	"4_73871236_G_C"
4	73871236	"G"	"C"	"AGACGTTTCCCAAGAT"	1	0	13	0	1	13	22	0	0.0714285714285714	"4_73871236_G_C"
4	73871236	"G"	"C"	"AAGCCGCCACCAGCAC"	0	0	1	0	0	1	1	0	0	"4_73871236_G_C"
4	73871236	"G"	"C"	"TCGGTAACAGACGCAA"	0	0	2	0	0	2	2	0	0	"4_73871236_G_C"
4	73871236	"G"	"C"	"TCGGTAAGTTGGACCC"	1	0	60	0	1	60	73	0	0.0163934426229508	"4_73871236_G_C"
4	73871236	"G"	"C"	"ACTGAACTCTGATACG"	0	0	1	0	0	1	1	0	0	"4_73871236_G_C"
4	73871236	"G"	"C"	"TCGTACCAGATACACA"	0	0	2	0	0	2	2	0	0	"4_73871236_G_C"
4	73871236	"G"	"C"	"TCTCATAAGGATATAC"	0	0	1	0	0	1	1	0	0	"4_73871236_G_C"
4	73871236	"G"	"C"	"ACCCACTAGGAACTGC"	0	0	2	0	0	2	2	0	0	"4_73871236_G_C"
4	73871236	"G"	"C"	"ACGAGGATCGTTTGCC"	0	0	1	0	0	1	1	0	0	"4_73871236_G_C"
4	73871236	"G"	"C"	"ACGATACGTAGGGACT"	15	0	64	0	15	64	92	3.15789473684211	0.189873417721519	"4_73871236_G_C"
4	73871236	"G"	"C"	"ACGATGTCAAAGTCAA"	0	0	1	0	0	1	1	0	0	"4_73871236_G_C"
4	73871236	"G"	"C"	"ACGATGTTCTTGTTTG"	0	0	17	0	0	17	23	0	0	"4_73871236_G_C"
4	73871236	"G"	"C"	"TGAGAGGAGACACTAA"	0	0	1	0	0	1	1	0	0	"4_73871236_G_C"
4	73871236	"G"	"C"	"TGAGAGGAGCTGAACG"	1	0	6	0	1	6	8	0	0.142857142857143	"4_73871236_G_C"
4	73871236	"G"	"C"	"TGAGAGGGTCTGCAAT"	0	0	0	0	0	0	1	0	NA	"4_73871236_G_C"
4	73871236	"G"	"C"	"TGAGGGACAGGAACGT"	0	0	1	0	0	1	1	0	0	"4_73871236_G_C"
4	73871236	"G"	"C"	"ACAGCTACATCTATGG"	0	0	1	0	0	1	1	0	0	"4_73871236_G_C"
4	73871236	"G"	"C"	"TGAGCATGTAGCTCCG"	0	0	5	0	0	5	7	0	0	"4_73871236_G_C"
4	73871236	"G"	"C"	"CCTTCCCTCAGTGCAT"	5	0	13	0	5	13	30	3.2258064516129	0.277777777777778	"4_73871236_G_C"
4	73871236	"G"	"C"	"CCTTCCCTCGTTTGCC"	0	0	0	0	0	0	1	0	NA	"4_73871236_G_C"
4	73871236	"G"	"C"	"GATCGATCATTAGCCA"	0	0	1	0	0	1	1	0	0	"4_73871236_G_C"
4	73871236	"G"	"C"	"TGCGCAGTCTATCGCC"	0	0	0	0	0	0	2	0	NA	"4_73871236_G_C"
4	73871236	"G"	"C"	"TGCGCAGTCTTAGCCC"	0	0	1	0	0	1	1	0	0	"4_73871236_G_C"
4	73871236	"G"	"C"	"TGCGGGTTCAGCTTAG"	3	0	14	0	3	14	17	5.55555555555556	0.176470588235294	"4_73871236_G_C"
4	73871236	"G"	"C"	"TGCGGGTTCCCATTTA"	1	0	13	0	1	13	17	0	0.0714285714285714	"4_73871236_G_C"
4	73871236	"G"	"C"	"CGATCGGAGGGCATGT"	2	0	13	0	2	13	22	8.33333333333333	0.133333333333333	"4_73871236_G_C"
4	73871236	"G"	"C"	"ACTGAACTCGTGACAT"	0	0	1	0	0	1	1	0	0	"4_73871236_G_C"
4	73871236	"G"	"C"	"CAGCTGGCATAACCTG"	0	0	0	0	0	0	3	0	NA	"4_73871236_G_C"
4	73871236	"G"	"C"	"TCAGGTAGTCAGAATA"	0	0	1	0	0	1	1	0	0	"4_73871236_G_C"
4	73871236	"G"	"C"	"AAAGTAGGTGGGTATG"	0	0	6	0	0	6	6	0	0	"4_73871236_G_C"
4	73871236	"G"	"C"	"GCAATCATCCAGTATG"	23	0	93	0	23	93	144	0.689655172413793	0.198275862068966	"4_73871236_G_C"
4	73871236	"G"	"C"	"ACTGCTCTCTTCAACT"	7	0	12	0	7	12	20	0	0.368421052631579	"4_73871236_G_C"
4	73871236	"G"	"C"	"GCACATAAGTTTCCTT"	1	0	8	0	1	8	10	0	0.111111111111111	"4_73871236_G_C"
4	73871236	"G"	"C"	"GCACATATCTCAACTT"	0	0	1	0	0	1	1	0	0	"4_73871236_G_C"
4	73871236	"G"	"C"	"AGACGTTAGCAATCTC"	0	0	1	0	0	1	1	0	0	"4_73871236_G_C"
4	73871236	"G"	"C"	"AACTTTCGTATGAATG"	0	0	1	0	0	1	1	0	0	"4_73871236_G_C"
4	73871236	"G"	"C"	"AAGACCTCACAGACAG"	2	0	0	0	2	0	3	0	1	"4_73871236_G_C"
4	73871236	"G"	"C"	"TGGGAAGGTGCACGAA"	1	0	12	0	1	12	30	3.2258064516129	0.0769230769230769	"4_73871236_G_C"
4	73871236	"G"	"C"	"CCATGTCTCGGCTACG"	0	0	1	0	0	1	1	0	0	"4_73871236_G_C"
4	73871236	"G"	"C"	"CCCAATCCAAGTTCTG"	0	0	2	0	0	2	2	0	0	"4_73871236_G_C"
4	73871236	"G"	"C"	"CCCAATCTCTCAAACG"	0	0	24	0	0	24	34	2.85714285714286	0	"4_73871236_G_C"
4	73871236	"G"	"C"	"AGATCTGCACGCGAAA"	0	0	1	0	0	1	1	0	0	"4_73871236_G_C"
4	73871236	"G"	"C"	"TCTATTGAGACCTAGG"	1	0	9	0	1	9	12	7.69230769230769	0.1	"4_73871236_G_C"
4	73871236	"G"	"C"	"ACCCACTGTTCGTGAT"	1	0	2	0	1	2	3	0	0.333333333333333	"4_73871236_G_C"
4	73871236	"G"	"C"	"CCGTGGATCCTTGGTC"	0	0	1	0	0	1	1	0	0	"4_73871236_G_C"
4	73871236	"G"	"C"	"TCTTCGGCAGATGAGC"	0	0	1	0	0	1	1	0	0	"4_73871236_G_C"
4	73871236	"G"	"C"	"TGAAAGAAGCGCCTCA"	0	0	15	0	0	15	15	0	0	"4_73871236_G_C"
4	73871236	"G"	"C"	"TGACAACGTAAGTTCC"	0	0	1	0	0	1	1	0	0	"4_73871236_G_C"
4	73871236	"G"	"C"	"TGACTAGGTGTTTGGT"	0	0	2	0	0	2	5	0	0	"4_73871236_G_C"
4	73871236	"G"	"C"	"CCTATTAAGCGCTCCA"	0	0	7	0	0	7	7	0	0	"4_73871236_G_C"
4	73871236	"G"	"C"	"CCTCAGTCATGGTTGT"	0	0	1	0	0	1	1	0	0	"4_73871236_G_C"
4	73871236	"G"	"C"	"CCTCAGTCATTCTTAC"	0	0	1	0	0	1	1	0	0	"4_73871236_G_C"
4	73871236	"G"	"C"	"TGATTTCTCAAACCAC"	0	0	1	0	0	1	1	0	0	"4_73871236_G_C"
4	73871236	"G"	"C"	"GCTGGGTTCCGCAAGC"	0	0	3	0	0	3	3	0	0	"4_73871236_G_C"
4	73871236	"G"	"C"	"CCTTCCCGTTATTCTC"	3	0	32	0	3	32	45	0	0.0857142857142857	"4_73871236_G_C"
4	73871236	"G"	"C"	"GCTGGGTTCTTGAGGT"	1	0	0	0	1	0	2	0	1	"4_73871236_G_C"
4	73871236	"G"	"C"	"GCTTCCATCAGTACGT"	0	0	1	0	0	1	1	0	0	"4_73871236_G_C"
4	73871236	"G"	"C"	"CCTTCGATCGCAGGCT"	0	0	1	0	0	1	1	0	0	"4_73871236_G_C"
4	73871236	"G"	"C"	"TCAGCAAAGTGTCTCA"	3	0	1	0	3	1	4	0	0.75	"4_73871236_G_C"
4	73871236	"G"	"C"	"TCAGCAATCACGAAGG"	0	0	1	0	0	1	1	0	0	"4_73871236_G_C"
4	73871236	"G"	"C"	"TCAGCAATCTTTAGTC"	0	0	7	0	0	7	8	0	0	"4_73871236_G_C"
4	73871236	"G"	"C"	"TCAGGTAAGTATGACA"	0	0	1	0	0	1	1	0	0	"4_73871236_G_C"
4	73871236	"G"	"C"	"ACTGAACTCCTTAATC"	0	0	1	0	0	1	1	0	0	"4_73871236_G_C"
4	73871236	"G"	"C"	"TCAGGTACAATTGCTG"	0	0	60	0	0	60	65	0	0	"4_73871236_G_C"
4	73871236	"G"	"C"	"AAAGATGAGCTAAGAT"	2	0	2	0	2	2	4	0	0.5	"4_73871236_G_C"
4	73871236	"G"	"C"	"GGAGCAACAGTCTTCC"	0	0	0	0	0	0	1	0	NA	"4_73871236_G_C"
4	73871236	"G"	"C"	"TGCTGCTCACCGCTAG"	0	0	5	0	0	5	6	0	0	"4_73871236_G_C"
4	73871236	"G"	"C"	"AAATGCCCATAAGACA"	0	0	4	0	0	4	4	0	0	"4_73871236_G_C"
4	73871236	"G"	"C"	"AACGTTGAGTGTTTGC"	0	0	2	0	0	2	2	0	0	"4_73871236_G_C"
4	73871236	"G"	"C"	"AACTCTTAGTACGCGA"	0	0	0	0	0	0	2	0	NA	"4_73871236_G_C"
4	73871236	"G"	"C"	"AACTCTTTCTCGATGA"	1	0	22	0	1	22	28	0	0.0434782608695652	"4_73871236_G_C"
4	73871236	"G"	"C"	"AACTGGTTCTTGGGTA"	0	0	1	0	0	1	1	0	0	"4_73871236_G_C"
4	73871236	"G"	"C"	"TGGCTGGAGTACGTTC"	0	0	1	0	0	1	1	0	0	"4_73871236_G_C"
4	73871236	"G"	"C"	"TGGCTGGCATATACGC"	3	0	10	0	3	10	17	5.55555555555556	0.230769230769231	"4_73871236_G_C"
4	73871236	"G"	"C"	"CCACTACAGCCGTCGT"	0	0	3	0	0	3	3	0	0	"4_73871236_G_C"
4	73871236	"G"	"C"	"TGGTTAGCACGGATAG"	0	0	7	0	0	7	11	8.33333333333333	0	"4_73871236_G_C"
4	73871236	"G"	"C"	"TGTCCCACAGTCTTCC"	1	0	5	0	1	5	9	0	0.166666666666667	"4_73871236_G_C"
4	73871236	"G"	"C"	"AGAGCTTTCATGGTCA"	0	0	0	0	0	0	1	0	NA	"4_73871236_G_C"
4	73871236	"G"	"C"	"AGAGTGGCAGTATAAG"	0	0	1	0	0	1	1	0	0	"4_73871236_G_C"
4	73871236	"G"	"C"	"GCCAAATTCCTCAACC"	0	0	1	0	0	1	1	0	0	"4_73871236_G_C"
4	73871236	"G"	"C"	"CCCAGTTGTCATGCAT"	0	0	1	0	0	1	1	0	0	"4_73871236_G_C"
4	73871236	"G"	"C"	"CCGTACTTCTGCGTAA"	1	0	15	0	1	15	23	0	0.0625	"4_73871236_G_C"
4	73871236	"G"	"C"	"TCTGAGAGTCAGAAGC"	0	0	0	0	0	0	2	0	NA	"4_73871236_G_C"
4	73871236	"G"	"C"	"GCGACCAAGTCCCACG"	0	0	1	0	0	1	1	0	0	"4_73871236_G_C"
4	73871236	"G"	"C"	"TCTGAGATCTGAAAGA"	0	0	2	0	0	2	2	0	0	"4_73871236_G_C"
4	73871236	"G"	"C"	"CCTACACCATGCTAGT"	0	0	1	0	0	1	1	0	0	"4_73871236_G_C"
4	73871236	"G"	"C"	"CCTACCAGTCCGAATT"	0	0	16	0	0	16	23	4.16666666666667	0	"4_73871236_G_C"
4	73871236	"G"	"C"	"GCTGCTTCAGATGAGC"	0	0	0	0	0	0	1	0	NA	"4_73871236_G_C"
4	73871236	"G"	"C"	"GCTGCTTTCTCGTTTA"	0	0	1	0	0	1	1	0	0	"4_73871236_G_C"
4	73871236	"G"	"C"	"CCTTACGTCACGACTA"	0	0	3	0	0	3	3	0	0	"4_73871236_G_C"
4	73871236	"G"	"C"	"GACGGCTGTCCTGCTT"	1	0	2	0	1	2	5	0	0.333333333333333	"4_73871236_G_C"
4	73871236	"G"	"C"	"GACTAACAGCCGCCTA"	0	0	36	0	0	36	41	2.38095238095238	0	"4_73871236_G_C"
4	73871236	"G"	"C"	"GCTGGGTTCGTGGGAA"	1	0	8	0	1	8	14	6.66666666666667	0.111111111111111	"4_73871236_G_C"
4	73871236	"G"	"C"	"GCTTCCAAGCTGTCTA"	0	0	1	0	0	1	1	0	0	"4_73871236_G_C"
4	73871236	"G"	"C"	"GAGTCCGGTTCAGACT"	0	0	1	0	0	1	1	0	0	"4_73871236_G_C"
4	73871236	"G"	"C"	"GATCGATAGGGATCTG"	0	0	5	0	0	5	5	0	0	"4_73871236_G_C"
4	73871236	"G"	"C"	"CCTTTCTAGCTAGGCA"	0	0	0	0	0	0	2	0	NA	"4_73871236_G_C"
4	73871236	"G"	"C"	"CCTTTCTCACAGCGTC"	0	0	3	0	0	3	3	0	0	"4_73871236_G_C"
4	73871236	"G"	"C"	"TCAGGTACAACAACCT"	5	0	32	0	5	32	47	2.08333333333333	0.135135135135135	"4_73871236_G_C"
4	73871236	"G"	"C"	"GGAGCAAAGGGATGGG"	0	0	0	0	0	0	1	0	NA	"4_73871236_G_C"
4	73871236	"G"	"C"	"ATCACGACATGGATGG"	0	0	2	0	0	2	2	0	0	"4_73871236_G_C"
4	73871236	"G"	"C"	"AAAGATGGTCAACTGT"	0	0	1	0	0	1	1	0	0	"4_73871236_G_C"
4	73871236	"G"	"C"	"CAGTAACAGATGCCAG"	4	0	53	0	4	53	72	4	0.0701754385964912	"4_73871236_G_C"
4	73871236	"G"	"C"	"TGCTGCTTCCTGCAGG"	0	0	1	0	0	1	1	0	0	"4_73871236_G_C"
4	73871236	"G"	"C"	"ACTGATGGTCCCTACT"	0	0	3	0	0	3	4	0	0	"4_73871236_G_C"
4	73871236	"G"	"C"	"CGATGTATCAAGCCTA"	0	0	1	0	0	1	1	0	0	"4_73871236_G_C"
4	73871236	"G"	"C"	"ACTGCTCTCTTCGGTC"	4	0	8	0	4	8	16	0	0.333333333333333	"4_73871236_G_C"
4	73871236	"G"	"C"	"CATTCGCCAAGTCATC"	0	0	1	0	0	1	1	0	0	"4_73871236_G_C"
4	73871236	"G"	"C"	"CCAATCCCACCAGTTA"	0	0	1	0	0	1	1	0	0	"4_73871236_G_C"
4	73871236	"G"	"C"	"CCATGTCTCCACGTGG"	0	0	1	0	0	1	1	0	0	"4_73871236_G_C"
4	73871236	"G"	"C"	"CGCTATCTCCACTGGG"	0	0	1	0	0	1	1	0	0	"4_73871236_G_C"
4	73871236	"G"	"C"	"GCATACAGTAGAAAGG"	0	0	1	0	0	1	1	0	0	"4_73871236_G_C"
4	73871236	"G"	"C"	"GCATGATGTTGTACAC"	7	0	130	0	7	130	194	3.96039603960396	0.0510948905109489	"4_73871236_G_C"
4	73871236	"G"	"C"	"TGTTCCGTCGTACGGC"	16	0	131	0	16	131	199	5.23809523809524	0.108843537414966	"4_73871236_G_C"
4	73871236	"G"	"C"	"TTAACTCGTCTTGATG"	0	0	1	0	0	1	1	0	0	"4_73871236_G_C"
4	73871236	"G"	"C"	"CCCATACTCATGTAGC"	0	0	6	0	0	6	9	0	0	"4_73871236_G_C"
4	73871236	"G"	"C"	"AGCTCCTTCCAAAGTC"	4	0	22	0	4	22	31	6.06060606060606	0.153846153846154	"4_73871236_G_C"
4	73871236	"G"	"C"	"CCGTGGATCGAGGTAG"	0	0	1	0	0	1	1	0	0	"4_73871236_G_C"
4	73871236	"G"	"C"	"CCGTTCATCGAGCCCA"	0	0	1	0	0	1	1	0	0	"4_73871236_G_C"
4	73871236	"G"	"C"	"GCGCAACGTTAAGACA"	3	0	39	0	3	39	61	0	0.0714285714285714	"4_73871236_G_C"
4	73871236	"G"	"C"	"GCGCAGTCAGATAATG"	9	0	48	0	9	48	92	1.0752688172043	0.157894736842105	"4_73871236_G_C"
4	73871236	"G"	"C"	"GCTCTGTGTCACACGC"	0	0	1	0	0	1	1	0	0	"4_73871236_G_C"
4	73871236	"G"	"C"	"GCTGCGAGTCTTGATG"	0	0	1	0	0	1	1	0	0	"4_73871236_G_C"
4	73871236	"G"	"C"	"GCTGGGTAGACGACGT"	1	0	15	0	1	15	27	0	0.0625	"4_73871236_G_C"
4	73871236	"G"	"C"	"AGGTCATAGTGCCATT"	0	0	2	0	0	2	6	0	0	"4_73871236_G_C"
4	73871236	"G"	"C"	"AGGTCATCACGAAATA"	0	0	2	0	0	2	2	0	0	"4_73871236_G_C"
4	73871236	"G"	"C"	"GACTAACTCGGCCGAT"	0	0	1	0	0	1	2	0	0	"4_73871236_G_C"
4	73871236	"G"	"C"	"GACTACACAGTACACT"	0	0	1	0	0	1	1	0	0	"4_73871236_G_C"
4	73871236	"G"	"C"	"GAGCAGAGTAATCACC"	0	0	1	0	0	1	1	0	0	"4_73871236_G_C"
4	73871236	"G"	"C"	"GAGGTGAGTGTTCGAT"	0	0	1	0	0	1	1	0	0	"4_73871236_G_C"
4	73871236	"G"	"C"	"CAGAATCTCGTTTATC"	0	0	2	0	0	2	9	0	0	"4_73871236_G_C"
4	73871236	"G"	"C"	"CAGCAGCGTATATGAG"	4	0	15	0	4	15	19	0	0.210526315789474	"4_73871236_G_C"
4	73871236	"G"	"C"	"CAGCCGATCTCCTATA"	0	0	25	0	0	25	36	0	0	"4_73871236_G_C"
4	73871236	"G"	"C"	"GGACAGATCCAGTAGT"	0	0	0	0	0	0	1	0	NA	"4_73871236_G_C"
4	73871236	"G"	"C"	"CAGCGACGTTGCGCAC"	0	0	2	0	0	2	2	0	0	"4_73871236_G_C"
4	73871236	"G"	"C"	"AGTTGGTCAGGTCTCG"	0	0	18	0	0	18	25	0	0	"4_73871236_G_C"
4	73871236	"G"	"C"	"ATCATCTGTGTGACGA"	0	0	23	0	0	23	29	0	0	"4_73871236_G_C"
4	73871236	"G"	"C"	"ATCATGGAGCCGTCGT"	0	0	1	0	0	1	2	0	0	"4_73871236_G_C"
4	73871236	"G"	"C"	"CATATGGCACTAAGTC"	0	0	33	0	0	33	40	0	0	"4_73871236_G_C"
4	73871236	"G"	"C"	"CATCAAGCACCAGATT"	0	0	15	0	0	15	19	0	0	"4_73871236_G_C"
4	73871236	"G"	"C"	"CATCAAGCAGCTGGCT"	0	0	10	0	0	10	18	0	0	"4_73871236_G_C"
4	73871236	"G"	"C"	"CATCCACGTGCAACTT"	0	0	9	0	0	9	13	0	0	"4_73871236_G_C"
4	73871236	"G"	"C"	"CATGCCTGTGCACTTA"	3	0	37	0	3	37	57	0	0.075	"4_73871236_G_C"
4	73871236	"G"	"C"	"TGGCGCATCGTCGTTC"	0	0	2	0	0	2	2	0	0	"4_73871236_G_C"
4	73871236	"G"	"C"	"CGATGTATCTTATCTG"	0	0	1	0	0	1	1	0	0	"4_73871236_G_C"
4	73871236	"G"	"C"	"CTGATCCCACCAGTTA"	0	0	2	0	0	2	3	0	0	"4_73871236_G_C"
4	73871236	"G"	"C"	"CGCTATCAGTCATCCA"	0	0	1	0	0	1	1	0	0	"4_73871236_G_C"
4	73871236	"G"	"C"	"GGCTCGAGTGGCGAAT"	2	0	12	0	2	12	19	0	0.142857142857143	"4_73871236_G_C"
4	73871236	"G"	"C"	"CGCTTCATCCCAACGG"	0	0	9	0	0	9	11	8.33333333333333	0	"4_73871236_G_C"
4	73871236	"G"	"C"	"CTGTTTAAGCTAAGAT"	0	0	1	0	0	1	1	0	0	"4_73871236_G_C"
4	73871236	"G"	"C"	"CTGTTTACACCAACCG"	0	0	10	0	0	10	13	0	0	"4_73871236_G_C"
4	73871236	"G"	"C"	"CCGGTAGCAGGATCGA"	0	0	5	0	0	5	5	0	0	"4_73871236_G_C"
4	73871236	"G"	"C"	"CTTAGGAGTCTAAACC"	0	0	17	0	0	17	20	0	0	"4_73871236_G_C"
4	73871236	"G"	"C"	"GCGACCAGTAGCTCCG"	0	0	1	0	0	1	1	0	0	"4_73871236_G_C"
4	73871236	"G"	"C"	"GCGACCATCTGAAAGA"	0	0	2	0	0	2	2	0	0	"4_73871236_G_C"
4	73871236	"G"	"C"	"ACCAGTACAAAGTCAA"	0	0	1	0	0	1	1	0	0	"4_73871236_G_C"
4	73871236	"G"	"C"	"GCGCAACGTATAAACG"	1	0	11	0	1	11	14	0	0.0833333333333333	"4_73871236_G_C"
4	73871236	"G"	"C"	"AGGGAGTCAATGTAAG"	0	0	1	0	0	1	1	0	0	"4_73871236_G_C"
4	73871236	"G"	"C"	"AGGGATGTCCTGCCAT"	0	0	1	0	0	1	1	0	0	"4_73871236_G_C"
4	73871236	"G"	"C"	"AGGGATGTCGAGAACG"	1	0	8	0	1	8	13	7.14285714285714	0.111111111111111	"4_73871236_G_C"
4	73871236	"G"	"C"	"GACGGCTAGCGCTTAT"	0	0	0	0	0	0	1	0	NA	"4_73871236_G_C"
4	73871236	"G"	"C"	"CACACCTAGACGACGT"	0	0	2	0	0	2	3	0	0	"4_73871236_G_C"
4	73871236	"G"	"C"	"AGGTCATTCCGCGCAA"	0	0	5	0	0	5	5	0	0	"4_73871236_G_C"
4	73871236	"G"	"C"	"CACACTCAGCCAGTAG"	0	0	0	0	0	0	1	0	NA	"4_73871236_G_C"
4	73871236	"G"	"C"	"GACTGCGGTCGGCATC"	0	0	1	0	0	1	1	0	0	"4_73871236_G_C"
4	73871236	"G"	"C"	"TATCTCATCTGCCCTA"	0	0	1	0	0	1	1	0	0	"4_73871236_G_C"
4	73871236	"G"	"C"	"GGAACTTCATCAGTCA"	0	0	2	0	0	2	2	0	0	"4_73871236_G_C"
4	73871236	"G"	"C"	"GGAACTTTCGAATGGG"	2	0	15	0	2	15	18	0	0.117647058823529	"4_73871236_G_C"
4	73871236	"G"	"C"	"GGAATAAGTGCAGACA"	0	0	0	0	0	0	1	0	NA	"4_73871236_G_C"
4	73871236	"G"	"C"	"GGAATAAGTTAAAGTG"	0	0	1	0	0	1	1	0	0	"4_73871236_G_C"
4	73871236	"G"	"C"	"AAACGGGAGCGTGAGT"	4	0	12	0	4	12	17	0	0.25	"4_73871236_G_C"
4	73871236	"G"	"C"	"AGTGGGATCTTAACCT"	0	0	0	0	0	0	1	0	NA	"4_73871236_G_C"
4	73871236	"G"	"C"	"TTTGTCAAGTAGCGGT"	0	0	1	0	0	1	1	0	0	"4_73871236_G_C"
4	73871236	"G"	"C"	"TTTGTCACATACGCTA"	0	0	1	0	0	1	1	0	0	"4_73871236_G_C"
4	73871236	"G"	"C"	"AAAGCAAAGTACGCGA"	2	0	46	0	2	46	61	3.17460317460317	0.0416666666666667	"4_73871236_G_C"
4	73871236	"G"	"C"	"AAAGCAAGTAAATACG"	0	0	6	0	0	6	6	0	0	"4_73871236_G_C"
4	73871236	"G"	"C"	"TGGACGCCACGGCTAC"	3	0	13	0	3	13	26	0	0.1875	"4_73871236_G_C"
4	73871236	"G"	"C"	"TGGCCAGTCATGCTCC"	5	0	58	0	5	58	73	8.75	0.0793650793650794	"4_73871236_G_C"
4	73871236	"G"	"C"	"GGATGTTGTAATTGGA"	3	0	14	0	3	14	26	3.7037037037037	0.176470588235294	"4_73871236_G_C"
4	73871236	"G"	"C"	"CGATGTATCTGTCTCG"	0	0	1	0	0	1	1	0	0	"4_73871236_G_C"
4	73871236	"G"	"C"	"GGCAATTAGTAAGTAC"	0	0	2	0	0	2	2	0	0	"4_73871236_G_C"
4	73871236	"G"	"C"	"GGCGACTAGTACTTGC"	2	0	1	0	2	1	3	0	0.666666666666667	"4_73871236_G_C"
4	73871236	"G"	"C"	"ATGTGTGGTTTGTGTG"	2	0	32	0	2	32	43	6.52173913043478	0.0588235294117647	"4_73871236_G_C"
4	73871236	"G"	"C"	"GGCTGGTAGCCTATGT"	0	0	1	0	0	1	1	0	0	"4_73871236_G_C"
4	73871236	"G"	"C"	"GGGAATGGTCAGTGGA"	0	0	17	0	0	17	25	3.84615384615385	0	"4_73871236_G_C"
4	73871236	"G"	"C"	"GGGAATGTCCCAAGTA"	0	0	2	0	0	2	3	0	0	"4_73871236_G_C"
4	73871236	"G"	"C"	"GGGACCTGTATATCCG"	0	0	1	0	0	1	1	0	0	"4_73871236_G_C"
4	73871236	"G"	"C"	"GGGAGATTCTACTTAC"	0	0	9	0	0	9	10	9.09090909090909	0	"4_73871236_G_C"
4	73871236	"G"	"C"	"AGCTCCTCAGTAGAGC"	7	0	22	0	7	22	34	2.85714285714286	0.241379310344828	"4_73871236_G_C"
4	73871236	"G"	"C"	"TTCTACACATCGGAAG"	0	0	0	0	0	0	1	0	NA	"4_73871236_G_C"
4	73871236	"G"	"C"	"AGCTTGATCGGAGCAA"	3	0	44	0	3	44	72	2.7027027027027	0.0638297872340425	"4_73871236_G_C"
4	73871236	"G"	"C"	"AGGCCACTCATACGGT"	0	0	1	0	0	1	1	0	0	"4_73871236_G_C"
4	73871236	"G"	"C"	"AGGCCGTTCTGCCCTA"	0	0	1	0	0	1	1	0	0	"4_73871236_G_C"
4	73871236	"G"	"C"	"GACACGCTCATTTGGG"	0	0	1	0	0	1	2	0	0	"4_73871236_G_C"
4	73871236	"G"	"C"	"GACAGAGGTCTGCGGT"	0	0	1	0	0	1	1	0	0	"4_73871236_G_C"
4	73871236	"G"	"C"	"GACAGAGTCTCAACTT"	0	0	1	0	0	1	1	0	0	"4_73871236_G_C"
4	73871236	"G"	"C"	"AGGGTGATCTCAACTT"	0	0	15	0	0	15	17	5.55555555555556	0	"4_73871236_G_C"
4	73871236	"G"	"C"	"TTGACTTCATGGTTGT"	0	0	1	0	0	1	2	0	0	"4_73871236_G_C"
4	73871236	"G"	"C"	"CACACCTGTCCAGTAT"	0	0	1	0	0	1	1	0	0	"4_73871236_G_C"
4	73871236	"G"	"C"	"TTGCCGTCACGTAAGG"	0	0	1	0	0	1	1	0	0	"4_73871236_G_C"
4	73871236	"G"	"C"	"CACATAGGTAATAGCA"	0	0	6	0	0	6	11	0	0	"4_73871236_G_C"
4	73871236	"G"	"C"	"CACATTTCAGCATACT"	0	0	1	0	0	1	1	0	0	"4_73871236_G_C"
4	73871236	"G"	"C"	"TATTACCGTTCGCTAA"	0	0	0	0	0	0	1	0	NA	"4_73871236_G_C"
4	73871236	"G"	"C"	"TCAACGATCAGTACGT"	0	0	26	0	0	26	35	5.40540540540541	0	"4_73871236_G_C"
4	73871236	"G"	"C"	"TCACAAGCACGAAATA"	0	0	1	0	0	1	1	0	0	"4_73871236_G_C"
4	73871236	"G"	"C"	"AAACCTGAGGTGACCA"	0	0	1	0	0	1	1	0	0	"4_73871236_G_C"
4	73871236	"G"	"C"	"AGTGGGAGTCCTCTTG"	0	0	1	0	0	1	1	0	0	"4_73871236_G_C"
4	73871236	"G"	"C"	"AGTGGGAGTCCAAGTT"	15	0	27	0	15	27	49	3.92156862745098	0.357142857142857	"4_73871236_G_C"
4	73871236	"G"	"C"	"AGTGTCACACTTAACG"	0	0	1	0	0	1	1	0	0	"4_73871236_G_C"
4	73871236	"G"	"C"	"TTTGTCAAGGAATGGA"	0	0	3	0	0	3	3	0	0	"4_73871236_G_C"
4	73871236	"G"	"C"	"TTTGTCATCCGGCACA"	1	0	0	0	1	0	1	0	1	"4_73871236_G_C"
4	73871236	"G"	"C"	"ATCATGGCATATACGC"	4	0	36	0	4	36	49	2	0.1	"4_73871236_G_C"
4	73871236	"G"	"C"	"GGAGCAAGTGCACCAC"	1	0	2	0	1	2	3	0	0.333333333333333	"4_73871236_G_C"
4	73871236	"G"	"C"	"CGATGGCAGCACGCCT"	1	0	10	0	1	10	15	0	0.0909090909090909	"4_73871236_G_C"
4	73871236	"G"	"C"	"ATCTACTGTACTTGAC"	0	0	2	0	0	2	2	0	0	"4_73871236_G_C"
4	73871236	"G"	"C"	"ATCTACTTCTGATACG"	0	0	1	0	0	1	1	0	0	"4_73871236_G_C"
4	73871236	"G"	"C"	"ATGTGTGCACTTCGAA"	0	0	3	0	0	3	8	0	0	"4_73871236_G_C"
4	73871236	"G"	"C"	"GGATTACTCGCGATCG"	1	0	0	0	1	0	1	0	1	"4_73871236_G_C"
4	73871236	"G"	"C"	"ATTATCCTCCATGAGT"	2	0	14	0	2	14	24	7.69230769230769	0.125	"4_73871236_G_C"
4	73871236	"G"	"C"	"ATTCTACGTAATCACC"	0	0	0	0	0	0	1	0	NA	"4_73871236_G_C"
4	73871236	"G"	"C"	"ATTTCTGGTAAGTGTA"	1	0	34	0	1	34	55	8.33333333333333	0.0285714285714286	"4_73871236_G_C"
4	73871236	"G"	"C"	"GCGACCAAGCCCAACC"	1	0	0	0	1	0	1	0	1	"4_73871236_G_C"
4	73871236	"G"	"C"	"CTTACCGAGCCCGAAA"	0	0	0	0	0	0	1	0	NA	"4_73871236_G_C"
4	73871236	"G"	"C"	"CTTAGGAAGAGATGAG"	0	0	2	0	0	2	2	0	0	"4_73871236_G_C"
4	73871236	"G"	"C"	"GAAATGAAGGATGGAA"	19	0	70	0	19	70	126	1.5625	0.213483146067416	"4_73871236_G_C"
4	73871236	"G"	"C"	"GAACATCAGCACAGGT"	2	0	38	0	2	38	53	0	0.05	"4_73871236_G_C"
4	73871236	"G"	"C"	"TTCTCCTTCGCATGGC"	0	0	0	0	0	0	3	0	NA	"4_73871236_G_C"
4	73871236	"G"	"C"	"TTCTTAGCACAAGACG"	0	0	3	0	0	3	5	0	0	"4_73871236_G_C"
4	73871236	"G"	"C"	"CAAGGCCCACACCGAC"	0	0	11	0	0	11	11	0	0	"4_73871236_G_C"
4	73871236	"G"	"C"	"CAAGGCCCAGCTCGCA"	4	0	14	0	4	14	33	2.94117647058824	0.222222222222222	"4_73871236_G_C"
4	73871236	"G"	"C"	"CACACAATCGGAATCT"	0	0	10	0	0	10	18	0	0	"4_73871236_G_C"
4	73871236	"G"	"C"	"TTGACTTTCTACTTAC"	0	0	0	0	0	0	1	0	NA	"4_73871236_G_C"
4	73871236	"G"	"C"	"TAGTGGTGTAAACACA"	0	0	3	0	0	3	7	0	0	"4_73871236_G_C"
4	73871236	"G"	"C"	"TAGTTGGAGTTAGGTA"	0	0	0	0	0	0	1	0	NA	"4_73871236_G_C"
4	73871236	"G"	"C"	"TAGTTGGGTATAAACG"	10	0	41	0	10	41	70	0	0.196078431372549	"4_73871236_G_C"
4	73871236	"G"	"C"	"TATGCCCCAGGAACGT"	0	0	2	0	0	2	2	0	0	"4_73871236_G_C"
4	73871236	"G"	"C"	"CACCAGGGTAGCGTGA"	0	0	1	0	0	1	1	0	0	"4_73871236_G_C"
4	73871236	"G"	"C"	"CACCTTGTCACGCGGT"	0	0	1	0	0	1	1	0	0	"4_73871236_G_C"
4	73871236	"G"	"C"	"AGTAGTCTCGTTACAG"	0	0	2	0	0	2	4	0	0	"4_73871236_G_C"
4	73871236	"G"	"C"	"TTGCCGTTCGCGTTTC"	4	0	18	0	4	18	25	0	0.181818181818182	"4_73871236_G_C"
4	73871236	"G"	"C"	"TTGGCAAAGGGCATGT"	2	0	11	0	2	11	17	0	0.153846153846154	"4_73871236_G_C"
4	73871236	"G"	"C"	"AGTCTTTTCCTCGCAT"	0	0	1	0	0	1	1	0	0	"4_73871236_G_C"
4	73871236	"G"	"C"	"TTTCCTCGTAAACGCG"	1	0	9	0	1	9	12	7.69230769230769	0.1	"4_73871236_G_C"
4	73871236	"G"	"C"	"TTTGGTTAGACTAGAT"	0	0	1	0	0	1	1	0	0	"4_73871236_G_C"
4	73871236	"G"	"C"	"CTACATTTCTACTCAT"	0	0	1	0	0	1	1	0	0	"4_73871236_G_C"
4	73871236	"G"	"C"	"CTACGTCCAAGTCTAC"	0	0	3	0	0	3	5	0	0	"4_73871236_G_C"
4	73871236	"G"	"C"	"CTACGTCCACTCGACG"	0	0	1	0	0	1	1	0	0	"4_73871236_G_C"
4	73871236	"G"	"C"	"ATCCGAATCAGTTTGG"	0	0	4	0	0	4	6	0	0	"4_73871236_G_C"
4	73871236	"G"	"C"	"ATCGAGTCACGTTGGC"	0	0	1	0	0	1	1	0	0	"4_73871236_G_C"
4	73871236	"G"	"C"	"GGATGTTCAGCTATTG"	0	0	1	0	0	1	1	0	0	"4_73871236_G_C"
4	73871236	"G"	"C"	"CTCGAGGTCTGTCCGT"	0	0	1	0	0	1	1	0	0	"4_73871236_G_C"
4	73871236	"G"	"C"	"GGATTACAGTGCGATG"	0	0	1	0	0	1	1	0	0	"4_73871236_G_C"
4	73871236	"G"	"C"	"GGATTACGTCTTGTCC"	0	0	2	0	0	2	2	0	0	"4_73871236_G_C"
4	73871236	"G"	"C"	"CTCTACGCATGAGCGA"	12	0	77	0	12	77	116	4.13223140495868	0.134831460674157	"4_73871236_G_C"
4	73871236	"G"	"C"	"CTCTGGTGTCTGATCA"	0	0	1	0	0	1	2	0	0	"4_73871236_G_C"
4	73871236	"G"	"C"	"CTGATCCCATGGAATA"	5	0	57	0	5	57	91	3.19148936170213	0.0806451612903226	"4_73871236_G_C"
4	73871236	"G"	"C"	"CTGATCCTCGGATGGA"	0	0	3	0	0	3	4	0	0	"4_73871236_G_C"
4	73871236	"G"	"C"	"CTGCCTAGTCAGAAGC"	0	0	0	0	0	0	1	0	NA	"4_73871236_G_C"
4	73871236	"G"	"C"	"CTGCTGTAGGCTATCT"	9	0	67	0	9	67	94	4.08163265306122	0.118421052631579	"4_73871236_G_C"
4	73871236	"G"	"C"	"TTAGTTCTCCGCTGTT"	3	0	38	0	3	38	59	3.27868852459016	0.0731707317073171	"4_73871236_G_C"
4	73871236	"G"	"C"	"CGGACACTCAACGGCC"	1	0	38	0	1	38	62	6.06060606060606	0.0256410256410256	"4_73871236_G_C"
4	73871236	"G"	"C"	"CGGACTGAGTGGAGAA"	0	0	0	0	0	0	1	0	NA	"4_73871236_G_C"
4	73871236	"G"	"C"	"CGGACTGGTCATATCG"	4	0	4	0	4	4	9	0	0.5	"4_73871236_G_C"
4	73871236	"G"	"C"	"TTCTCAAAGGCCATAG"	0	0	0	0	0	0	1	0	NA	"4_73871236_G_C"
4	73871236	"G"	"C"	"TTCTCAACACGTCAGC"	1	0	22	0	1	22	36	10	0.0434782608695652	"4_73871236_G_C"
4	73871236	"G"	"C"	"CAAGAAAGTCTGATCA"	7	0	51	0	7	51	92	4.16666666666667	0.120689655172414	"4_73871236_G_C"
4	73871236	"G"	"C"	"CAAGAAATCAATCACG"	0	0	1	0	0	1	1	0	0	"4_73871236_G_C"
4	73871236	"G"	"C"	"CAAGATCTCTTAACCT"	0	0	13	0	0	13	13	0	0	"4_73871236_G_C"
4	73871236	"G"	"C"	"GGTGAAGGTCATTAGC"	0	0	1	0	0	1	1	0	0	"4_73871236_G_C"
4	73871236	"G"	"C"	"GGTGTTACATAAAGGT"	0	0	1	0	0	1	1	0	0	"4_73871236_G_C"
4	73871236	"G"	"C"	"TTGACTTCAGCTCCGA"	0	0	3	0	0	3	5	0	0	"4_73871236_G_C"
4	73871236	"G"	"C"	"TAGGCATCAATGGAGC"	0	0	7	0	0	7	13	0	0	"4_73871236_G_C"
4	73871236	"G"	"C"	"GTAACTGCAAGCTGTT"	0	0	4	0	0	4	4	0	0	"4_73871236_G_C"
4	73871236	"G"	"C"	"GTAACTGCAAGGTTTC"	1	0	15	0	1	15	28	3.44827586206897	0.0625	"4_73871236_G_C"
4	73871236	"G"	"C"	"TTGCCGTTCCACGCAG"	0	0	1	0	0	1	1	0	0	"4_73871236_G_C"
4	73871236	"G"	"C"	"CACCACTGTGCGAAAC"	0	0	1	0	0	1	1	0	0	"4_73871236_G_C"
4	73871236	"G"	"C"	"CACCAGGAGATCCGAG"	0	0	1	0	0	1	1	0	0	"4_73871236_G_C"
4	73871236	"G"	"C"	"AGGTCCGCATGGATGG"	0	0	2	0	0	2	2	0	0	"4_73871236_G_C"
4	73871236	"G"	"C"	"CGTCTACTCCAGTATG"	0	0	1	0	0	1	1	0	0	"4_73871236_G_C"
4	73871236	"G"	"C"	"CTCGTACTCAACCATG"	0	0	2	0	0	2	5	0	0	"4_73871236_G_C"
4	73871236	"G"	"C"	"GTACTCCGTCCATGAT"	0	0	1	0	0	1	2	0	0	"4_73871236_G_C"
4	73871236	"G"	"C"	"TTGTAGGGTCATGCCG"	0	0	1	0	0	1	1	0	0	"4_73871236_G_C"
4	73871236	"G"	"C"	"TTTACTGAGCTAGTGG"	0	0	1	0	0	1	1	0	0	"4_73871236_G_C"
4	73871236	"G"	"C"	"CTACACCCACCGAATT"	1	0	42	0	1	42	61	1.61290322580645	0.0232558139534884	"4_73871236_G_C"
4	73871236	"G"	"C"	"GTCATTTGTCCGAATT"	0	0	0	0	0	0	1	0	NA	"4_73871236_G_C"
4	73871236	"G"	"C"	"GTCTTCGTCATGTCTT"	0	0	0	0	0	0	1	0	NA	"4_73871236_G_C"
4	73871236	"G"	"C"	"CTAGCCTGTAAGTGGC"	1	0	8	0	1	8	12	0	0.111111111111111	"4_73871236_G_C"
4	73871236	"G"	"C"	"CTAGCCTTCCGAATGT"	0	0	1	0	0	1	2	0	0	"4_73871236_G_C"
4	73871236	"G"	"C"	"CTCGAGGCATGTCTCC"	0	0	58	0	0	58	82	0	0	"4_73871236_G_C"
4	73871236	"G"	"C"	"ATCCGAATCCGCAGTG"	0	0	2	0	0	2	2	0	0	"4_73871236_G_C"
4	73871236	"G"	"C"	"CTCGGAGCAACTGCTA"	0	0	1	0	0	1	1	0	0	"4_73871236_G_C"
4	73871236	"G"	"C"	"GGGTCTGAGGATGTAT"	0	0	0	0	0	0	1	0	NA	"4_73871236_G_C"
4	73871236	"G"	"C"	"GTTAAGCAGGCATGTG"	0	0	2	0	0	2	2	0	0	"4_73871236_G_C"
4	73871236	"G"	"C"	"GTTCTCGAGGAGTCTG"	2	0	4	0	2	4	6	0	0.333333333333333	"4_73871236_G_C"
4	73871236	"G"	"C"	"GTTCTCGAGTGTACCT"	0	0	1	0	0	1	1	0	0	"4_73871236_G_C"
4	73871236	"G"	"C"	"CTGAAACTCTCTTGAT"	0	0	1	0	0	1	1	0	0	"4_73871236_G_C"
4	73871236	"G"	"C"	"GTTTCTATCATAAAGG"	0	0	1	0	0	1	2	0	0	"4_73871236_G_C"
4	73871236	"G"	"C"	"CGGACACAGTGCGTGA"	2	0	4	0	2	4	7	0	0.333333333333333	"4_73871236_G_C"
4	73871236	"G"	"C"	"CTGTGCTGTTAGATGA"	0	0	3	0	0	3	3	0	0	"4_73871236_G_C"
4	73871236	"G"	"C"	"CAACCAAAGACTAGAT"	0	0	1	0	0	1	1	0	0	"4_73871236_G_C"
4	73871236	"G"	"C"	"CAACCTCCATCAGTCA"	0	0	1	0	0	1	1	0	0	"4_73871236_G_C"
4	73871236	"G"	"C"	"CTTAGGACAGTTCATG"	0	0	0	0	0	0	2	0	NA	"4_73871236_G_C"
4	73871236	"G"	"C"	"CTTAGGAGTAAGGATT"	0	0	1	0	0	1	1	0	0	"4_73871236_G_C"
4	73871236	"G"	"C"	"ATCGAGTCACACAGAG"	0	0	1	0	0	1	1	0	0	"4_73871236_G_C"
4	73871236	"G"	"C"	"GGGTCTGGTAGGGTAC"	0	0	3	0	0	3	3	0	0	"4_73871236_G_C"
4	73871236	"G"	"C"	"GGTATTGGTGATAAAC"	0	0	1	0	0	1	1	0	0	"4_73871236_G_C"
4	73871236	"G"	"C"	"TACTTACTCTTCTGGC"	1	0	1	0	1	1	2	0	0.5	"4_73871236_G_C"
4	73871236	"G"	"C"	"TACTTGTCAATCTACG"	0	0	1	0	0	1	1	0	0	"4_73871236_G_C"
4	73871236	"G"	"C"	"TAGACCATCCCTCTTT"	0	0	1	0	0	1	1	0	0	"4_73871236_G_C"
4	73871236	"G"	"C"	"TAGCCGGGTGTTGAGG"	0	0	1	0	0	1	2	0	0	"4_73871236_G_C"
4	73871236	"G"	"C"	"CGGCTAGAGGCGCTCT"	0	0	1	0	0	1	1	0	0	"4_73871236_G_C"
4	73871236	"G"	"C"	"CGGGTCAGTACTTCTT"	0	0	0	0	0	0	1	0	NA	"4_73871236_G_C"
4	73871236	"G"	"C"	"TATCAGGCATGCATGT"	2	0	45	0	2	45	57	3.38983050847458	0.0425531914893617	"4_73871236_G_C"
4	73871236	"G"	"C"	"CGTCACTCAAGGACAC"	0	0	1	0	0	1	2	0	0	"4_73871236_G_C"
4	73871236	"G"	"C"	"GGGCATCTCTTCCTTC"	0	0	1	0	0	1	2	0	0	"4_73871236_G_C"
4	73871236	"G"	"C"	"GTGTTAGCAGCTGTTA"	0	0	4	0	0	4	4	0	0	"4_73871236_G_C"
4	73871236	"G"	"C"	"TACTCATAGTGTTAGA"	2	0	19	0	2	19	27	3.57142857142857	0.0952380952380952	"4_73871236_G_C"
4	73871236	"G"	"C"	"CGTGTAAAGATATGGT"	0	0	2	0	0	2	2	0	0	"4_73871236_G_C"
4	73871236	"G"	"C"	"GTACTCCTCCGAATGT"	3	0	17	0	3	17	28	0	0.15	"4_73871236_G_C"
4	73871236	"G"	"C"	"CGTTGGGGTTCGTCTC"	0	0	4	0	0	4	5	0	0	"4_73871236_G_C"
4	73871236	"G"	"C"	"TTTACTGCACGAAAGC"	0	0	6	0	0	6	8	0	0	"4_73871236_G_C"
4	73871236	"G"	"C"	"CTACACCCACAGCGTC"	0	0	1	0	0	1	1	0	0	"4_73871236_G_C"
4	73871236	"G"	"C"	"GTCACAAGTCATCGGC"	0	0	1	0	0	1	1	0	0	"4_73871236_G_C"
4	73871236	"G"	"C"	"GTGAAGGGTCATCCCT"	7	0	50	0	7	50	72	2.7027027027027	0.12280701754386	"4_73871236_G_C"
4	73871236	"G"	"C"	"GTGCAGCAGGGATACC"	0	0	1	0	0	1	1	0	0	"4_73871236_G_C"
4	73871236	"G"	"C"	"CTAGTGATCAATCACG"	0	0	1	0	0	1	1	0	0	"4_73871236_G_C"
4	73871236	"G"	"C"	"GTGCGGTCATCACGTA"	0	0	4	0	0	4	4	0	0	"4_73871236_G_C"
4	73871236	"G"	"C"	"CTGTGCTGTTCCACGG"	0	0	1	0	0	1	1	0	0	"4_73871236_G_C"
4	73871236	"G"	"C"	"CAACTAGAGTGGGCTA"	1	0	0	0	1	0	1	0	1	"4_73871236_G_C"
4	73871236	"G"	"C"	"GTGCTTCGTCCAAGTT"	1	0	2	0	1	2	4	0	0.333333333333333	"4_73871236_G_C"
4	73871236	"G"	"C"	"TACTCGCTCAAGAAGT"	0	0	5	0	0	5	6	0	0	"4_73871236_G_C"
4	73871236	"G"	"C"	"CTGTGCTAGGCCCGTT"	0	0	1	0	0	1	2	0	0	"4_73871236_G_C"
4	73871236	"G"	"C"	"CGGAGCTCACGGTAAG"	3	0	119	0	3	119	164	1.79640718562874	0.0245901639344262	"4_73871236_G_C"
4	73871236	"G"	"C"	"CGGAGTCCATCCGTGG"	0	0	2	0	0	2	3	0	0	"4_73871236_G_C"
4	73871236	"G"	"C"	"GTTTCTACAGCTGCAC"	0	0	2	0	0	2	3	0	0	"4_73871236_G_C"
4	73871236	"G"	"C"	"GGGCATCTCACGCGGT"	5	0	4	0	5	4	13	0	0.555555555555556	"4_73871236_G_C"
4	73871236	"G"	"C"	"TAAGCGTTCAGAGGTG"	0	0	3	0	0	3	3	0	0	"4_73871236_G_C"
4	73871236	"G"	"C"	"TAAGCGTTCTCTGCTG"	2	0	9	0	2	9	14	6.66666666666667	0.181818181818182	"4_73871236_G_C"
4	73871236	"G"	"C"	"GGGCATCAGATGGGTC"	0	0	3	0	0	3	3	0	0	"4_73871236_G_C"
4	73871236	"G"	"C"	"GTAACGTGTAAGTAGT"	2	0	7	0	2	7	10	0	0.222222222222222	"4_73871236_G_C"
4	73871236	"G"	"C"	"CTCATTAAGGTCGGAT"	3	0	34	0	3	34	46	0	0.0810810810810811	"4_73871236_G_C"
4	73871236	"G"	"C"	"TACCTATAGGTGTGGT"	5	0	37	0	5	37	61	0	0.119047619047619	"4_73871236_G_C"
4	73871236	"G"	"C"	"TAGCCGGGTAGGGTAC"	0	0	1	0	0	1	1	0	0	"4_73871236_G_C"
4	73871236	"G"	"C"	"CGTGTCTGTGCGCTTG"	1	0	4	0	1	4	8	0	0.2	"4_73871236_G_C"
4	73871236	"G"	"C"	"CGTTAGAAGCCCAATT"	0	0	1	0	0	1	1	0	0	"4_73871236_G_C"
4	73871236	"G"	"C"	"GTGCGGTGTGTTGGGA"	4	0	22	0	4	22	36	2.7027027027027	0.153846153846154	"4_73871236_G_C"
4	73871236	"G"	"C"	"GTAGGCCTCACCACCT"	0	0	21	0	0	21	23	4.16666666666667	0	"4_73871236_G_C"
4	73871236	"G"	"C"	"CGTTGGGAGGTGATTA"	0	0	2	0	0	2	2	0	0	"4_73871236_G_C"
4	73871236	"G"	"C"	"CTAACTTAGATGAGAG"	2	0	20	0	2	20	25	0	0.0909090909090909	"4_73871236_G_C"
4	73871236	"G"	"C"	"CTAAGACTCCTAGAAC"	0	0	0	0	0	0	1	0	NA	"4_73871236_G_C"
4	73871236	"G"	"C"	"CAACCTCGTGAGGGAG"	0	0	1	0	0	1	1	0	0	"4_73871236_G_C"
4	73871236	"G"	"C"	"CGTTAGACACCAGATT"	0	0	1	0	0	1	1	0	0	"4_73871236_G_C"
4	73871236	"G"	"C"	"GTGCAGCAGTGGACGT"	0	0	8	0	0	8	11	0	0	"4_73871236_G_C"
4	73871236	"G"	"C"	"TAAGCGTGTACGCTGC"	7	0	31	0	7	31	56	0	0.184210526315789	"4_73871236_G_C"
4	73871236	"G"	"C"	"TACAGTGAGCTGAAAT"	0	0	3	0	0	3	4	0	0	"4_73871236_G_C"
4	73871236	"G"	"C"	"GGTGTTAGTAAATGAC"	1	0	7	0	1	7	10	9.09090909090909	0.125	"4_73871236_G_C"
4	73871236	"G"	"C"	"GTAGGCCCAAGCGCTC"	0	0	1	0	0	1	1	0	0	"4_73871236_G_C"
4	73871236	"G"	"C"	"TACCTTATCTGTCTCG"	0	0	1	0	0	1	1	0	0	"4_73871236_G_C"
7	100963828	"C"	"T"	"CTACCCACAAACCCAT"	0	1	0	0	1	0	1	0	1	"7_100963828_C_T"
7	100963828	"C"	"T"	"GCGCAACGTATAAACG"	0	4	0	1	4	1	5	0	0.8	"7_100963828_C_T"
7	100963828	"C"	"T"	"GAAACTCCACAACTGT"	0	2	0	0	2	0	2	0	1	"7_100963828_C_T"
7	100963828	"C"	"T"	"GCACTCTCATCCTTGC"	0	1	0	0	1	0	1	0	1	"7_100963828_C_T"
7	100963828	"C"	"T"	"GCGCAGTCAGATAATG"	0	2	0	0	2	0	2	0	1	"7_100963828_C_T"
7	100963828	"C"	"T"	"CTGCCTATCGGTCCGA"	0	2	0	0	2	0	2	0	1	"7_100963828_C_T"
7	100963828	"C"	"T"	"CGGAGCTCACGGTAAG"	0	1	0	0	1	0	1	0	1	"7_100963828_C_T"
7	100963828	"C"	"T"	"GCATGATGTTGTACAC"	0	2	0	0	2	0	2	0	1	"7_100963828_C_T"
7	100963828	"C"	"T"	"ATCGAGTCACGTTGGC"	0	1	0	0	1	0	1	0	1	"7_100963828_C_T"
7	100963828	"C"	"T"	"GCAGCCACATTCGACA"	0	2	0	2	2	2	4	0	0.5	"7_100963828_C_T"
7	100963828	"C"	"T"	"GACACGCTCATTTGGG"	0	1	0	0	1	0	1	0	1	"7_100963828_C_T"
7	100963828	"C"	"T"	"AAAGCAAAGTACGCGA"	0	2	0	0	2	0	2	0	1	"7_100963828_C_T"
7	100963828	"C"	"T"	"GCACATATCTCAACTT"	0	1	0	1	1	1	2	0	0.5	"7_100963828_C_T"
7	100963828	"C"	"T"	"AGACGTTGTTCGGCAC"	0	5	0	0	5	0	5	0	1	"7_100963828_C_T"
7	100963828	"C"	"T"	"CGGAGTCCATCCGTGG"	0	1	0	0	1	0	1	0	1	"7_100963828_C_T"
7	100963828	"C"	"T"	"TCATTTGCAAGTAATG"	0	1	1	0	1	1	2	0	0.5	"7_100963828_C_T"
7	100963828	"C"	"T"	"ACATCAGTCAGTTGAC"	0	1	0	0	1	0	1	0	1	"7_100963828_C_T"
7	100963828	"C"	"T"	"ACCCACTAGACTAAGT"	0	2	0	0	2	0	2	0	1	"7_100963828_C_T"
7	100963828	"C"	"T"	"ACGGCCAGTAATCACC"	0	1	0	0	1	0	1	0	1	"7_100963828_C_T"
7	100963828	"C"	"T"	"AGGCCACTCATACGGT"	0	1	0	0	1	0	1	0	1	"7_100963828_C_T"
7	100963828	"C"	"T"	"AGTGGGAGTCCAAGTT"	0	2	0	0	2	0	2	0	1	"7_100963828_C_T"
7	100963828	"C"	"T"	"GCACATAAGTGTTTGC"	0	4	0	0	4	0	4	0	1	"7_100963828_C_T"
7	100963828	"C"	"T"	"GGCAATTGTGTGAATA"	0	3	0	0	3	0	3	0	1	"7_100963828_C_T"
7	100963828	"C"	"T"	"ATAAGAGGTTGTCTTT"	0	2	0	0	2	0	2	0	1	"7_100963828_C_T"
7	100963828	"C"	"T"	"ATCATCTGTGTGACGA"	0	4	0	3	4	3	7	0	0.571428571428571	"7_100963828_C_T"
7	100963828	"C"	"T"	"GACCAATTCTCAAGTG"	0	2	0	0	2	0	2	0	1	"7_100963828_C_T"
7	100963828	"C"	"T"	"GACGCGTTCAGTTAGC"	0	2	0	0	2	0	2	0	1	"7_100963828_C_T"
7	100963828	"C"	"T"	"TCGAGGCAGTTTGCGT"	0	5	0	0	5	0	5	0	1	"7_100963828_C_T"
7	100963828	"C"	"T"	"GACAGAGCACATAACC"	0	1	0	0	1	0	1	0	1	"7_100963828_C_T"
7	100963828	"C"	"T"	"GTTTCTACAGCTGCAC"	0	3	0	0	3	0	3	0	1	"7_100963828_C_T"
7	100963828	"C"	"T"	"TAGGCATAGCCACTAT"	0	1	0	0	1	0	1	0	1	"7_100963828_C_T"
7	100963828	"C"	"T"	"ATCATGGCATATACGC"	0	1	0	0	1	0	1	0	1	"7_100963828_C_T"
7	100963828	"C"	"T"	"TAGTGGTGTAAACACA"	0	0	1	0	0	1	1	0	0	"7_100963828_C_T"
7	100963828	"C"	"T"	"CAAGATCTCTTAACCT"	0	2	0	0	2	0	2	0	1	"7_100963828_C_T"
7	100963828	"C"	"T"	"GCTCTGTGTCACACGC"	0	1	0	0	1	0	1	0	1	"7_100963828_C_T"
7	100963828	"C"	"T"	"GCTTCCACACTAAGTC"	0	1	0	1	1	1	2	0	0.5	"7_100963828_C_T"
7	100963828	"C"	"T"	"CAACCTCGTATAATGG"	0	0	0	1	0	1	1	0	0	"7_100963828_C_T"
7	100963828	"C"	"T"	"ACTGCTCTCTTCAACT"	0	1	0	1	1	1	2	0	0.5	"7_100963828_C_T"
7	100963828	"C"	"T"	"ACTGCTCTCTTCGGTC"	0	1	0	0	1	0	1	0	1	"7_100963828_C_T"
7	100963828	"C"	"T"	"TGCGGGTTCAGCTTAG"	0	0	0	1	0	1	1	0	0	"7_100963828_C_T"
7	100963828	"C"	"T"	"TGCGTGGTCATGGTCA"	0	2	0	1	2	1	3	0	0.666666666666667	"7_100963828_C_T"
7	100963828	"C"	"T"	"TGGACGCTCTTGCCGT"	0	0	0	1	0	1	1	0	0	"7_100963828_C_T"
7	100963828	"C"	"T"	"TTCTCAATCGTAGGTT"	0	1	0	0	1	0	1	0	1	"7_100963828_C_T"
7	100963828	"C"	"T"	"TTGCCGTTCGCGTTTC"	0	1	0	0	1	0	1	0	1	"7_100963828_C_T"
7	100963828	"C"	"T"	"TTTCCTCGTAGTACCT"	0	1	0	0	1	0	1	0	1	"7_100963828_C_T"
7	100963828	"C"	"T"	"TCATTACGTTAAGAAC"	0	0	0	1	0	1	1	0	0	"7_100963828_C_T"
7	100963828	"C"	"T"	"CCATTCGGTATAGGGC"	0	1	0	1	1	1	2	0	0.5	"7_100963828_C_T"
7	100963828	"C"	"T"	"ACTATCTAGACAGGCT"	0	1	0	0	1	0	1	0	1	"7_100963828_C_T"
7	100963828	"C"	"T"	"ACTGAGTCAACTGCGC"	0	3	0	2	3	2	5	0	0.6	"7_100963828_C_T"
7	100963828	"C"	"T"	"GCAATCATCCAGTATG"	0	1	0	0	1	0	1	0	1	"7_100963828_C_T"
7	100963828	"C"	"T"	"GGAAAGCCAGCTCGCA"	0	2	0	0	2	0	2	0	1	"7_100963828_C_T"
7	100963828	"C"	"T"	"GGAATAAGTTAAAGTG"	0	3	0	0	3	0	3	0	1	"7_100963828_C_T"
7	100963828	"C"	"T"	"CAGAGAGCACATTTCT"	0	1	0	0	1	0	1	0	1	"7_100963828_C_T"
7	100963828	"C"	"T"	"GGCGTGTGTGTATGGG"	0	1	0	0	1	0	1	0	1	"7_100963828_C_T"
7	100963828	"C"	"T"	"CAGGTGCAGGGTCGAT"	0	1	0	0	1	0	1	0	1	"7_100963828_C_T"
7	100963828	"C"	"T"	"CCCAGTTGTCATCCCT"	0	1	0	0	1	0	1	0	1	"7_100963828_C_T"
7	100963828	"C"	"T"	"CCGTGGAGTAAACCTC"	0	1	0	3	1	3	4	0	0.25	"7_100963828_C_T"
7	100963828	"C"	"T"	"ACTGAGTGTTACCAGT"	0	1	0	0	1	0	1	0	1	"7_100963828_C_T"
7	100963828	"C"	"T"	"GTGCAGCAGGCTACGA"	0	0	0	2	0	2	2	0	0	"7_100963828_C_T"
7	100963828	"C"	"T"	"GTGCATAAGAATGTGT"	0	1	0	0	1	0	1	0	1	"7_100963828_C_T"
7	100963828	"C"	"T"	"TGAGAGGAGCTGAACG"	0	1	0	0	1	0	1	0	1	"7_100963828_C_T"
7	100963828	"C"	"T"	"CACACCTAGACGACGT"	0	2	0	0	2	0	2	0	1	"7_100963828_C_T"
7	100963828	"C"	"T"	"TGAAAGAAGCGCCTCA"	0	3	0	0	3	0	3	0	1	"7_100963828_C_T"
7	100963828	"C"	"T"	"GGGATGAAGCTCCTCT"	0	3	0	0	3	0	3	0	1	"7_100963828_C_T"
7	100963828	"C"	"T"	"CACTCCACACGACGAA"	0	1	0	0	1	0	1	0	1	"7_100963828_C_T"
7	100963828	"C"	"T"	"TCTCATAAGCCGATTT"	0	1	0	0	1	0	1	0	1	"7_100963828_C_T"
7	100963828	"C"	"T"	"TGACGGCTCTCTGCTG"	0	0	0	3	0	3	3	0	0	"7_100963828_C_T"
7	100963828	"C"	"T"	"CCTACCATCATCTGCC"	0	1	0	0	1	0	1	0	1	"7_100963828_C_T"
7	100963828	"C"	"T"	"GGTGCGTAGCGTGTCC"	0	1	0	0	1	0	1	0	1	"7_100963828_C_T"
7	100963828	"C"	"T"	"CGACCTTGTTCCACAA"	0	2	0	0	2	0	2	0	1	"7_100963828_C_T"
7	100963828	"C"	"T"	"CCTTACGTCACGACTA"	0	2	0	3	2	3	5	0	0.4	"7_100963828_C_T"
7	100963828	"C"	"T"	"GTCCTCAGTATAGGTA"	0	2	0	0	2	0	2	0	1	"7_100963828_C_T"
7	100963828	"C"	"T"	"GGGTTGCTCGTACGGC"	0	1	0	0	1	0	1	0	1	"7_100963828_C_T"
7	100963828	"C"	"T"	"CCTTACGAGGCGTACA"	0	2	0	0	2	0	2	0	1	"7_100963828_C_T"
7	100963828	"C"	"T"	"GGTGAAGCAATCTACG"	0	1	0	0	1	0	1	0	1	"7_100963828_C_T"
7	100963828	"C"	"T"	"CCTACCATCGGTGTCG"	0	1	0	0	1	0	1	0	1	"7_100963828_C_T"
